"trueDelta"	"eCrit_upper"	"eCrit_lower"	"n_max"	"n_stop"	"n_fix"	"n_reps"	"walk_profile"	"profile_pct"	"n"	"count_at_n"	"log_q25"	"log_median"	"log_q75"	"p_optstop_h1"	"p_fixed_h1"	"diff"	"crossover"
0	2.5	0.9	8	3	8	20000	"OptStop H0, n8 H0"	0.53245	2	10649	-0.796714565570018	-0.600940523950232	-0.258083952321606	0.0423	0.09525	0.05295	TRUE
0	2.5	0.9	8	3	8	20000	"OptStop H0, n8 H0"	0.53245	3	10649	-1.05787313837638	-0.750905272718319	-0.388041917771942	0.0423	0.09525	0.05295	TRUE
0	2.5	0.9	8	3	8	20000	"OptStop H0, n8 H0"	0.53245	4	10649	-1.28037272881295	-0.90048100552477	-0.462473296472138	0.0423	0.09525	0.05295	TRUE
0	2.5	0.9	8	3	8	20000	"OptStop H0, n8 H0"	0.53245	5	10649	-1.47332993412056	-1.03700875292235	-0.531548302075012	0.0423	0.09525	0.05295	TRUE
0	2.5	0.9	8	3	8	20000	"OptStop H0, n8 H0"	0.53245	6	10649	-1.6677063297198	-1.15911775470012	-0.621271937382408	0.0423	0.09525	0.05295	TRUE
0	2.5	0.9	8	3	8	20000	"OptStop H0, n8 H0"	0.53245	7	10649	-1.8529633106757	-1.28041901108908	-0.72773303544306	0.0423	0.09525	0.05295	TRUE
0	2.5	0.9	8	3	8	20000	"OptStop H0, n8 H0"	0.53245	8	10649	-2.00303600714588	-1.40499520422997	-0.81157972973014	0.0423	0.09525	0.05295	TRUE
0	2.5	0.9	8	3	8	20000	"OptStop H0, n8 indecisive"	0.10045	2	2009	-0.691392462003546	-0.39531165331299	-0.128274688032212	0.0423	0.09525	0.05295	TRUE
0	2.5	0.9	8	3	8	20000	"OptStop H0, n8 indecisive"	0.10045	3	2009	-0.679737263380478	-0.354149816007216	-0.0960916625083516	0.0423	0.09525	0.05295	TRUE
0	2.5	0.9	8	3	8	20000	"OptStop H0, n8 indecisive"	0.10045	4	2009	-0.581017590243459	-0.173422733501643	0.158033225474708	0.0423	0.09525	0.05295	TRUE
0	2.5	0.9	8	3	8	20000	"OptStop H0, n8 indecisive"	0.10045	5	2009	-0.470847898605998	-0.079746477527419	0.309343333392532	0.0423	0.09525	0.05295	TRUE
0	2.5	0.9	8	3	8	20000	"OptStop H0, n8 indecisive"	0.10045	6	2009	-0.295545597526875	0.0459365903703576	0.395773444853921	0.0423	0.09525	0.05295	TRUE
0	2.5	0.9	8	3	8	20000	"OptStop H0, n8 indecisive"	0.10045	7	2009	-0.129703556303137	0.172264244947178	0.478079096136816	0.0423	0.09525	0.05295	TRUE
0	2.5	0.9	8	3	8	20000	"OptStop H0, n8 indecisive"	0.10045	8	2009	0.0722783370424912	0.275048089318788	0.542408206841186	0.0423	0.09525	0.05295	TRUE
0	2.5	0.9	8	3	8	20000	"OptStop indecisive, n8 H0"	0.14105	2	2821	0.166688735290519	0.392002633903194	0.566035080491434	0.0423	0.09525	0.05295	TRUE
0	2.5	0.9	8	3	8	20000	"OptStop indecisive, n8 H0"	0.14105	3	2821	0.156602730947217	0.411988321007215	0.629641485737382	0.0423	0.09525	0.05295	TRUE
0	2.5	0.9	8	3	8	20000	"OptStop indecisive, n8 H0"	0.14105	4	2821	-0.307707550041921	0.134859539852889	0.561235595878467	0.0423	0.09525	0.05295	TRUE
0	2.5	0.9	8	3	8	20000	"OptStop indecisive, n8 H0"	0.14105	5	2821	-0.605357932902036	-0.164152098166875	0.326633183130783	0.0423	0.09525	0.05295	TRUE
0	2.5	0.9	8	3	8	20000	"OptStop indecisive, n8 H0"	0.14105	6	2821	-0.869874086811405	-0.41707704668361	0.0530689948418487	0.0423	0.09525	0.05295	TRUE
0	2.5	0.9	8	3	8	20000	"OptStop indecisive, n8 H0"	0.14105	7	2821	-1.10011322893522	-0.658132574979465	-0.247169283427776	0.0423	0.09525	0.05295	TRUE
0	2.5	0.9	8	3	8	20000	"OptStop indecisive, n8 H0"	0.14105	8	2821	-1.30533271086471	-0.825439784213497	-0.463976492353215	0.0423	0.09525	0.05295	TRUE
0	2.5	0.9	8	3	8	20000	"OptStop indecisive, n8 H1"	0.0602	2	1204	0.283109171708183	0.465587510599151	0.587987944058962	0.0423	0.09525	0.05295	TRUE
0	2.5	0.9	8	3	8	20000	"OptStop indecisive, n8 H1"	0.0602	3	1204	0.414348145476205	0.616804008047049	0.782438526557246	0.0423	0.09525	0.05295	TRUE
0	2.5	0.9	8	3	8	20000	"OptStop indecisive, n8 H1"	0.0602	4	1204	0.498145388942823	0.783465560837599	1.00678018947245	0.0423	0.09525	0.05295	TRUE
0	2.5	0.9	8	3	8	20000	"OptStop indecisive, n8 H1"	0.0602	5	1204	0.624752797470147	0.919973328001801	1.19677525595726	0.0423	0.09525	0.05295	TRUE
0	2.5	0.9	8	3	8	20000	"OptStop indecisive, n8 H1"	0.0602	6	1204	0.750204353703089	1.06908067987619	1.35757292911701	0.0423	0.09525	0.05295	TRUE
0	2.5	0.9	8	3	8	20000	"OptStop indecisive, n8 H1"	0.0602	7	1204	0.932849713257774	1.20856101232067	1.5114843152336	0.0423	0.09525	0.05295	TRUE
0	2.5	0.9	8	3	8	20000	"OptStop indecisive, n8 H1"	0.0602	8	1204	1.11629031173391	1.35532564978921	1.63482138546013	0.0423	0.09525	0.05295	TRUE
0	2.5	0.9	8	3	8	20000	"OptStop indecisive, n8 indecisive"	0.1037	2	2074	0.211766283214887	0.425393288043425	0.572776731422211	0.0423	0.09525	0.05295	TRUE
0	2.5	0.9	8	3	8	20000	"OptStop indecisive, n8 indecisive"	0.1037	3	2074	0.255787245631781	0.501770644529707	0.705727735001002	0.0423	0.09525	0.05295	TRUE
0	2.5	0.9	8	3	8	20000	"OptStop indecisive, n8 indecisive"	0.1037	4	2074	0.147423847873054	0.514005489144368	0.810627394506228	0.0423	0.09525	0.05295	TRUE
0	2.5	0.9	8	3	8	20000	"OptStop indecisive, n8 indecisive"	0.1037	5	2074	0.106597075439827	0.491207133367866	0.858822275361468	0.0423	0.09525	0.05295	TRUE
0	2.5	0.9	8	3	8	20000	"OptStop indecisive, n8 indecisive"	0.1037	6	2074	0.0671383978431393	0.435568667314605	0.831445250270345	0.0423	0.09525	0.05295	TRUE
0	2.5	0.9	8	3	8	20000	"OptStop indecisive, n8 indecisive"	0.1037	7	2074	0.0631199781821029	0.39187769502631	0.733647834956949	0.0423	0.09525	0.05295	TRUE
0	2.5	0.9	8	3	8	20000	"OptStop indecisive, n8 indecisive"	0.1037	8	2074	0.132279150497022	0.373347276933918	0.62717527483211	0.0423	0.09525	0.05295	TRUE
0	2.5	0.9	8	3	8	20000	"OptStop H1, n8 H1"	0.0152	2	304	0.613201720063611	0.636423807732881	0.652029772431855	0.0423	0.09525	0.05295	TRUE
0	2.5	0.9	8	3	8	20000	"OptStop H1, n8 H1"	0.0152	3	304	0.947328660429845	0.977979121792895	1.0050560715786	0.0423	0.09525	0.05295	TRUE
0	2.5	0.9	8	3	8	20000	"OptStop H1, n8 H1"	0.0152	4	304	0.983746528208788	1.20904981862658	1.30335458159083	0.0423	0.09525	0.05295	TRUE
0	2.5	0.9	8	3	8	20000	"OptStop H1, n8 H1"	0.0152	5	304	0.983853913200201	1.27510480020289	1.50035266890129	0.0423	0.09525	0.05295	TRUE
0	2.5	0.9	8	3	8	20000	"OptStop H1, n8 H1"	0.0152	6	304	0.990810388841456	1.37888042921399	1.62879592260447	0.0423	0.09525	0.05295	TRUE
0	2.5	0.9	8	3	8	20000	"OptStop H1, n8 H1"	0.0152	7	304	1.09883884772194	1.43037503668353	1.79614093659812	0.0423	0.09525	0.05295	TRUE
0	2.5	0.9	8	3	8	20000	"OptStop H1, n8 H1"	0.0152	8	304	1.19667257342248	1.5138043808348	1.97711421617784	0.0423	0.09525	0.05295	TRUE
0	2.5	0.9	8	3	8	20000	"OptStop H1, n8 indecisive"	0.0149	2	298	0.605687728856803	0.631203218569495	0.649493331230324	0.0423	0.09525	0.05295	TRUE
0	2.5	0.9	8	3	8	20000	"OptStop H1, n8 indecisive"	0.0149	3	298	0.943140893058502	0.968933599392419	0.997227777984788	0.0423	0.09525	0.05295	TRUE
0	2.5	0.9	8	3	8	20000	"OptStop H1, n8 indecisive"	0.0149	4	298	0.567206554471717	1.03387411431778	1.28006876804017	0.0423	0.09525	0.05295	TRUE
0	2.5	0.9	8	3	8	20000	"OptStop H1, n8 indecisive"	0.0149	5	298	0.354269628231707	0.803053870729308	1.24443227029298	0.0423	0.09525	0.05295	TRUE
0	2.5	0.9	8	3	8	20000	"OptStop H1, n8 indecisive"	0.0149	6	298	0.192203306577574	0.604732118630802	1.06040189932878	0.0423	0.09525	0.05295	TRUE
0	2.5	0.9	8	3	8	20000	"OptStop H1, n8 indecisive"	0.0149	7	298	0.127584261863626	0.450235596472061	0.82814606213091	0.0423	0.09525	0.05295	TRUE
0	2.5	0.9	8	3	8	20000	"OptStop H1, n8 indecisive"	0.0149	8	298	0.151647838159977	0.430872552955632	0.709007975585372	0.0423	0.09525	0.05295	TRUE
0	2.5	0.9	8	3	8	20000	"OptStop H0, n8 H1"	0.01985	2	397	-0.669821529864217	-0.345380116005545	-0.154689756441962	0.0423	0.09525	0.05295	TRUE
0	2.5	0.9	8	3	8	20000	"OptStop H0, n8 H1"	0.01985	3	397	-0.375282818455502	-0.0989581194222872	0.188946526254112	0.0423	0.09525	0.05295	TRUE
0	2.5	0.9	8	3	8	20000	"OptStop H0, n8 H1"	0.01985	4	397	-0.0969124376053298	0.214654764001946	0.45695631727859	0.0423	0.09525	0.05295	TRUE
0	2.5	0.9	8	3	8	20000	"OptStop H0, n8 H1"	0.01985	5	397	0.17448592901301	0.48179302129304	0.74151934981417	0.0423	0.09525	0.05295	TRUE
0	2.5	0.9	8	3	8	20000	"OptStop H0, n8 H1"	0.01985	6	397	0.461155517263776	0.738436350556063	0.984973754688159	0.0423	0.09525	0.05295	TRUE
0	2.5	0.9	8	3	8	20000	"OptStop H0, n8 H1"	0.01985	7	397	0.730316604548988	0.925564743428318	1.18834506065317	0.0423	0.09525	0.05295	TRUE
0	2.5	0.9	8	3	8	20000	"OptStop H0, n8 H1"	0.01985	8	397	1.01679277243822	1.16795621577546	1.3358885657355	0.0423	0.09525	0.05295	TRUE
0	2.5	0.9	8	3	8	20000	"OptStop H1, n8 H0"	0.0122	2	244	0.611708736588941	0.636160112001269	0.651362244807704	0.0423	0.09525	0.05295	TRUE
0	2.5	0.9	8	3	8	20000	"OptStop H1, n8 H0"	0.0122	3	244	0.950761397296776	0.978538684845525	1.00707583982125	0.0423	0.09525	0.05295	TRUE
0	2.5	0.9	8	3	8	20000	"OptStop H1, n8 H0"	0.0122	4	244	0.0780118374023236	0.742189296467501	1.15140880775536	0.0423	0.09525	0.05295	TRUE
0	2.5	0.9	8	3	8	20000	"OptStop H1, n8 H0"	0.0122	5	244	-0.3542700923833	0.151636922333593	0.72213572825678	0.0423	0.09525	0.05295	TRUE
0	2.5	0.9	8	3	8	20000	"OptStop H1, n8 H0"	0.0122	6	244	-0.686057205421853	-0.137611124713111	0.401417120357435	0.0423	0.09525	0.05295	TRUE
0	2.5	0.9	8	3	8	20000	"OptStop H1, n8 H0"	0.0122	7	244	-0.937749687170535	-0.527696539240204	-0.00687934098032215	0.0423	0.09525	0.05295	TRUE
0	2.5	0.9	8	3	8	20000	"OptStop H1, n8 H0"	0.0122	8	244	-1.23433041865944	-0.721794596188088	-0.345607158721997	0.0423	0.09525	0.05295	TRUE
0.05	2.5	0.9	8	3	8	20000	"OptStop H0, n8 H0"	0.4913	2	9826	-0.793145411846074	-0.578855465406309	-0.238815835831374	0.0441	0.1177	0.0736	TRUE
0.05	2.5	0.9	8	3	8	20000	"OptStop H0, n8 H0"	0.4913	3	9826	-1.03251173272232	-0.720085255090643	-0.370967803499589	0.0441	0.1177	0.0736	TRUE
0.05	2.5	0.9	8	3	8	20000	"OptStop H0, n8 H0"	0.4913	4	9826	-1.2427691938561	-0.883625010578866	-0.456908107956092	0.0441	0.1177	0.0736	TRUE
0.05	2.5	0.9	8	3	8	20000	"OptStop H0, n8 H0"	0.4913	5	9826	-1.4442356730849	-1.00275243852522	-0.527777227541329	0.0441	0.1177	0.0736	TRUE
0.05	2.5	0.9	8	3	8	20000	"OptStop H0, n8 H0"	0.4913	6	9826	-1.61030478707477	-1.11080768849391	-0.602266094283314	0.0441	0.1177	0.0736	TRUE
0.05	2.5	0.9	8	3	8	20000	"OptStop H0, n8 H0"	0.4913	7	9826	-1.76840211507868	-1.22208772762624	-0.694215899472889	0.0441	0.1177	0.0736	TRUE
0.05	2.5	0.9	8	3	8	20000	"OptStop H0, n8 H0"	0.4913	8	9826	-1.92591503213038	-1.321467991548	-0.763836834798076	0.0441	0.1177	0.0736	TRUE
0.05	2.5	0.9	8	3	8	20000	"OptStop indecisive, n8 H0"	0.14015	2	2803	0.177839846639869	0.407954679495856	0.571036678266053	0.0441	0.1177	0.0736	TRUE
0.05	2.5	0.9	8	3	8	20000	"OptStop indecisive, n8 H0"	0.14015	3	2803	0.149989387467622	0.425746252959321	0.653289006796298	0.0441	0.1177	0.0736	TRUE
0.05	2.5	0.9	8	3	8	20000	"OptStop indecisive, n8 H0"	0.14015	4	2803	-0.282438189899935	0.144021175688411	0.581288141979889	0.0441	0.1177	0.0736	TRUE
0.05	2.5	0.9	8	3	8	20000	"OptStop indecisive, n8 H0"	0.14015	5	2803	-0.602109394228057	-0.152253633222478	0.318958467547579	0.0441	0.1177	0.0736	TRUE
0.05	2.5	0.9	8	3	8	20000	"OptStop indecisive, n8 H0"	0.14015	6	2803	-0.884276756252344	-0.407994328565861	0.0496807742011703	0.0441	0.1177	0.0736	TRUE
0.05	2.5	0.9	8	3	8	20000	"OptStop indecisive, n8 H0"	0.14015	7	2803	-1.1068024545086	-0.656122825447333	-0.22589359319616	0.0441	0.1177	0.0736	TRUE
0.05	2.5	0.9	8	3	8	20000	"OptStop indecisive, n8 H0"	0.14015	8	2803	-1.29549447472014	-0.836436898664399	-0.441536434825384	0.0441	0.1177	0.0736	TRUE
0.05	2.5	0.9	8	3	8	20000	"OptStop indecisive, n8 H1"	0.0779	2	1558	0.277678635983683	0.469618594885213	0.589459136538103	0.0441	0.1177	0.0736	TRUE
0.05	2.5	0.9	8	3	8	20000	"OptStop indecisive, n8 H1"	0.0779	3	1558	0.410253691822124	0.622762582446916	0.776596013535913	0.0441	0.1177	0.0736	TRUE
0.05	2.5	0.9	8	3	8	20000	"OptStop indecisive, n8 H1"	0.0779	4	1558	0.502538787395945	0.790583616294125	0.993605082044737	0.0441	0.1177	0.0736	TRUE
0.05	2.5	0.9	8	3	8	20000	"OptStop indecisive, n8 H1"	0.0779	5	1558	0.636606185721936	0.932782370567244	1.21224455184318	0.0441	0.1177	0.0736	TRUE
0.05	2.5	0.9	8	3	8	20000	"OptStop indecisive, n8 H1"	0.0779	6	1558	0.815828719260922	1.11322424997863	1.38840040356082	0.0441	0.1177	0.0736	TRUE
0.05	2.5	0.9	8	3	8	20000	"OptStop indecisive, n8 H1"	0.0779	7	1558	0.969058053699266	1.25125799283639	1.56664549586568	0.0441	0.1177	0.0736	TRUE
0.05	2.5	0.9	8	3	8	20000	"OptStop indecisive, n8 H1"	0.0779	8	1558	1.11575249034441	1.35125780140381	1.68720388706103	0.0441	0.1177	0.0736	TRUE
0.05	2.5	0.9	8	3	8	20000	"OptStop indecisive, n8 indecisive"	0.1144	2	2288	0.221660790049643	0.426260045799275	0.57363353648236	0.0441	0.1177	0.0736	TRUE
0.05	2.5	0.9	8	3	8	20000	"OptStop indecisive, n8 indecisive"	0.1144	3	2288	0.24743356915489	0.500724739100194	0.696974628855605	0.0441	0.1177	0.0736	TRUE
0.05	2.5	0.9	8	3	8	20000	"OptStop indecisive, n8 indecisive"	0.1144	4	2288	0.154098138534627	0.496097421633898	0.809394949184612	0.0441	0.1177	0.0736	TRUE
0.05	2.5	0.9	8	3	8	20000	"OptStop indecisive, n8 indecisive"	0.1144	5	2288	0.0568537400392534	0.450443377650604	0.819611491015577	0.0441	0.1177	0.0736	TRUE
0.05	2.5	0.9	8	3	8	20000	"OptStop indecisive, n8 indecisive"	0.1144	6	2288	0.0281244344545658	0.39431955926463	0.781351759568417	0.0441	0.1177	0.0736	TRUE
0.05	2.5	0.9	8	3	8	20000	"OptStop indecisive, n8 indecisive"	0.1144	7	2288	0.0794750231042557	0.386121008547142	0.715383035903419	0.0441	0.1177	0.0736	TRUE
0.05	2.5	0.9	8	3	8	20000	"OptStop indecisive, n8 indecisive"	0.1144	8	2288	0.148378999362953	0.390944592516187	0.642654664530566	0.0441	0.1177	0.0736	TRUE
0.05	2.5	0.9	8	3	8	20000	"OptStop H0, n8 indecisive"	0.1088	2	2176	-0.704111841572369	-0.421448319313497	-0.137645457935457	0.0441	0.1177	0.0736	TRUE
0.05	2.5	0.9	8	3	8	20000	"OptStop H0, n8 indecisive"	0.1088	3	2176	-0.687874292171116	-0.342780918339327	-0.107956092704873	0.0441	0.1177	0.0736	TRUE
0.05	2.5	0.9	8	3	8	20000	"OptStop H0, n8 indecisive"	0.1088	4	2176	-0.596756184349031	-0.205229513736223	0.144290387642791	0.0441	0.1177	0.0736	TRUE
0.05	2.5	0.9	8	3	8	20000	"OptStop H0, n8 indecisive"	0.1088	5	2176	-0.448154603850695	-0.0713468244127332	0.272411243667077	0.0441	0.1177	0.0736	TRUE
0.05	2.5	0.9	8	3	8	20000	"OptStop H0, n8 indecisive"	0.1088	6	2176	-0.317944217058909	0.0356070974065601	0.366325183684963	0.0441	0.1177	0.0736	TRUE
0.05	2.5	0.9	8	3	8	20000	"OptStop H0, n8 indecisive"	0.1088	7	2176	-0.14376986435765	0.168810775677724	0.456528664737294	0.0441	0.1177	0.0736	TRUE
0.05	2.5	0.9	8	3	8	20000	"OptStop H0, n8 indecisive"	0.1088	8	2176	0.0770992740833917	0.277639393035564	0.55017187803197	0.0441	0.1177	0.0736	TRUE
0.05	2.5	0.9	8	3	8	20000	"OptStop H1, n8 indecisive"	0.0148	2	296	0.610975565846306	0.638292085806131	0.651193526390003	0.0441	0.1177	0.0736	TRUE
0.05	2.5	0.9	8	3	8	20000	"OptStop H1, n8 indecisive"	0.0148	3	296	0.946639992834767	0.978342461316649	1.01320824500081	0.0441	0.1177	0.0736	TRUE
0.05	2.5	0.9	8	3	8	20000	"OptStop H1, n8 indecisive"	0.0148	4	296	0.551784162009084	1.01309880233313	1.25737077775821	0.0441	0.1177	0.0736	TRUE
0.05	2.5	0.9	8	3	8	20000	"OptStop H1, n8 indecisive"	0.0148	5	296	0.381932912357212	0.803657131138469	1.28987664946539	0.0441	0.1177	0.0736	TRUE
0.05	2.5	0.9	8	3	8	20000	"OptStop H1, n8 indecisive"	0.0148	6	296	0.231896901546937	0.606444784599398	1.10735306931494	0.0441	0.1177	0.0736	TRUE
0.05	2.5	0.9	8	3	8	20000	"OptStop H1, n8 indecisive"	0.0148	7	296	0.163226319299652	0.479706940646364	0.893036075629026	0.0441	0.1177	0.0736	TRUE
0.05	2.5	0.9	8	3	8	20000	"OptStop H1, n8 indecisive"	0.0148	8	296	0.167814948987879	0.43124955284489	0.647716029433405	0.0441	0.1177	0.0736	TRUE
0.05	2.5	0.9	8	3	8	20000	"OptStop H1, n8 H0"	0.01285	2	257	0.607176215661113	0.63435387997866	0.651563325610522	0.0441	0.1177	0.0736	TRUE
0.05	2.5	0.9	8	3	8	20000	"OptStop H1, n8 H0"	0.01285	3	257	0.940686271953824	0.965917155052585	1.00181500624163	0.0441	0.1177	0.0736	TRUE
0.05	2.5	0.9	8	3	8	20000	"OptStop H1, n8 H0"	0.01285	4	257	0.126582993404813	0.64042422475295	1.0772519024082	0.0441	0.1177	0.0736	TRUE
0.05	2.5	0.9	8	3	8	20000	"OptStop H1, n8 H0"	0.01285	5	257	-0.333940100422632	0.190468919108455	0.675753367207586	0.0441	0.1177	0.0736	TRUE
0.05	2.5	0.9	8	3	8	20000	"OptStop H1, n8 H0"	0.01285	6	257	-0.600420234292548	-0.170723236564854	0.293196995454459	0.0441	0.1177	0.0736	TRUE
0.05	2.5	0.9	8	3	8	20000	"OptStop H1, n8 H0"	0.01285	7	257	-0.868377221727986	-0.424943034814299	-0.0135764417274183	0.0441	0.1177	0.0736	TRUE
0.05	2.5	0.9	8	3	8	20000	"OptStop H1, n8 H0"	0.01285	8	257	-1.07168448487267	-0.642382260005695	-0.306686897000565	0.0441	0.1177	0.0736	TRUE
0.05	2.5	0.9	8	3	8	20000	"OptStop H0, n8 H1"	0.02335	2	467	-0.620075194245342	-0.342699768281666	-0.130064698304859	0.0441	0.1177	0.0736	TRUE
0.05	2.5	0.9	8	3	8	20000	"OptStop H0, n8 H1"	0.02335	3	467	-0.349536155751496	-0.124346917990316	0.136378173495832	0.0441	0.1177	0.0736	TRUE
0.05	2.5	0.9	8	3	8	20000	"OptStop H0, n8 H1"	0.02335	4	467	-0.0936633987583561	0.20609561724251	0.428806611418454	0.0441	0.1177	0.0736	TRUE
0.05	2.5	0.9	8	3	8	20000	"OptStop H0, n8 H1"	0.02335	5	467	0.218555272280291	0.50490904777553	0.719467173370414	0.0441	0.1177	0.0736	TRUE
0.05	2.5	0.9	8	3	8	20000	"OptStop H0, n8 H1"	0.02335	6	467	0.507354520516595	0.738792383209254	0.985904909747082	0.0441	0.1177	0.0736	TRUE
0.05	2.5	0.9	8	3	8	20000	"OptStop H0, n8 H1"	0.02335	7	467	0.752127418343649	0.987843603098736	1.22052197937933	0.0441	0.1177	0.0736	TRUE
0.05	2.5	0.9	8	3	8	20000	"OptStop H0, n8 H1"	0.02335	8	467	1.04169556081024	1.18842091256614	1.41159630749636	0.0441	0.1177	0.0736	TRUE
0.05	2.5	0.9	8	3	8	20000	"OptStop H1, n8 H1"	0.01645	2	329	0.612778540940109	0.639309830410914	0.651256745988215	0.0441	0.1177	0.0736	TRUE
0.05	2.5	0.9	8	3	8	20000	"OptStop H1, n8 H1"	0.01645	3	329	0.948792440852985	0.980768536714169	1.00755276582131	0.0441	0.1177	0.0736	TRUE
0.05	2.5	0.9	8	3	8	20000	"OptStop H1, n8 H1"	0.01645	4	329	0.999679556439623	1.21972979755167	1.31224880534026	0.0441	0.1177	0.0736	TRUE
0.05	2.5	0.9	8	3	8	20000	"OptStop H1, n8 H1"	0.01645	5	329	1.05194167819596	1.33779555817191	1.57055615648904	0.0441	0.1177	0.0736	TRUE
0.05	2.5	0.9	8	3	8	20000	"OptStop H1, n8 H1"	0.01645	6	329	1.07680402722277	1.42197510848284	1.71774900191202	0.0441	0.1177	0.0736	TRUE
0.05	2.5	0.9	8	3	8	20000	"OptStop H1, n8 H1"	0.01645	7	329	1.14045927938136	1.54602132564978	1.81685076820793	0.0441	0.1177	0.0736	TRUE
0.05	2.5	0.9	8	3	8	20000	"OptStop H1, n8 H1"	0.01645	8	329	1.21837643197488	1.52613225369538	1.92554014943627	0.0441	0.1177	0.0736	TRUE
0.1	2.5	0.9	8	3	8	20000	"OptStop H0, n8 H0"	0.4611	2	9222	-0.790601308923104	-0.585148191094621	-0.235601801067309	0.05145	0.13665	0.0852	TRUE
0.1	2.5	0.9	8	3	8	20000	"OptStop H0, n8 H0"	0.4611	3	9222	-1.04002834094987	-0.724966879409512	-0.360433966966037	0.05145	0.13665	0.0852	TRUE
0.1	2.5	0.9	8	3	8	20000	"OptStop H0, n8 H0"	0.4611	4	9222	-1.2501009424956	-0.869711106946425	-0.431555214449112	0.05145	0.13665	0.0852	TRUE
0.1	2.5	0.9	8	3	8	20000	"OptStop H0, n8 H0"	0.4611	5	9222	-1.43884999209221	-0.982117166951567	-0.495703367987561	0.05145	0.13665	0.0852	TRUE
0.1	2.5	0.9	8	3	8	20000	"OptStop H0, n8 H0"	0.4611	6	9222	-1.61320507589402	-1.08885611953435	-0.573957933364659	0.05145	0.13665	0.0852	TRUE
0.1	2.5	0.9	8	3	8	20000	"OptStop H0, n8 H0"	0.4611	7	9222	-1.74453846000512	-1.18347754902487	-0.653843567138196	0.05145	0.13665	0.0852	TRUE
0.1	2.5	0.9	8	3	8	20000	"OptStop H0, n8 H0"	0.4611	8	9222	-1.90639750070587	-1.26736703941116	-0.708769442776054	0.05145	0.13665	0.0852	TRUE
0.1	2.5	0.9	8	3	8	20000	"OptStop H0, n8 indecisive"	0.1181	2	2362	-0.695100256474019	-0.427896442092599	-0.136866737647034	0.05145	0.13665	0.0852	TRUE
0.1	2.5	0.9	8	3	8	20000	"OptStop H0, n8 indecisive"	0.1181	3	2362	-0.704198136635734	-0.360116759017186	-0.110199234545631	0.05145	0.13665	0.0852	TRUE
0.1	2.5	0.9	8	3	8	20000	"OptStop H0, n8 indecisive"	0.1181	4	2362	-0.627854955860065	-0.230573912831213	0.107072510221335	0.05145	0.13665	0.0852	TRUE
0.1	2.5	0.9	8	3	8	20000	"OptStop H0, n8 indecisive"	0.1181	5	2362	-0.466800245291525	-0.0926774091139329	0.254956441573303	0.05145	0.13665	0.0852	TRUE
0.1	2.5	0.9	8	3	8	20000	"OptStop H0, n8 indecisive"	0.1181	6	2362	-0.30021480408368	0.0492665992703219	0.363995077559279	0.05145	0.13665	0.0852	TRUE
0.1	2.5	0.9	8	3	8	20000	"OptStop H0, n8 indecisive"	0.1181	7	2362	-0.130467909993261	0.1818600091542	0.459148806255773	0.05145	0.13665	0.0852	TRUE
0.1	2.5	0.9	8	3	8	20000	"OptStop H0, n8 indecisive"	0.1181	8	2362	0.0702982745821194	0.28854098359602	0.546903890845099	0.05145	0.13665	0.0852	TRUE
0.1	2.5	0.9	8	3	8	20000	"OptStop indecisive, n8 H1"	0.08695	2	1739	0.286998698965194	0.471751959259138	0.587567714255697	0.05145	0.13665	0.0852	TRUE
0.1	2.5	0.9	8	3	8	20000	"OptStop indecisive, n8 H1"	0.08695	3	1739	0.426438390406457	0.629527486124575	0.770125879927495	0.05145	0.13665	0.0852	TRUE
0.1	2.5	0.9	8	3	8	20000	"OptStop indecisive, n8 H1"	0.08695	4	1739	0.525982203450321	0.791605029264374	0.997438844429806	0.05145	0.13665	0.0852	TRUE
0.1	2.5	0.9	8	3	8	20000	"OptStop indecisive, n8 H1"	0.08695	5	1739	0.644002011008984	0.942721766454621	1.20102220722458	0.05145	0.13665	0.0852	TRUE
0.1	2.5	0.9	8	3	8	20000	"OptStop indecisive, n8 H1"	0.08695	6	1739	0.786363665261718	1.09907394854942	1.37777314403465	0.05145	0.13665	0.0852	TRUE
0.1	2.5	0.9	8	3	8	20000	"OptStop indecisive, n8 H1"	0.08695	7	1739	0.955730459589092	1.23913836996755	1.54463090641486	0.05145	0.13665	0.0852	TRUE
0.1	2.5	0.9	8	3	8	20000	"OptStop indecisive, n8 H1"	0.08695	8	1739	1.12993968961167	1.36293329292871	1.65127713979932	0.05145	0.13665	0.0852	TRUE
0.1	2.5	0.9	8	3	8	20000	"OptStop indecisive, n8 indecisive"	0.12395	2	2479	0.204603760656728	0.427829441401593	0.576594206998706	0.05145	0.13665	0.0852	TRUE
0.1	2.5	0.9	8	3	8	20000	"OptStop indecisive, n8 indecisive"	0.12395	3	2479	0.258263014336728	0.491098699965961	0.698451339060468	0.05145	0.13665	0.0852	TRUE
0.1	2.5	0.9	8	3	8	20000	"OptStop indecisive, n8 indecisive"	0.12395	4	2479	0.144377761102389	0.499429151976808	0.801750071890785	0.05145	0.13665	0.0852	TRUE
0.1	2.5	0.9	8	3	8	20000	"OptStop indecisive, n8 indecisive"	0.12395	5	2479	0.0338512147418943	0.44861338778746	0.82995418026166	0.05145	0.13665	0.0852	TRUE
0.1	2.5	0.9	8	3	8	20000	"OptStop indecisive, n8 indecisive"	0.12395	6	2479	0.038304663697306	0.419177104598501	0.799841344744273	0.05145	0.13665	0.0852	TRUE
0.1	2.5	0.9	8	3	8	20000	"OptStop indecisive, n8 indecisive"	0.12395	7	2479	0.0858139515467741	0.390141884466763	0.708362276307966	0.05145	0.13665	0.0852	TRUE
0.1	2.5	0.9	8	3	8	20000	"OptStop indecisive, n8 indecisive"	0.12395	8	2479	0.146624491895981	0.391899804310178	0.634798442193621	0.05145	0.13665	0.0852	TRUE
0.1	2.5	0.9	8	3	8	20000	"OptStop indecisive, n8 H0"	0.1319	2	2638	0.1906794909916	0.401816798291767	0.560896660617477	0.05145	0.13665	0.0852	TRUE
0.1	2.5	0.9	8	3	8	20000	"OptStop indecisive, n8 H0"	0.1319	3	2638	0.147982521398696	0.412967978962956	0.642357851607971	0.05145	0.13665	0.0852	TRUE
0.1	2.5	0.9	8	3	8	20000	"OptStop indecisive, n8 H0"	0.1319	4	2638	-0.271881880575982	0.171038535577204	0.592123357393806	0.05145	0.13665	0.0852	TRUE
0.1	2.5	0.9	8	3	8	20000	"OptStop indecisive, n8 H0"	0.1319	5	2638	-0.579125354636188	-0.122421014756512	0.364856778899325	0.05145	0.13665	0.0852	TRUE
0.1	2.5	0.9	8	3	8	20000	"OptStop indecisive, n8 H0"	0.1319	6	2638	-0.83305268243496	-0.369398757672627	0.0801792636209041	0.05145	0.13665	0.0852	TRUE
0.1	2.5	0.9	8	3	8	20000	"OptStop indecisive, n8 H0"	0.1319	7	2638	-1.04628505082627	-0.588179618515371	-0.191659422436067	0.05145	0.13665	0.0852	TRUE
0.1	2.5	0.9	8	3	8	20000	"OptStop indecisive, n8 H0"	0.1319	8	2638	-1.2020950354241	-0.740574058760754	-0.379403859838546	0.05145	0.13665	0.0852	TRUE
0.1	2.5	0.9	8	3	8	20000	"OptStop H1, n8 H1"	0.02315	2	463	0.609416205866779	0.637231330522208	0.650210612044082	0.05145	0.13665	0.0852	TRUE
0.1	2.5	0.9	8	3	8	20000	"OptStop H1, n8 H1"	0.02315	3	463	0.948216551367559	0.980743673835881	1.00836251076975	0.05145	0.13665	0.0852	TRUE
0.1	2.5	0.9	8	3	8	20000	"OptStop H1, n8 H1"	0.02315	4	463	0.998326189095039	1.21509292127646	1.31577809385344	0.05145	0.13665	0.0852	TRUE
0.1	2.5	0.9	8	3	8	20000	"OptStop H1, n8 H1"	0.02315	5	463	1.04555299309056	1.34151089209712	1.54174805187736	0.05145	0.13665	0.0852	TRUE
0.1	2.5	0.9	8	3	8	20000	"OptStop H1, n8 H1"	0.02315	6	463	1.06365570014586	1.45668805410782	1.72111532279094	0.05145	0.13665	0.0852	TRUE
0.1	2.5	0.9	8	3	8	20000	"OptStop H1, n8 H1"	0.02315	7	463	1.14099234544888	1.53875346299269	1.8741241347716	0.05145	0.13665	0.0852	TRUE
0.1	2.5	0.9	8	3	8	20000	"OptStop H1, n8 H1"	0.02315	8	463	1.20702075825277	1.5652047771038	1.9446477196158	0.05145	0.13665	0.0852	TRUE
0.1	2.5	0.9	8	3	8	20000	"OptStop H0, n8 H1"	0.02655	2	531	-0.600414904654277	-0.323009475619776	-0.136494993759881	0.05145	0.13665	0.0852	TRUE
0.1	2.5	0.9	8	3	8	20000	"OptStop H0, n8 H1"	0.02655	3	531	-0.443233672982897	-0.173100251048854	0.130084575277121	0.05145	0.13665	0.0852	TRUE
0.1	2.5	0.9	8	3	8	20000	"OptStop H0, n8 H1"	0.02655	4	531	-0.108898121019662	0.174719939824181	0.464210730026949	0.05145	0.13665	0.0852	TRUE
0.1	2.5	0.9	8	3	8	20000	"OptStop H0, n8 H1"	0.02655	5	531	0.187280729614662	0.440222558353086	0.699154549322085	0.05145	0.13665	0.0852	TRUE
0.1	2.5	0.9	8	3	8	20000	"OptStop H0, n8 H1"	0.02655	6	531	0.4665411539087	0.701280754502783	0.954415229357855	0.05145	0.13665	0.0852	TRUE
0.1	2.5	0.9	8	3	8	20000	"OptStop H0, n8 H1"	0.02655	7	531	0.723589246196078	0.943703455813485	1.19714977506906	0.05145	0.13665	0.0852	TRUE
0.1	2.5	0.9	8	3	8	20000	"OptStop H0, n8 H1"	0.02655	8	531	1.02524863469392	1.18036124662884	1.38468223409996	0.05145	0.13665	0.0852	TRUE
0.1	2.5	0.9	8	3	8	20000	"OptStop H1, n8 indecisive"	0.01675	2	335	0.607729129787723	0.635789729591718	0.650917370681956	0.05145	0.13665	0.0852	TRUE
0.1	2.5	0.9	8	3	8	20000	"OptStop H1, n8 indecisive"	0.01675	3	335	0.948850660373343	0.980217225308211	1.00754175819581	0.05145	0.13665	0.0852	TRUE
0.1	2.5	0.9	8	3	8	20000	"OptStop H1, n8 indecisive"	0.01675	4	335	0.720143390847503	1.13579074784716	1.2894241637996	0.05145	0.13665	0.0852	TRUE
0.1	2.5	0.9	8	3	8	20000	"OptStop H1, n8 indecisive"	0.01675	5	335	0.430711580289623	0.880931010468772	1.34069252493663	0.05145	0.13665	0.0852	TRUE
0.1	2.5	0.9	8	3	8	20000	"OptStop H1, n8 indecisive"	0.01675	6	335	0.225416336505283	0.690060709189375	1.17093403534786	0.05145	0.13665	0.0852	TRUE
0.1	2.5	0.9	8	3	8	20000	"OptStop H1, n8 indecisive"	0.01675	7	335	0.203572121896266	0.528541875564067	0.876140027162056	0.05145	0.13665	0.0852	TRUE
0.1	2.5	0.9	8	3	8	20000	"OptStop H1, n8 indecisive"	0.01675	8	335	0.201102147831273	0.451222650205619	0.690396309835922	0.05145	0.13665	0.0852	TRUE
0.1	2.5	0.9	8	3	8	20000	"OptStop H1, n8 H0"	0.01155	2	231	0.605579512626135	0.635476962462834	0.649384639447053	0.05145	0.13665	0.0852	TRUE
0.1	2.5	0.9	8	3	8	20000	"OptStop H1, n8 H0"	0.01155	3	231	0.948785454096293	0.980119342045559	1.00545457168301	0.05145	0.13665	0.0852	TRUE
0.1	2.5	0.9	8	3	8	20000	"OptStop H1, n8 H0"	0.01155	4	231	0.0914854456601969	0.709137701052479	1.1513796192112	0.05145	0.13665	0.0852	TRUE
0.1	2.5	0.9	8	3	8	20000	"OptStop H1, n8 H0"	0.01155	5	231	-0.376135069127279	0.237476501134766	0.754555086996517	0.05145	0.13665	0.0852	TRUE
0.1	2.5	0.9	8	3	8	20000	"OptStop H1, n8 H0"	0.01155	6	231	-0.643225951656649	-0.107805947837098	0.395346350047458	0.05145	0.13665	0.0852	TRUE
0.1	2.5	0.9	8	3	8	20000	"OptStop H1, n8 H0"	0.01155	7	231	-0.857726470213712	-0.454292566892939	-0.0302085482760108	0.05145	0.13665	0.0852	TRUE
0.1	2.5	0.9	8	3	8	20000	"OptStop H1, n8 H0"	0.01155	8	231	-1.0386888263778	-0.67378407638234	-0.35735534160461	0.05145	0.13665	0.0852	TRUE
0.15	2.5	0.9	8	3	8	20000	"OptStop H0, n8 H0"	0.42605	2	8521	-0.785800303475074	-0.576462478785566	-0.243925040655416	0.05485	0.15945	0.1046	TRUE
0.15	2.5	0.9	8	3	8	20000	"OptStop H0, n8 H0"	0.42605	3	8521	-1.02074155012002	-0.711960518786904	-0.351388756427309	0.05485	0.15945	0.1046	TRUE
0.15	2.5	0.9	8	3	8	20000	"OptStop H0, n8 H0"	0.42605	4	8521	-1.22295812816039	-0.823897215292109	-0.402364016190912	0.05485	0.15945	0.1046	TRUE
0.15	2.5	0.9	8	3	8	20000	"OptStop H0, n8 H0"	0.42605	5	8521	-1.40550436643706	-0.954561876549012	-0.473599681686311	0.05485	0.15945	0.1046	TRUE
0.15	2.5	0.9	8	3	8	20000	"OptStop H0, n8 H0"	0.42605	6	8521	-1.55395322767286	-1.0518446241302	-0.543804987836512	0.05485	0.15945	0.1046	TRUE
0.15	2.5	0.9	8	3	8	20000	"OptStop H0, n8 H0"	0.42605	7	8521	-1.68711207735618	-1.13671206671314	-0.613215859630991	0.05485	0.15945	0.1046	TRUE
0.15	2.5	0.9	8	3	8	20000	"OptStop H0, n8 H0"	0.42605	8	8521	-1.79962065346352	-1.18657501288859	-0.670614257184766	0.05485	0.15945	0.1046	TRUE
0.15	2.5	0.9	8	3	8	20000	"OptStop indecisive, n8 H1"	0.1027	2	2054	0.273377467091838	0.472489520712609	0.590863787433137	0.05485	0.15945	0.1046	TRUE
0.15	2.5	0.9	8	3	8	20000	"OptStop indecisive, n8 H1"	0.1027	3	2054	0.422841908469709	0.630039860908023	0.783630662091837	0.05485	0.15945	0.1046	TRUE
0.15	2.5	0.9	8	3	8	20000	"OptStop indecisive, n8 H1"	0.1027	4	2054	0.544621029682058	0.804061789825193	1.01585140946853	0.05485	0.15945	0.1046	TRUE
0.15	2.5	0.9	8	3	8	20000	"OptStop indecisive, n8 H1"	0.1027	5	2054	0.659413188885354	0.965251717301996	1.22677484724624	0.05485	0.15945	0.1046	TRUE
0.15	2.5	0.9	8	3	8	20000	"OptStop indecisive, n8 H1"	0.1027	6	2054	0.800714840531926	1.10784511193879	1.38718506667918	0.05485	0.15945	0.1046	TRUE
0.15	2.5	0.9	8	3	8	20000	"OptStop indecisive, n8 H1"	0.1027	7	2054	0.96457620014391	1.26207373483673	1.55642390743114	0.05485	0.15945	0.1046	TRUE
0.15	2.5	0.9	8	3	8	20000	"OptStop indecisive, n8 H1"	0.1027	8	2054	1.13750944346117	1.3858890649591	1.70754436933472	0.05485	0.15945	0.1046	TRUE
0.15	2.5	0.9	8	3	8	20000	"OptStop H1, n8 indecisive"	0.0181	2	362	0.612129659578021	0.639319386817887	0.652265595556579	0.05485	0.15945	0.1046	TRUE
0.15	2.5	0.9	8	3	8	20000	"OptStop H1, n8 indecisive"	0.0181	3	362	0.944086331190492	0.979691110750588	1.01267025500954	0.05485	0.15945	0.1046	TRUE
0.15	2.5	0.9	8	3	8	20000	"OptStop H1, n8 indecisive"	0.0181	4	362	0.67255948499967	1.03492004123993	1.28341365380414	0.05485	0.15945	0.1046	TRUE
0.15	2.5	0.9	8	3	8	20000	"OptStop H1, n8 indecisive"	0.0181	5	362	0.454555607502439	0.903199835744045	1.27565801189728	0.05485	0.15945	0.1046	TRUE
0.15	2.5	0.9	8	3	8	20000	"OptStop H1, n8 indecisive"	0.0181	6	362	0.26564843585328	0.690814831739817	1.1206804614062	0.05485	0.15945	0.1046	TRUE
0.15	2.5	0.9	8	3	8	20000	"OptStop H1, n8 indecisive"	0.0181	7	362	0.220594846909085	0.518299263481276	0.933073714137104	0.05485	0.15945	0.1046	TRUE
0.15	2.5	0.9	8	3	8	20000	"OptStop H1, n8 indecisive"	0.0181	8	362	0.188588110411054	0.471984539859761	0.70527998530931	0.05485	0.15945	0.1046	TRUE
0.15	2.5	0.9	8	3	8	20000	"OptStop H0, n8 H1"	0.03135	2	627	-0.643204414403634	-0.338927826333683	-0.139134526573767	0.05485	0.15945	0.1046	TRUE
0.15	2.5	0.9	8	3	8	20000	"OptStop H0, n8 H1"	0.03135	3	627	-0.382142387756065	-0.136399829649347	0.145236063705048	0.05485	0.15945	0.1046	TRUE
0.15	2.5	0.9	8	3	8	20000	"OptStop H0, n8 H1"	0.03135	4	627	-0.0529649214813785	0.223576370968155	0.459822378509127	0.05485	0.15945	0.1046	TRUE
0.15	2.5	0.9	8	3	8	20000	"OptStop H0, n8 H1"	0.03135	5	627	0.152023232695916	0.477227351923967	0.731998668428356	0.05485	0.15945	0.1046	TRUE
0.15	2.5	0.9	8	3	8	20000	"OptStop H0, n8 H1"	0.03135	6	627	0.431220020499342	0.702150246326994	0.983271339091313	0.05485	0.15945	0.1046	TRUE
0.15	2.5	0.9	8	3	8	20000	"OptStop H0, n8 H1"	0.03135	7	627	0.718977856300549	0.932404270845105	1.194081095586	0.05485	0.15945	0.1046	TRUE
0.15	2.5	0.9	8	3	8	20000	"OptStop H0, n8 H1"	0.03135	8	627	1.03403761198829	1.17660928080278	1.42008640316818	0.05485	0.15945	0.1046	TRUE
0.15	2.5	0.9	8	3	8	20000	"OptStop indecisive, n8 indecisive"	0.12865	2	2573	0.210220100133458	0.43257129156148	0.580773746257863	0.05485	0.15945	0.1046	TRUE
0.15	2.5	0.9	8	3	8	20000	"OptStop indecisive, n8 indecisive"	0.12865	3	2573	0.268792949041979	0.504748333523249	0.705640013717628	0.05485	0.15945	0.1046	TRUE
0.15	2.5	0.9	8	3	8	20000	"OptStop indecisive, n8 indecisive"	0.12865	4	2573	0.143550297140637	0.515142965117895	0.822505841435309	0.05485	0.15945	0.1046	TRUE
0.15	2.5	0.9	8	3	8	20000	"OptStop indecisive, n8 indecisive"	0.12865	5	2573	0.0855313967241429	0.465840677435487	0.814104357841461	0.05485	0.15945	0.1046	TRUE
0.15	2.5	0.9	8	3	8	20000	"OptStop indecisive, n8 indecisive"	0.12865	6	2573	0.0645739821940527	0.419758078340314	0.793289905257629	0.05485	0.15945	0.1046	TRUE
0.15	2.5	0.9	8	3	8	20000	"OptStop indecisive, n8 indecisive"	0.12865	7	2573	0.0930232997233881	0.389722758559308	0.696311655443416	0.05485	0.15945	0.1046	TRUE
0.15	2.5	0.9	8	3	8	20000	"OptStop indecisive, n8 indecisive"	0.12865	8	2573	0.160042809872294	0.413221958588798	0.660545539032621	0.05485	0.15945	0.1046	TRUE
0.15	2.5	0.9	8	3	8	20000	"OptStop indecisive, n8 H0"	0.13055	2	2611	0.182253654684241	0.401453348551963	0.569820609042251	0.05485	0.15945	0.1046	TRUE
0.15	2.5	0.9	8	3	8	20000	"OptStop indecisive, n8 H0"	0.13055	3	2611	0.160254001523559	0.408536577506105	0.636922082732009	0.05485	0.15945	0.1046	TRUE
0.15	2.5	0.9	8	3	8	20000	"OptStop indecisive, n8 H0"	0.13055	4	2611	-0.256598142856882	0.159673807008124	0.59245333344538	0.05485	0.15945	0.1046	TRUE
0.15	2.5	0.9	8	3	8	20000	"OptStop indecisive, n8 H0"	0.13055	5	2611	-0.571251960829306	-0.138066533111474	0.346363771971821	0.05485	0.15945	0.1046	TRUE
0.15	2.5	0.9	8	3	8	20000	"OptStop indecisive, n8 H0"	0.13055	6	2611	-0.813433478650609	-0.368964985674832	0.0834703106608207	0.05485	0.15945	0.1046	TRUE
0.15	2.5	0.9	8	3	8	20000	"OptStop indecisive, n8 H0"	0.13055	7	2611	-1.00912149956967	-0.582902243341257	-0.173457851342168	0.05485	0.15945	0.1046	TRUE
0.15	2.5	0.9	8	3	8	20000	"OptStop indecisive, n8 H0"	0.13055	8	2611	-1.16988779254548	-0.738603777383419	-0.390557447768046	0.05485	0.15945	0.1046	TRUE
0.15	2.5	0.9	8	3	8	20000	"OptStop H0, n8 indecisive"	0.12585	2	2517	-0.697353357186042	-0.38846375978894	-0.130536931373266	0.05485	0.15945	0.1046	TRUE
0.15	2.5	0.9	8	3	8	20000	"OptStop H0, n8 indecisive"	0.12585	3	2517	-0.690950341853729	-0.343971355800784	-0.0941813674476345	0.05485	0.15945	0.1046	TRUE
0.15	2.5	0.9	8	3	8	20000	"OptStop H0, n8 indecisive"	0.12585	4	2517	-0.606328406776334	-0.192033948715364	0.142879725805091	0.05485	0.15945	0.1046	TRUE
0.15	2.5	0.9	8	3	8	20000	"OptStop H0, n8 indecisive"	0.12585	5	2517	-0.451731817213349	-0.0463012330199408	0.301761066588805	0.05485	0.15945	0.1046	TRUE
0.15	2.5	0.9	8	3	8	20000	"OptStop H0, n8 indecisive"	0.12585	6	2517	-0.29366983886678	0.0683562578437653	0.390357551413908	0.05485	0.15945	0.1046	TRUE
0.15	2.5	0.9	8	3	8	20000	"OptStop H0, n8 indecisive"	0.12585	7	2517	-0.0885785040689711	0.188418490995309	0.473153427883141	0.05485	0.15945	0.1046	TRUE
0.15	2.5	0.9	8	3	8	20000	"OptStop H0, n8 indecisive"	0.12585	8	2517	0.0969026705850632	0.326622602405723	0.568991215779851	0.05485	0.15945	0.1046	TRUE
0.15	2.5	0.9	8	3	8	20000	"OptStop H1, n8 H1"	0.0254	2	508	0.610849882267818	0.637271571402458	0.651068644007898	0.05485	0.15945	0.1046	TRUE
0.15	2.5	0.9	8	3	8	20000	"OptStop H1, n8 H1"	0.0254	3	508	0.948997418192252	0.979174161007819	1.00525577255847	0.05485	0.15945	0.1046	TRUE
0.15	2.5	0.9	8	3	8	20000	"OptStop H1, n8 H1"	0.0254	4	508	1.00659477908225	1.22492334088318	1.31593009369499	0.05485	0.15945	0.1046	TRUE
0.15	2.5	0.9	8	3	8	20000	"OptStop H1, n8 H1"	0.0254	5	508	0.993061821413709	1.33793283276487	1.54534649545234	0.05485	0.15945	0.1046	TRUE
0.15	2.5	0.9	8	3	8	20000	"OptStop H1, n8 H1"	0.0254	6	508	1.06167845825986	1.39943315661963	1.70844964791612	0.05485	0.15945	0.1046	TRUE
0.15	2.5	0.9	8	3	8	20000	"OptStop H1, n8 H1"	0.0254	7	508	1.14409224681645	1.51706983876984	1.8661314389243	0.05485	0.15945	0.1046	TRUE
0.15	2.5	0.9	8	3	8	20000	"OptStop H1, n8 H1"	0.0254	8	508	1.25365014505016	1.59253720073177	1.95929644703165	0.05485	0.15945	0.1046	TRUE
0.15	2.5	0.9	8	3	8	20000	"OptStop H1, n8 H0"	0.01135	2	227	0.609023703046382	0.631259272184331	0.648863633832272	0.05485	0.15945	0.1046	TRUE
0.15	2.5	0.9	8	3	8	20000	"OptStop H1, n8 H0"	0.01135	3	227	0.944890190837207	0.970825914486414	1.00122496960508	0.05485	0.15945	0.1046	TRUE
0.15	2.5	0.9	8	3	8	20000	"OptStop H1, n8 H0"	0.01135	4	227	0.159437854523037	0.709276057838614	1.18220873008574	0.05485	0.15945	0.1046	TRUE
0.15	2.5	0.9	8	3	8	20000	"OptStop H1, n8 H0"	0.01135	5	227	-0.30070441672728	0.2235008164966	0.876340127391488	0.05485	0.15945	0.1046	TRUE
0.15	2.5	0.9	8	3	8	20000	"OptStop H1, n8 H0"	0.01135	6	227	-0.612327736420464	-0.105008297300441	0.530752960340499	0.05485	0.15945	0.1046	TRUE
0.15	2.5	0.9	8	3	8	20000	"OptStop H1, n8 H0"	0.01135	7	227	-0.889723565029424	-0.468090966755687	-0.0305275322032915	0.05485	0.15945	0.1046	TRUE
0.15	2.5	0.9	8	3	8	20000	"OptStop H1, n8 H0"	0.01135	8	227	-0.933610440813211	-0.643373366815323	-0.380954965027429	0.05485	0.15945	0.1046	TRUE
0.2	2.5	0.9	8	3	8	20000	"OptStop H0, n8 indecisive"	0.13	2	2600	-0.6993510311833	-0.407019893585485	-0.126555656096872	0.05995	0.1818	0.12185	TRUE
0.2	2.5	0.9	8	3	8	20000	"OptStop H0, n8 indecisive"	0.13	3	2600	-0.687261339417265	-0.356522557718194	-0.11219941193968	0.05995	0.1818	0.12185	TRUE
0.2	2.5	0.9	8	3	8	20000	"OptStop H0, n8 indecisive"	0.13	4	2600	-0.602524890279317	-0.209604117224356	0.142057168475284	0.05995	0.1818	0.12185	TRUE
0.2	2.5	0.9	8	3	8	20000	"OptStop H0, n8 indecisive"	0.13	5	2600	-0.479419460481299	-0.0731983073460312	0.274243055944336	0.05995	0.1818	0.12185	TRUE
0.2	2.5	0.9	8	3	8	20000	"OptStop H0, n8 indecisive"	0.13	6	2600	-0.294632058479076	0.0550718956951376	0.389914284366379	0.05995	0.1818	0.12185	TRUE
0.2	2.5	0.9	8	3	8	20000	"OptStop H0, n8 indecisive"	0.13	7	2600	-0.118439602169559	0.197437887769346	0.476184350614846	0.05995	0.1818	0.12185	TRUE
0.2	2.5	0.9	8	3	8	20000	"OptStop H0, n8 indecisive"	0.13	8	2600	0.0854225809762413	0.31635748869574	0.575562301815071	0.05995	0.1818	0.12185	TRUE
0.2	2.5	0.9	8	3	8	20000	"OptStop H0, n8 H0"	0.39525	2	7905	-0.786088026754172	-0.556860185808621	-0.211598894112305	0.05995	0.1818	0.12185	TRUE
0.2	2.5	0.9	8	3	8	20000	"OptStop H0, n8 H0"	0.39525	3	7905	-1.0105504439853	-0.690710410582637	-0.334492074686179	0.05995	0.1818	0.12185	TRUE
0.2	2.5	0.9	8	3	8	20000	"OptStop H0, n8 H0"	0.39525	4	7905	-1.20292296834576	-0.810864150620112	-0.375468752271188	0.05995	0.1818	0.12185	TRUE
0.2	2.5	0.9	8	3	8	20000	"OptStop H0, n8 H0"	0.39525	5	7905	-1.37032407864852	-0.905770682090992	-0.430993408507346	0.05995	0.1818	0.12185	TRUE
0.2	2.5	0.9	8	3	8	20000	"OptStop H0, n8 H0"	0.39525	6	7905	-1.52877516993194	-1.00943432963336	-0.483269868023921	0.05995	0.1818	0.12185	TRUE
0.2	2.5	0.9	8	3	8	20000	"OptStop H0, n8 H0"	0.39525	7	7905	-1.64642660253466	-1.07805587217395	-0.574815425285148	0.05995	0.1818	0.12185	TRUE
0.2	2.5	0.9	8	3	8	20000	"OptStop H0, n8 H0"	0.39525	8	7905	-1.76165459841692	-1.14907380279741	-0.62136526381366	0.05995	0.1818	0.12185	TRUE
0.2	2.5	0.9	8	3	8	20000	"OptStop indecisive, n8 H1"	0.11645	2	2329	0.294270853059317	0.464447830319038	0.586902725387513	0.05995	0.1818	0.12185	TRUE
0.2	2.5	0.9	8	3	8	20000	"OptStop indecisive, n8 H1"	0.11645	3	2329	0.429616142382475	0.629106018361394	0.772823568223308	0.05995	0.1818	0.12185	TRUE
0.2	2.5	0.9	8	3	8	20000	"OptStop indecisive, n8 H1"	0.11645	4	2329	0.54205869496042	0.811274663238288	1.02421189869667	0.05995	0.1818	0.12185	TRUE
0.2	2.5	0.9	8	3	8	20000	"OptStop indecisive, n8 H1"	0.11645	5	2329	0.68570435501111	0.967017272336202	1.23363045763238	0.05995	0.1818	0.12185	TRUE
0.2	2.5	0.9	8	3	8	20000	"OptStop indecisive, n8 H1"	0.11645	6	2329	0.815843604975597	1.13089970182649	1.41430532785142	0.05995	0.1818	0.12185	TRUE
0.2	2.5	0.9	8	3	8	20000	"OptStop indecisive, n8 H1"	0.11645	7	2329	0.961378795693722	1.26730330174159	1.58287123115922	0.05995	0.1818	0.12185	TRUE
0.2	2.5	0.9	8	3	8	20000	"OptStop indecisive, n8 H1"	0.11645	8	2329	1.13889274338814	1.39618154542892	1.72600199691179	0.05995	0.1818	0.12185	TRUE
0.2	2.5	0.9	8	3	8	20000	"OptStop indecisive, n8 H0"	0.12645	2	2529	0.195545369221331	0.417415763776455	0.567653943233128	0.05995	0.1818	0.12185	TRUE
0.2	2.5	0.9	8	3	8	20000	"OptStop indecisive, n8 H0"	0.12645	3	2529	0.157746662004924	0.420678513498952	0.644708653787119	0.05995	0.1818	0.12185	TRUE
0.2	2.5	0.9	8	3	8	20000	"OptStop indecisive, n8 H0"	0.12645	4	2529	-0.262443477111768	0.135686688655014	0.578482546296466	0.05995	0.1818	0.12185	TRUE
0.2	2.5	0.9	8	3	8	20000	"OptStop indecisive, n8 H0"	0.12645	5	2529	-0.554601747121931	-0.120978677306437	0.340394087336432	0.05995	0.1818	0.12185	TRUE
0.2	2.5	0.9	8	3	8	20000	"OptStop indecisive, n8 H0"	0.12645	6	2529	-0.778613296768587	-0.372748412007413	0.0977110853146367	0.05995	0.1818	0.12185	TRUE
0.2	2.5	0.9	8	3	8	20000	"OptStop indecisive, n8 H0"	0.12645	7	2529	-1.00313283691749	-0.546541479354424	-0.164638677721919	0.05995	0.1818	0.12185	TRUE
0.2	2.5	0.9	8	3	8	20000	"OptStop indecisive, n8 H0"	0.12645	8	2529	-1.15872299596427	-0.700579680585966	-0.373949087586586	0.05995	0.1818	0.12185	TRUE
0.2	2.5	0.9	8	3	8	20000	"OptStop H1, n8 indecisive"	0.01855	2	371	0.602984316668197	0.634089659879996	0.650480728072976	0.05995	0.1818	0.12185	TRUE
0.2	2.5	0.9	8	3	8	20000	"OptStop H1, n8 indecisive"	0.01855	3	371	0.939660830986237	0.970582811379577	1.00305086920579	0.05995	0.1818	0.12185	TRUE
0.2	2.5	0.9	8	3	8	20000	"OptStop H1, n8 indecisive"	0.01855	4	371	0.653135901905075	1.02409778751005	1.27386699639459	0.05995	0.1818	0.12185	TRUE
0.2	2.5	0.9	8	3	8	20000	"OptStop H1, n8 indecisive"	0.01855	5	371	0.392152749087155	0.890645682838095	1.26425348392238	0.05995	0.1818	0.12185	TRUE
0.2	2.5	0.9	8	3	8	20000	"OptStop H1, n8 indecisive"	0.01855	6	371	0.240096332378113	0.727840124247237	1.12615241270687	0.05995	0.1818	0.12185	TRUE
0.2	2.5	0.9	8	3	8	20000	"OptStop H1, n8 indecisive"	0.01855	7	371	0.261100863831437	0.561581536610433	0.879021215321275	0.05995	0.1818	0.12185	TRUE
0.2	2.5	0.9	8	3	8	20000	"OptStop H1, n8 indecisive"	0.01855	8	371	0.228589333961486	0.453754427849215	0.707732968126799	0.05995	0.1818	0.12185	TRUE
0.2	2.5	0.9	8	3	8	20000	"OptStop H0, n8 H1"	0.03625	2	725	-0.617745514638241	-0.356815176410165	-0.154750425599852	0.05995	0.1818	0.12185	TRUE
0.2	2.5	0.9	8	3	8	20000	"OptStop H0, n8 H1"	0.03625	3	725	-0.404468045143315	-0.128343161303645	0.138385489598817	0.05995	0.1818	0.12185	TRUE
0.2	2.5	0.9	8	3	8	20000	"OptStop H0, n8 H1"	0.03625	4	725	-0.124306861772065	0.199994824502286	0.435922817556011	0.05995	0.1818	0.12185	TRUE
0.2	2.5	0.9	8	3	8	20000	"OptStop H0, n8 H1"	0.03625	5	725	0.155804785729619	0.455857991036994	0.705896845779205	0.05995	0.1818	0.12185	TRUE
0.2	2.5	0.9	8	3	8	20000	"OptStop H0, n8 H1"	0.03625	6	725	0.450224476145264	0.698097107297938	0.957397544456814	0.05995	0.1818	0.12185	TRUE
0.2	2.5	0.9	8	3	8	20000	"OptStop H0, n8 H1"	0.03625	7	725	0.728783465100904	0.964833790749913	1.18435128687501	0.05995	0.1818	0.12185	TRUE
0.2	2.5	0.9	8	3	8	20000	"OptStop H0, n8 H1"	0.03625	8	725	1.03388468944046	1.19042201083768	1.41238215530437	0.05995	0.1818	0.12185	TRUE
0.2	2.5	0.9	8	3	8	20000	"OptStop indecisive, n8 indecisive"	0.13565	2	2713	0.228370140557458	0.433954520010116	0.577519359234302	0.05995	0.1818	0.12185	TRUE
0.2	2.5	0.9	8	3	8	20000	"OptStop indecisive, n8 indecisive"	0.13565	3	2713	0.257646689270811	0.519886408359631	0.708626625170724	0.05995	0.1818	0.12185	TRUE
0.2	2.5	0.9	8	3	8	20000	"OptStop indecisive, n8 indecisive"	0.13565	4	2713	0.149950662265421	0.527879904621637	0.830899147968535	0.05995	0.1818	0.12185	TRUE
0.2	2.5	0.9	8	3	8	20000	"OptStop indecisive, n8 indecisive"	0.13565	5	2713	0.0724017665373096	0.481558638619118	0.863938227477811	0.05995	0.1818	0.12185	TRUE
0.2	2.5	0.9	8	3	8	20000	"OptStop indecisive, n8 indecisive"	0.13565	6	2713	0.0481317674216792	0.430641152430592	0.823186411544155	0.05995	0.1818	0.12185	TRUE
0.2	2.5	0.9	8	3	8	20000	"OptStop indecisive, n8 indecisive"	0.13565	7	2713	0.0854903427059334	0.410177292110455	0.71574977377863	0.05995	0.1818	0.12185	TRUE
0.2	2.5	0.9	8	3	8	20000	"OptStop indecisive, n8 indecisive"	0.13565	8	2713	0.155919754667117	0.406803499920159	0.667733008835166	0.05995	0.1818	0.12185	TRUE
0.2	2.5	0.9	8	3	8	20000	"OptStop H1, n8 H1"	0.0291	2	582	0.60688070200255	0.635423958791944	0.651694785883967	0.05995	0.1818	0.12185	TRUE
0.2	2.5	0.9	8	3	8	20000	"OptStop H1, n8 H1"	0.0291	3	582	0.943136864778505	0.976367190362847	1.00614771354421	0.05995	0.1818	0.12185	TRUE
0.2	2.5	0.9	8	3	8	20000	"OptStop H1, n8 H1"	0.0291	4	582	0.9926789516144	1.23456153986393	1.31947633193993	0.05995	0.1818	0.12185	TRUE
0.2	2.5	0.9	8	3	8	20000	"OptStop H1, n8 H1"	0.0291	5	582	1.01262743478741	1.33631333525731	1.56216503949192	0.05995	0.1818	0.12185	TRUE
0.2	2.5	0.9	8	3	8	20000	"OptStop H1, n8 H1"	0.0291	6	582	1.04613177023385	1.43288811873528	1.74745331783508	0.05995	0.1818	0.12185	TRUE
0.2	2.5	0.9	8	3	8	20000	"OptStop H1, n8 H1"	0.0291	7	582	1.16309208816768	1.47869469075448	1.86512157072841	0.05995	0.1818	0.12185	TRUE
0.2	2.5	0.9	8	3	8	20000	"OptStop H1, n8 H1"	0.0291	8	582	1.29429750368109	1.56015920402857	1.93032396972242	0.05995	0.1818	0.12185	TRUE
0.2	2.5	0.9	8	3	8	20000	"OptStop H1, n8 H0"	0.0123	2	246	0.600910845076349	0.635186170857014	0.649994751849137	0.05995	0.1818	0.12185	TRUE
0.2	2.5	0.9	8	3	8	20000	"OptStop H1, n8 H0"	0.0123	3	246	0.940982984428911	0.967187222562008	1.00302115398003	0.05995	0.1818	0.12185	TRUE
0.2	2.5	0.9	8	3	8	20000	"OptStop H1, n8 H0"	0.0123	4	246	0.174718297606252	0.695214617840494	1.16417698873075	0.05995	0.1818	0.12185	TRUE
0.2	2.5	0.9	8	3	8	20000	"OptStop H1, n8 H0"	0.0123	5	246	-0.255020969323926	0.270403261968284	0.817140100262487	0.05995	0.1818	0.12185	TRUE
0.2	2.5	0.9	8	3	8	20000	"OptStop H1, n8 H0"	0.0123	6	246	-0.485689412438474	-0.077827083275763	0.514684532116281	0.05995	0.1818	0.12185	TRUE
0.2	2.5	0.9	8	3	8	20000	"OptStop H1, n8 H0"	0.0123	7	246	-0.806515494729573	-0.361874624351278	0.122593459370518	0.05995	0.1818	0.12185	TRUE
0.2	2.5	0.9	8	3	8	20000	"OptStop H1, n8 H0"	0.0123	8	246	-0.885698426312762	-0.590605408073679	-0.309529246555895	0.05995	0.1818	0.12185	TRUE
0.25	2.5	0.9	8	3	8	20000	"OptStop indecisive, n8 indecisive"	0.1404	2	2808	0.215767928395805	0.429435347654453	0.576276542234424	0.0671	0.20525	0.13815	TRUE
0.25	2.5	0.9	8	3	8	20000	"OptStop indecisive, n8 indecisive"	0.1404	3	2808	0.246003936625679	0.50568913226119	0.71080630595684	0.0671	0.20525	0.13815	TRUE
0.25	2.5	0.9	8	3	8	20000	"OptStop indecisive, n8 indecisive"	0.1404	4	2808	0.151756006190359	0.520595215910435	0.836964291266134	0.0671	0.20525	0.13815	TRUE
0.25	2.5	0.9	8	3	8	20000	"OptStop indecisive, n8 indecisive"	0.1404	5	2808	0.0762637505844823	0.454428101706802	0.855050569742948	0.0671	0.20525	0.13815	TRUE
0.25	2.5	0.9	8	3	8	20000	"OptStop indecisive, n8 indecisive"	0.1404	6	2808	0.0794572302333838	0.432266997158932	0.807012131388005	0.0671	0.20525	0.13815	TRUE
0.25	2.5	0.9	8	3	8	20000	"OptStop indecisive, n8 indecisive"	0.1404	7	2808	0.112692275168342	0.416465795006768	0.736645958715172	0.0671	0.20525	0.13815	TRUE
0.25	2.5	0.9	8	3	8	20000	"OptStop indecisive, n8 indecisive"	0.1404	8	2808	0.181134664695273	0.437266471078	0.687217768242699	0.0671	0.20525	0.13815	TRUE
0.25	2.5	0.9	8	3	8	20000	"OptStop indecisive, n8 H1"	0.13175	2	2635	0.290262946259183	0.466125135644443	0.58314277948345	0.0671	0.20525	0.13815	TRUE
0.25	2.5	0.9	8	3	8	20000	"OptStop indecisive, n8 H1"	0.13175	3	2635	0.437538295769474	0.629755309995077	0.78487699985016	0.0671	0.20525	0.13815	TRUE
0.25	2.5	0.9	8	3	8	20000	"OptStop indecisive, n8 H1"	0.13175	4	2635	0.585363089408024	0.821237509016467	1.03152018002131	0.0671	0.20525	0.13815	TRUE
0.25	2.5	0.9	8	3	8	20000	"OptStop indecisive, n8 H1"	0.13175	5	2635	0.690986280619526	0.988862099187427	1.23261849649201	0.0671	0.20525	0.13815	TRUE
0.25	2.5	0.9	8	3	8	20000	"OptStop indecisive, n8 H1"	0.13175	6	2635	0.8267034542097	1.14038528168033	1.43175281413866	0.0671	0.20525	0.13815	TRUE
0.25	2.5	0.9	8	3	8	20000	"OptStop indecisive, n8 H1"	0.13175	7	2635	0.9739671303303	1.27424308671626	1.60654701375563	0.0671	0.20525	0.13815	TRUE
0.25	2.5	0.9	8	3	8	20000	"OptStop indecisive, n8 H1"	0.13175	8	2635	1.13794067013806	1.41339938158394	1.74326589223372	0.0671	0.20525	0.13815	TRUE
0.25	2.5	0.9	8	3	8	20000	"OptStop indecisive, n8 H0"	0.11875	2	2375	0.176134422346637	0.398663068928621	0.560912503347241	0.0671	0.20525	0.13815	TRUE
0.25	2.5	0.9	8	3	8	20000	"OptStop indecisive, n8 H0"	0.11875	3	2375	0.163807105662587	0.418510182550286	0.636739652441954	0.0671	0.20525	0.13815	TRUE
0.25	2.5	0.9	8	3	8	20000	"OptStop indecisive, n8 H0"	0.11875	4	2375	-0.213954970566984	0.179540691509346	0.596148284279282	0.0671	0.20525	0.13815	TRUE
0.25	2.5	0.9	8	3	8	20000	"OptStop indecisive, n8 H0"	0.11875	5	2375	-0.502943476259746	-0.0891894292009717	0.389451389148403	0.0671	0.20525	0.13815	TRUE
0.25	2.5	0.9	8	3	8	20000	"OptStop indecisive, n8 H0"	0.11875	6	2375	-0.755712375926361	-0.321973453385242	0.149909017989694	0.0671	0.20525	0.13815	TRUE
0.25	2.5	0.9	8	3	8	20000	"OptStop indecisive, n8 H0"	0.11875	7	2375	-0.932151702244294	-0.503163913771238	-0.108754881139886	0.0671	0.20525	0.13815	TRUE
0.25	2.5	0.9	8	3	8	20000	"OptStop indecisive, n8 H0"	0.11875	8	2375	-1.06450498852512	-0.643456152678129	-0.344625196984094	0.0671	0.20525	0.13815	TRUE
0.25	2.5	0.9	8	3	8	20000	"OptStop H0, n8 H0"	0.3661	2	7322	-0.777703539319574	-0.555645367311478	-0.203712050981802	0.0671	0.20525	0.13815	TRUE
0.25	2.5	0.9	8	3	8	20000	"OptStop H0, n8 H0"	0.3661	3	7322	-1.00315239294436	-0.676154503601633	-0.333771585777288	0.0671	0.20525	0.13815	TRUE
0.25	2.5	0.9	8	3	8	20000	"OptStop H0, n8 H0"	0.3661	4	7322	-1.19176843479627	-0.811490745099196	-0.372775485036095	0.0671	0.20525	0.13815	TRUE
0.25	2.5	0.9	8	3	8	20000	"OptStop H0, n8 H0"	0.3661	5	7322	-1.35939566917466	-0.910061388466043	-0.425518788687926	0.0671	0.20525	0.13815	TRUE
0.25	2.5	0.9	8	3	8	20000	"OptStop H0, n8 H0"	0.3661	6	7322	-1.48671297781284	-0.984111302661403	-0.495503544225794	0.0671	0.20525	0.13815	TRUE
0.25	2.5	0.9	8	3	8	20000	"OptStop H0, n8 H0"	0.3661	7	7322	-1.59776551025343	-1.05543331486646	-0.579190882661683	0.0671	0.20525	0.13815	TRUE
0.25	2.5	0.9	8	3	8	20000	"OptStop H0, n8 H0"	0.3661	8	7322	-1.70076110402894	-1.09817913489203	-0.603507709073287	0.0671	0.20525	0.13815	TRUE
0.25	2.5	0.9	8	3	8	20000	"OptStop H1, n8 H1"	0.0341	2	682	0.606701258996141	0.635512717058492	0.651225983880976	0.0671	0.20525	0.13815	TRUE
0.25	2.5	0.9	8	3	8	20000	"OptStop H1, n8 H1"	0.0341	3	682	0.946989214874643	0.974912780953648	1.00510513808743	0.0671	0.20525	0.13815	TRUE
0.25	2.5	0.9	8	3	8	20000	"OptStop H1, n8 H1"	0.0341	4	682	0.984072884501311	1.21867625693861	1.31650691092153	0.0671	0.20525	0.13815	TRUE
0.25	2.5	0.9	8	3	8	20000	"OptStop H1, n8 H1"	0.0341	5	682	0.983648914846397	1.3088932366556	1.54263740858646	0.0671	0.20525	0.13815	TRUE
0.25	2.5	0.9	8	3	8	20000	"OptStop H1, n8 H1"	0.0341	6	682	1.06262713508299	1.40781394834417	1.72115217421853	0.0671	0.20525	0.13815	TRUE
0.25	2.5	0.9	8	3	8	20000	"OptStop H1, n8 H1"	0.0341	7	682	1.17123689672831	1.51920934554809	1.86867768526666	0.0671	0.20525	0.13815	TRUE
0.25	2.5	0.9	8	3	8	20000	"OptStop H1, n8 H1"	0.0341	8	682	1.2537063750119	1.62491590216176	1.96241287277613	0.0671	0.20525	0.13815	TRUE
0.25	2.5	0.9	8	3	8	20000	"OptStop H0, n8 indecisive"	0.1365	2	2730	-0.69131025913474	-0.405416537262129	-0.140273245645481	0.0671	0.20525	0.13815	TRUE
0.25	2.5	0.9	8	3	8	20000	"OptStop H0, n8 indecisive"	0.1365	3	2730	-0.711099992508307	-0.358639366191961	-0.115060181954921	0.0671	0.20525	0.13815	TRUE
0.25	2.5	0.9	8	3	8	20000	"OptStop H0, n8 indecisive"	0.1365	4	2730	-0.599295570217404	-0.217698855064126	0.131302849269368	0.0671	0.20525	0.13815	TRUE
0.25	2.5	0.9	8	3	8	20000	"OptStop H0, n8 indecisive"	0.1365	5	2730	-0.433742321008405	-0.0671093716954536	0.268598968467662	0.0671	0.20525	0.13815	TRUE
0.25	2.5	0.9	8	3	8	20000	"OptStop H0, n8 indecisive"	0.1365	6	2730	-0.261456221567756	0.0778498713690423	0.391257800662735	0.0671	0.20525	0.13815	TRUE
0.25	2.5	0.9	8	3	8	20000	"OptStop H0, n8 indecisive"	0.1365	7	2730	-0.107613803252342	0.196495216435903	0.481553973994083	0.0671	0.20525	0.13815	TRUE
0.25	2.5	0.9	8	3	8	20000	"OptStop H0, n8 indecisive"	0.1365	8	2730	0.0805715990387581	0.319384993423182	0.584851353510289	0.0671	0.20525	0.13815	TRUE
0.25	2.5	0.9	8	3	8	20000	"OptStop H0, n8 H1"	0.0394	2	788	-0.625313121022038	-0.323139948001436	-0.127957003263171	0.0671	0.20525	0.13815	TRUE
0.25	2.5	0.9	8	3	8	20000	"OptStop H0, n8 H1"	0.0394	3	788	-0.399321890724267	-0.148235147093584	0.16300227498429	0.0671	0.20525	0.13815	TRUE
0.25	2.5	0.9	8	3	8	20000	"OptStop H0, n8 H1"	0.0394	4	788	-0.0798663607549132	0.217000693833858	0.455452895980241	0.0671	0.20525	0.13815	TRUE
0.25	2.5	0.9	8	3	8	20000	"OptStop H0, n8 H1"	0.0394	5	788	0.200340419175524	0.474879676676101	0.734139419662581	0.0671	0.20525	0.13815	TRUE
0.25	2.5	0.9	8	3	8	20000	"OptStop H0, n8 H1"	0.0394	6	788	0.471132573043285	0.732801221499891	0.994498748804815	0.0671	0.20525	0.13815	TRUE
0.25	2.5	0.9	8	3	8	20000	"OptStop H0, n8 H1"	0.0394	7	788	0.748484393141088	0.96289311723207	1.20419902350374	0.0671	0.20525	0.13815	TRUE
0.25	2.5	0.9	8	3	8	20000	"OptStop H0, n8 H1"	0.0394	8	788	1.04808573948258	1.19615302124204	1.42555441373496	0.0671	0.20525	0.13815	TRUE
0.25	2.5	0.9	8	3	8	20000	"OptStop H1, n8 indecisive"	0.0209	2	418	0.611208232898054	0.635059671671032	0.650978823612361	0.0671	0.20525	0.13815	TRUE
0.25	2.5	0.9	8	3	8	20000	"OptStop H1, n8 indecisive"	0.0209	3	418	0.946017933070218	0.975098043201893	1.00384760107035	0.0671	0.20525	0.13815	TRUE
0.25	2.5	0.9	8	3	8	20000	"OptStop H1, n8 indecisive"	0.0209	4	418	0.544998528350665	1.02727156683174	1.26591731120413	0.0671	0.20525	0.13815	TRUE
0.25	2.5	0.9	8	3	8	20000	"OptStop H1, n8 indecisive"	0.0209	5	418	0.411139265712327	0.821886377377713	1.24712130789254	0.0671	0.20525	0.13815	TRUE
0.25	2.5	0.9	8	3	8	20000	"OptStop H1, n8 indecisive"	0.0209	6	418	0.269902261753949	0.657958446830326	1.06923887582584	0.0671	0.20525	0.13815	TRUE
0.25	2.5	0.9	8	3	8	20000	"OptStop H1, n8 indecisive"	0.0209	7	418	0.178776872403874	0.527080957922593	0.910311426171316	0.0671	0.20525	0.13815	TRUE
0.25	2.5	0.9	8	3	8	20000	"OptStop H1, n8 indecisive"	0.0209	8	418	0.197160235117557	0.46805084513119	0.709700063766865	0.0671	0.20525	0.13815	TRUE
0.25	2.5	0.9	8	3	8	20000	"OptStop H1, n8 H0"	0.0121	2	242	0.612130015029098	0.636498682886668	0.652260976122754	0.0671	0.20525	0.13815	TRUE
0.25	2.5	0.9	8	3	8	20000	"OptStop H1, n8 H0"	0.0121	3	242	0.949305580894984	0.979414739905858	1.00641514478363	0.0671	0.20525	0.13815	TRUE
0.25	2.5	0.9	8	3	8	20000	"OptStop H1, n8 H0"	0.0121	4	242	0.181505137799688	0.760016674046634	1.19067555582025	0.0671	0.20525	0.13815	TRUE
0.25	2.5	0.9	8	3	8	20000	"OptStop H1, n8 H0"	0.0121	5	242	-0.2278047229005	0.21333433031476	0.743703261025998	0.0671	0.20525	0.13815	TRUE
0.25	2.5	0.9	8	3	8	20000	"OptStop H1, n8 H0"	0.0121	6	242	-0.487949749948445	0.00516022657063959	0.426078203013856	0.0671	0.20525	0.13815	TRUE
0.25	2.5	0.9	8	3	8	20000	"OptStop H1, n8 H0"	0.0121	7	242	-0.723561965271167	-0.30515538864865	0.00836501339561272	0.0671	0.20525	0.13815	TRUE
0.25	2.5	0.9	8	3	8	20000	"OptStop H1, n8 H0"	0.0121	8	242	-0.922768091251939	-0.542486472071147	-0.273209586134428	0.0671	0.20525	0.13815	TRUE
0.3	2.5	0.9	8	3	8	20000	"OptStop H0, n8 H0"	0.33165	2	6633	-0.783420839950694	-0.553719329302787	-0.228782466504773	0.07185	0.231	0.15915	TRUE
0.3	2.5	0.9	8	3	8	20000	"OptStop H0, n8 H0"	0.33165	3	6633	-1.01023628779121	-0.678888639491587	-0.331639179172991	0.07185	0.231	0.15915	TRUE
0.3	2.5	0.9	8	3	8	20000	"OptStop H0, n8 H0"	0.33165	4	6633	-1.18084957374311	-0.778376166721373	-0.353093333017437	0.07185	0.231	0.15915	TRUE
0.3	2.5	0.9	8	3	8	20000	"OptStop H0, n8 H0"	0.33165	5	6633	-1.33598292077357	-0.872462533211215	-0.393860867104128	0.07185	0.231	0.15915	TRUE
0.3	2.5	0.9	8	3	8	20000	"OptStop H0, n8 H0"	0.33165	6	6633	-1.46595523215772	-0.948820009166357	-0.460108498523513	0.07185	0.231	0.15915	TRUE
0.3	2.5	0.9	8	3	8	20000	"OptStop H0, n8 H0"	0.33165	7	6633	-1.56675244744104	-1.02246970762575	-0.543226925574261	0.07185	0.231	0.15915	TRUE
0.3	2.5	0.9	8	3	8	20000	"OptStop H0, n8 H0"	0.33165	8	6633	-1.66328511200591	-1.06720944838552	-0.574512119266853	0.07185	0.231	0.15915	TRUE
0.3	2.5	0.9	8	3	8	20000	"OptStop H1, n8 H1"	0.0395	2	790	0.606260204136824	0.635966304775571	0.651146360058671	0.07185	0.231	0.15915	TRUE
0.3	2.5	0.9	8	3	8	20000	"OptStop H1, n8 H1"	0.0395	3	790	0.946428034844616	0.977504794398383	1.00486655727276	0.07185	0.231	0.15915	TRUE
0.3	2.5	0.9	8	3	8	20000	"OptStop H1, n8 H1"	0.0395	4	790	1.02132836728659	1.23796378714079	1.32489493217542	0.07185	0.231	0.15915	TRUE
0.3	2.5	0.9	8	3	8	20000	"OptStop H1, n8 H1"	0.0395	5	790	1.05172815222324	1.34684267231361	1.57383540164377	0.07185	0.231	0.15915	TRUE
0.3	2.5	0.9	8	3	8	20000	"OptStop H1, n8 H1"	0.0395	6	790	1.08541457487691	1.46195890899278	1.7470309770429	0.07185	0.231	0.15915	TRUE
0.3	2.5	0.9	8	3	8	20000	"OptStop H1, n8 H1"	0.0395	7	790	1.16906426315202	1.5266301288349	1.88054435135005	0.07185	0.231	0.15915	TRUE
0.3	2.5	0.9	8	3	8	20000	"OptStop H1, n8 H1"	0.0395	8	790	1.2869240853554	1.61740285862855	2.01444399013609	0.07185	0.231	0.15915	TRUE
0.3	2.5	0.9	8	3	8	20000	"OptStop H0, n8 indecisive"	0.1384	2	2768	-0.686741490082795	-0.38814338428832	-0.131084108186063	0.07185	0.231	0.15915	TRUE
0.3	2.5	0.9	8	3	8	20000	"OptStop H0, n8 indecisive"	0.1384	3	2768	-0.692212452229621	-0.351274190435877	-0.107598794502382	0.07185	0.231	0.15915	TRUE
0.3	2.5	0.9	8	3	8	20000	"OptStop H0, n8 indecisive"	0.1384	4	2768	-0.597648278055152	-0.203368873123826	0.153242419825585	0.07185	0.231	0.15915	TRUE
0.3	2.5	0.9	8	3	8	20000	"OptStop H0, n8 indecisive"	0.1384	5	2768	-0.473709643417015	-0.0821865817766957	0.27339511552983	0.07185	0.231	0.15915	TRUE
0.3	2.5	0.9	8	3	8	20000	"OptStop H0, n8 indecisive"	0.1384	6	2768	-0.292496622340436	0.0601144753438491	0.4174507137535	0.07185	0.231	0.15915	TRUE
0.3	2.5	0.9	8	3	8	20000	"OptStop H0, n8 indecisive"	0.1384	7	2768	-0.0860523631462926	0.223655169421799	0.488693163158876	0.07185	0.231	0.15915	TRUE
0.3	2.5	0.9	8	3	8	20000	"OptStop H0, n8 indecisive"	0.1384	8	2768	0.101148327071469	0.331504718924674	0.588454361535816	0.07185	0.231	0.15915	TRUE
0.3	2.5	0.9	8	3	8	20000	"OptStop indecisive, n8 H0"	0.1154	2	2308	0.177260430312886	0.395193128596958	0.562375977075748	0.07185	0.231	0.15915	TRUE
0.3	2.5	0.9	8	3	8	20000	"OptStop indecisive, n8 H0"	0.1154	3	2308	0.150197269316473	0.408777072900129	0.63770876892811	0.07185	0.231	0.15915	TRUE
0.3	2.5	0.9	8	3	8	20000	"OptStop indecisive, n8 H0"	0.1154	4	2308	-0.206436856894661	0.219963046578121	0.594596452442628	0.07185	0.231	0.15915	TRUE
0.3	2.5	0.9	8	3	8	20000	"OptStop indecisive, n8 H0"	0.1154	5	2308	-0.512429844406604	-0.0737641346903933	0.38879494839772	0.07185	0.231	0.15915	TRUE
0.3	2.5	0.9	8	3	8	20000	"OptStop indecisive, n8 H0"	0.1154	6	2308	-0.737283330840371	-0.312727813884585	0.142568045945651	0.07185	0.231	0.15915	TRUE
0.3	2.5	0.9	8	3	8	20000	"OptStop indecisive, n8 H0"	0.1154	7	2308	-0.921941193767136	-0.50892711672036	-0.121749141300132	0.07185	0.231	0.15915	TRUE
0.3	2.5	0.9	8	3	8	20000	"OptStop indecisive, n8 H0"	0.1154	8	2308	-1.06318347428317	-0.652711145294185	-0.34742666577216	0.07185	0.231	0.15915	TRUE
0.3	2.5	0.9	8	3	8	20000	"OptStop indecisive, n8 indecisive"	0.1512	2	3024	0.227919052700545	0.424097446421222	0.571724430027462	0.07185	0.231	0.15915	TRUE
0.3	2.5	0.9	8	3	8	20000	"OptStop indecisive, n8 indecisive"	0.1512	3	3024	0.250327310232125	0.503836638215717	0.697673409065027	0.07185	0.231	0.15915	TRUE
0.3	2.5	0.9	8	3	8	20000	"OptStop indecisive, n8 indecisive"	0.1512	4	3024	0.154154671712145	0.504289257866184	0.820489980036201	0.07185	0.231	0.15915	TRUE
0.3	2.5	0.9	8	3	8	20000	"OptStop indecisive, n8 indecisive"	0.1512	5	3024	0.0837135392844838	0.481323233514921	0.856443159645101	0.07185	0.231	0.15915	TRUE
0.3	2.5	0.9	8	3	8	20000	"OptStop indecisive, n8 indecisive"	0.1512	6	3024	0.0605472758599184	0.43732557168087	0.830299969677756	0.07185	0.231	0.15915	TRUE
0.3	2.5	0.9	8	3	8	20000	"OptStop indecisive, n8 indecisive"	0.1512	7	3024	0.103978368600654	0.421153342338079	0.738678030954832	0.07185	0.231	0.15915	TRUE
0.3	2.5	0.9	8	3	8	20000	"OptStop indecisive, n8 indecisive"	0.1512	8	3024	0.181579480740502	0.42866793873443	0.679054849746042	0.07185	0.231	0.15915	TRUE
0.3	2.5	0.9	8	3	8	20000	"OptStop H0, n8 H1"	0.0424	2	848	-0.635924592515892	-0.330441429499049	-0.129234429729158	0.07185	0.231	0.15915	TRUE
0.3	2.5	0.9	8	3	8	20000	"OptStop H0, n8 H1"	0.0424	3	848	-0.429353102845658	-0.158506329338527	0.126788121414846	0.07185	0.231	0.15915	TRUE
0.3	2.5	0.9	8	3	8	20000	"OptStop H0, n8 H1"	0.0424	4	848	-0.0834597479405231	0.215497256156695	0.442816811570399	0.07185	0.231	0.15915	TRUE
0.3	2.5	0.9	8	3	8	20000	"OptStop H0, n8 H1"	0.0424	5	848	0.2099373993725	0.489389585591714	0.715378311822669	0.07185	0.231	0.15915	TRUE
0.3	2.5	0.9	8	3	8	20000	"OptStop H0, n8 H1"	0.0424	6	848	0.483626906269772	0.738828189427015	0.977966745864604	0.07185	0.231	0.15915	TRUE
0.3	2.5	0.9	8	3	8	20000	"OptStop H0, n8 H1"	0.0424	7	848	0.755449699952338	0.969036515043175	1.20844198204178	0.07185	0.231	0.15915	TRUE
0.3	2.5	0.9	8	3	8	20000	"OptStop H0, n8 H1"	0.0424	8	848	1.04394406862552	1.20253729650001	1.41424537632226	0.07185	0.231	0.15915	TRUE
0.3	2.5	0.9	8	3	8	20000	"OptStop indecisive, n8 H1"	0.1491	2	2982	0.284742776739955	0.465973335558586	0.589459261934609	0.07185	0.231	0.15915	TRUE
0.3	2.5	0.9	8	3	8	20000	"OptStop indecisive, n8 H1"	0.1491	3	2982	0.414906624979098	0.621322276164464	0.781722003839447	0.07185	0.231	0.15915	TRUE
0.3	2.5	0.9	8	3	8	20000	"OptStop indecisive, n8 H1"	0.1491	4	2982	0.544023815967691	0.799397636563072	1.01572709481461	0.07185	0.231	0.15915	TRUE
0.3	2.5	0.9	8	3	8	20000	"OptStop indecisive, n8 H1"	0.1491	5	2982	0.660412724121771	0.974371864996233	1.22221682142131	0.07185	0.231	0.15915	TRUE
0.3	2.5	0.9	8	3	8	20000	"OptStop indecisive, n8 H1"	0.1491	6	2982	0.829930823007064	1.12412547763068	1.42186751340507	0.07185	0.231	0.15915	TRUE
0.3	2.5	0.9	8	3	8	20000	"OptStop indecisive, n8 H1"	0.1491	7	2982	0.982147709242831	1.29080878403305	1.59725396267383	0.07185	0.231	0.15915	TRUE
0.3	2.5	0.9	8	3	8	20000	"OptStop indecisive, n8 H1"	0.1491	8	2982	1.16463670385571	1.42605734390189	1.75823823673042	0.07185	0.231	0.15915	TRUE
0.3	2.5	0.9	8	3	8	20000	"OptStop H1, n8 H0"	0.01105	2	221	0.605948094352838	0.638633664780526	0.652402817547045	0.07185	0.231	0.15915	TRUE
0.3	2.5	0.9	8	3	8	20000	"OptStop H1, n8 H0"	0.01105	3	221	0.947670358504284	0.97586254122227	1.00844691872206	0.07185	0.231	0.15915	TRUE
0.3	2.5	0.9	8	3	8	20000	"OptStop H1, n8 H0"	0.01105	4	221	0.231975896646071	0.738924470403422	1.15384145463467	0.07185	0.231	0.15915	TRUE
0.3	2.5	0.9	8	3	8	20000	"OptStop H1, n8 H0"	0.01105	5	221	-0.200439408556645	0.280840004538307	0.724035066959767	0.07185	0.231	0.15915	TRUE
0.3	2.5	0.9	8	3	8	20000	"OptStop H1, n8 H0"	0.01105	6	221	-0.469562871569727	-0.0574678370877512	0.322432990931033	0.07185	0.231	0.15915	TRUE
0.3	2.5	0.9	8	3	8	20000	"OptStop H1, n8 H0"	0.01105	7	221	-0.671019355855521	-0.375181565691334	0.0472060152170641	0.07185	0.231	0.15915	TRUE
0.3	2.5	0.9	8	3	8	20000	"OptStop H1, n8 H0"	0.01105	8	221	-0.85500336903125	-0.594316078752996	-0.287168929072766	0.07185	0.231	0.15915	TRUE
0.3	2.5	0.9	8	3	8	20000	"OptStop H1, n8 indecisive"	0.0213	2	426	0.611501982396725	0.635490582253807	0.650107357864109	0.07185	0.231	0.15915	TRUE
0.3	2.5	0.9	8	3	8	20000	"OptStop H1, n8 indecisive"	0.0213	3	426	0.946343449640413	0.97525580191348	1.0014688625078	0.07185	0.231	0.15915	TRUE
0.3	2.5	0.9	8	3	8	20000	"OptStop H1, n8 indecisive"	0.0213	4	426	0.62559738926243	1.05519080716504	1.27172066870484	0.07185	0.231	0.15915	TRUE
0.3	2.5	0.9	8	3	8	20000	"OptStop H1, n8 indecisive"	0.0213	5	426	0.324013432734869	0.858094184627498	1.27864764948413	0.07185	0.231	0.15915	TRUE
0.3	2.5	0.9	8	3	8	20000	"OptStop H1, n8 indecisive"	0.0213	6	426	0.249437803105002	0.641743599199338	1.11665725552693	0.07185	0.231	0.15915	TRUE
0.3	2.5	0.9	8	3	8	20000	"OptStop H1, n8 indecisive"	0.0213	7	426	0.259298559418078	0.548876881104604	0.869703911582814	0.07185	0.231	0.15915	TRUE
0.3	2.5	0.9	8	3	8	20000	"OptStop H1, n8 indecisive"	0.0213	8	426	0.197004343862147	0.474915137821904	0.705642983834398	0.07185	0.231	0.15915	TRUE
0.35	2.5	0.9	8	3	8	20000	"OptStop indecisive, n8 H0"	0.10565	2	2113	0.21047259073648	0.414241780115015	0.567890463317539	0.077	0.2728	0.1958	TRUE
0.35	2.5	0.9	8	3	8	20000	"OptStop indecisive, n8 H0"	0.10565	3	2113	0.172903743115572	0.434169028783757	0.669183151469123	0.077	0.2728	0.1958	TRUE
0.35	2.5	0.9	8	3	8	20000	"OptStop indecisive, n8 H0"	0.10565	4	2113	-0.220908952661747	0.194618284760295	0.602091260058364	0.077	0.2728	0.1958	TRUE
0.35	2.5	0.9	8	3	8	20000	"OptStop indecisive, n8 H0"	0.10565	5	2113	-0.522387104853087	-0.0960719611384685	0.404827488476977	0.077	0.2728	0.1958	TRUE
0.35	2.5	0.9	8	3	8	20000	"OptStop indecisive, n8 H0"	0.10565	6	2113	-0.772862987848239	-0.303410551802748	0.138262078991139	0.077	0.2728	0.1958	TRUE
0.35	2.5	0.9	8	3	8	20000	"OptStop indecisive, n8 H0"	0.10565	7	2113	-0.924220263247859	-0.507355562241589	-0.130671423092078	0.077	0.2728	0.1958	TRUE
0.35	2.5	0.9	8	3	8	20000	"OptStop indecisive, n8 H0"	0.10565	8	2113	-1.04272846747319	-0.623082491026468	-0.337765192931085	0.077	0.2728	0.1958	TRUE
0.35	2.5	0.9	8	3	8	20000	"OptStop indecisive, n8 H1"	0.17655	2	3531	0.294248117188522	0.471689153831379	0.586747528925958	0.077	0.2728	0.1958	TRUE
0.35	2.5	0.9	8	3	8	20000	"OptStop indecisive, n8 H1"	0.17655	3	3531	0.443049154986837	0.642863628269192	0.78919702396116	0.077	0.2728	0.1958	TRUE
0.35	2.5	0.9	8	3	8	20000	"OptStop indecisive, n8 H1"	0.17655	4	3531	0.564059993746394	0.825610817952078	1.02800880724256	0.077	0.2728	0.1958	TRUE
0.35	2.5	0.9	8	3	8	20000	"OptStop indecisive, n8 H1"	0.17655	5	3531	0.683653379279488	0.991672075078703	1.24338835149972	0.077	0.2728	0.1958	TRUE
0.35	2.5	0.9	8	3	8	20000	"OptStop indecisive, n8 H1"	0.17655	6	3531	0.850078954918823	1.1439329245374	1.44075999144903	0.077	0.2728	0.1958	TRUE
0.35	2.5	0.9	8	3	8	20000	"OptStop indecisive, n8 H1"	0.17655	7	3531	1.00304616258868	1.29460683777973	1.6146891992049	0.077	0.2728	0.1958	TRUE
0.35	2.5	0.9	8	3	8	20000	"OptStop indecisive, n8 H1"	0.17655	8	3531	1.16696729910444	1.4474226235076	1.77642479727039	0.077	0.2728	0.1958	TRUE
0.35	2.5	0.9	8	3	8	20000	"OptStop indecisive, n8 indecisive"	0.15315	2	3063	0.228582889363495	0.43652379521896	0.578475218258503	0.077	0.2728	0.1958	TRUE
0.35	2.5	0.9	8	3	8	20000	"OptStop indecisive, n8 indecisive"	0.15315	3	3063	0.252038784790466	0.517450660258058	0.710535015928235	0.077	0.2728	0.1958	TRUE
0.35	2.5	0.9	8	3	8	20000	"OptStop indecisive, n8 indecisive"	0.15315	4	3063	0.187446696563115	0.523489591759138	0.817381325187432	0.077	0.2728	0.1958	TRUE
0.35	2.5	0.9	8	3	8	20000	"OptStop indecisive, n8 indecisive"	0.15315	5	3063	0.0823791637723145	0.458927216671741	0.847273185748022	0.077	0.2728	0.1958	TRUE
0.35	2.5	0.9	8	3	8	20000	"OptStop indecisive, n8 indecisive"	0.15315	6	3063	0.0616896624146264	0.431383408236293	0.82266573698864	0.077	0.2728	0.1958	TRUE
0.35	2.5	0.9	8	3	8	20000	"OptStop indecisive, n8 indecisive"	0.15315	7	3063	0.118047214162967	0.416449204795285	0.734416913573984	0.077	0.2728	0.1958	TRUE
0.35	2.5	0.9	8	3	8	20000	"OptStop indecisive, n8 indecisive"	0.15315	8	3063	0.181681314675249	0.440729432736883	0.688045638847431	0.077	0.2728	0.1958	TRUE
0.35	2.5	0.9	8	3	8	20000	"OptStop H1, n8 indecisive"	0.02145	2	429	0.604016220872954	0.639349350443277	0.651308854072654	0.077	0.2728	0.1958	TRUE
0.35	2.5	0.9	8	3	8	20000	"OptStop H1, n8 indecisive"	0.02145	3	429	0.945621064104156	0.975583406509409	1.00653543618919	0.077	0.2728	0.1958	TRUE
0.35	2.5	0.9	8	3	8	20000	"OptStop H1, n8 indecisive"	0.02145	4	429	0.579867407259139	0.966583705728779	1.24664518603791	0.077	0.2728	0.1958	TRUE
0.35	2.5	0.9	8	3	8	20000	"OptStop H1, n8 indecisive"	0.02145	5	429	0.423859301761124	0.839025071259466	1.27068830386102	0.077	0.2728	0.1958	TRUE
0.35	2.5	0.9	8	3	8	20000	"OptStop H1, n8 indecisive"	0.02145	6	429	0.231932237213601	0.686215038425445	1.1195013184519	0.077	0.2728	0.1958	TRUE
0.35	2.5	0.9	8	3	8	20000	"OptStop H1, n8 indecisive"	0.02145	7	429	0.193692233213205	0.532605057016264	0.900717394358351	0.077	0.2728	0.1958	TRUE
0.35	2.5	0.9	8	3	8	20000	"OptStop H1, n8 indecisive"	0.02145	8	429	0.228407898992277	0.511582062928668	0.732458181703944	0.077	0.2728	0.1958	TRUE
0.35	2.5	0.9	8	3	8	20000	"OptStop H0, n8 H0"	0.29355	2	5871	-0.771421768153306	-0.525845148865381	-0.187255804842248	0.077	0.2728	0.1958	TRUE
0.35	2.5	0.9	8	3	8	20000	"OptStop H0, n8 H0"	0.29355	3	5871	-0.989385797526356	-0.6512147326605	-0.309281029267621	0.077	0.2728	0.1958	TRUE
0.35	2.5	0.9	8	3	8	20000	"OptStop H0, n8 H0"	0.29355	4	5871	-1.17187304226249	-0.768264166880414	-0.33962968176105	0.077	0.2728	0.1958	TRUE
0.35	2.5	0.9	8	3	8	20000	"OptStop H0, n8 H0"	0.29355	5	5871	-1.31454862257324	-0.84732762763733	-0.370089907920587	0.077	0.2728	0.1958	TRUE
0.35	2.5	0.9	8	3	8	20000	"OptStop H0, n8 H0"	0.29355	6	5871	-1.43453661376339	-0.909325082509587	-0.417491193201653	0.077	0.2728	0.1958	TRUE
0.35	2.5	0.9	8	3	8	20000	"OptStop H0, n8 H0"	0.29355	7	5871	-1.51526692885649	-0.971102270038874	-0.498816883860485	0.077	0.2728	0.1958	TRUE
0.35	2.5	0.9	8	3	8	20000	"OptStop H0, n8 H0"	0.29355	8	5871	-1.58816714273023	-0.996201341273819	-0.527080108532226	0.077	0.2728	0.1958	TRUE
0.35	2.5	0.9	8	3	8	20000	"OptStop H1, n8 H1"	0.04655	2	931	0.610905074676683	0.637701616039231	0.651747391066401	0.077	0.2728	0.1958	TRUE
0.35	2.5	0.9	8	3	8	20000	"OptStop H1, n8 H1"	0.04655	3	931	0.948006883890153	0.981117178067387	1.00742197053229	0.077	0.2728	0.1958	TRUE
0.35	2.5	0.9	8	3	8	20000	"OptStop H1, n8 H1"	0.04655	4	931	1.00442253732976	1.23520411140704	1.31972253072894	0.077	0.2728	0.1958	TRUE
0.35	2.5	0.9	8	3	8	20000	"OptStop H1, n8 H1"	0.04655	5	931	1.05112914788486	1.35407758070347	1.58901946592284	0.077	0.2728	0.1958	TRUE
0.35	2.5	0.9	8	3	8	20000	"OptStop H1, n8 H1"	0.04655	6	931	1.10549571926527	1.48668572133181	1.7590201117401	0.077	0.2728	0.1958	TRUE
0.35	2.5	0.9	8	3	8	20000	"OptStop H1, n8 H1"	0.04655	7	931	1.16904724725071	1.57739593468761	1.91548073666338	0.077	0.2728	0.1958	TRUE
0.35	2.5	0.9	8	3	8	20000	"OptStop H1, n8 H1"	0.04655	8	931	1.2878533959624	1.66005509998219	2.03550095570071	0.077	0.2728	0.1958	TRUE
0.35	2.5	0.9	8	3	8	20000	"OptStop H0, n8 indecisive"	0.1444	2	2888	-0.692405250476455	-0.408500143272894	-0.148567078119896	0.077	0.2728	0.1958	TRUE
0.35	2.5	0.9	8	3	8	20000	"OptStop H0, n8 indecisive"	0.1444	3	2888	-0.680377384802386	-0.341850784744822	-0.0959683769921221	0.077	0.2728	0.1958	TRUE
0.35	2.5	0.9	8	3	8	20000	"OptStop H0, n8 indecisive"	0.1444	4	2888	-0.584346627190509	-0.198923021910571	0.147870322982307	0.077	0.2728	0.1958	TRUE
0.35	2.5	0.9	8	3	8	20000	"OptStop H0, n8 indecisive"	0.1444	5	2888	-0.443743884799591	-0.0673844751172534	0.286730011878002	0.077	0.2728	0.1958	TRUE
0.35	2.5	0.9	8	3	8	20000	"OptStop H0, n8 indecisive"	0.1444	6	2888	-0.286116849676294	0.0597987022403567	0.395383823490486	0.077	0.2728	0.1958	TRUE
0.35	2.5	0.9	8	3	8	20000	"OptStop H0, n8 indecisive"	0.1444	7	2888	-0.0809969612377255	0.212130738266208	0.484236066524497	0.077	0.2728	0.1958	TRUE
0.35	2.5	0.9	8	3	8	20000	"OptStop H0, n8 indecisive"	0.1444	8	2888	0.121178387044497	0.349278109020258	0.612995147697997	0.077	0.2728	0.1958	TRUE
0.35	2.5	0.9	8	3	8	20000	"OptStop H0, n8 H1"	0.0497	2	994	-0.63469410640721	-0.346173472433315	-0.151938890085342	0.077	0.2728	0.1958	TRUE
0.35	2.5	0.9	8	3	8	20000	"OptStop H0, n8 H1"	0.0497	3	994	-0.404647750067616	-0.118732215666122	0.18721400759518	0.077	0.2728	0.1958	TRUE
0.35	2.5	0.9	8	3	8	20000	"OptStop H0, n8 H1"	0.0497	4	994	-0.0503885228325476	0.236371705942852	0.480261143668019	0.077	0.2728	0.1958	TRUE
0.35	2.5	0.9	8	3	8	20000	"OptStop H0, n8 H1"	0.0497	5	994	0.234743788901702	0.504257755374346	0.754080858503827	0.077	0.2728	0.1958	TRUE
0.35	2.5	0.9	8	3	8	20000	"OptStop H0, n8 H1"	0.0497	6	994	0.493643623898213	0.745311379142545	0.996525276733434	0.077	0.2728	0.1958	TRUE
0.35	2.5	0.9	8	3	8	20000	"OptStop H0, n8 H1"	0.0497	7	994	0.770978097911785	0.986096640625649	1.23535887584695	0.077	0.2728	0.1958	TRUE
0.35	2.5	0.9	8	3	8	20000	"OptStop H0, n8 H1"	0.0497	8	994	1.04644084321479	1.21137056194806	1.41869177087318	0.077	0.2728	0.1958	TRUE
0.35	2.5	0.9	8	3	8	20000	"OptStop H1, n8 H0"	0.009	2	180	0.597879942256496	0.633391685941692	0.648780777415483	0.077	0.2728	0.1958	TRUE
0.35	2.5	0.9	8	3	8	20000	"OptStop H1, n8 H0"	0.009	3	180	0.936888307877635	0.959668196790477	0.993444280890726	0.077	0.2728	0.1958	TRUE
0.35	2.5	0.9	8	3	8	20000	"OptStop H1, n8 H0"	0.009	4	180	0.240545229501801	0.734410143015388	1.1411568848339	0.077	0.2728	0.1958	TRUE
0.35	2.5	0.9	8	3	8	20000	"OptStop H1, n8 H0"	0.009	5	180	-0.222769228962819	0.268723529106192	0.746795802838657	0.077	0.2728	0.1958	TRUE
0.35	2.5	0.9	8	3	8	20000	"OptStop H1, n8 H0"	0.009	6	180	-0.519411025891648	-0.109852492924865	0.358929673245745	0.077	0.2728	0.1958	TRUE
0.35	2.5	0.9	8	3	8	20000	"OptStop H1, n8 H0"	0.009	7	180	-0.716133410963824	-0.389883442914731	-0.0649907752706676	0.077	0.2728	0.1958	TRUE
0.35	2.5	0.9	8	3	8	20000	"OptStop H1, n8 H0"	0.009	8	180	-0.84471903171466	-0.554606395821021	-0.320538172501379	0.077	0.2728	0.1958	TRUE
0.4	2.5	0.9	8	3	8	20000	"OptStop H1, n8 H1"	0.04875	2	975	0.611589667528566	0.636118870033192	0.651038713784052	0.07855	0.2974	0.21885	TRUE
0.4	2.5	0.9	8	3	8	20000	"OptStop H1, n8 H1"	0.04875	3	975	0.947720348907949	0.979237455739087	1.00611862184123	0.07855	0.2974	0.21885	TRUE
0.4	2.5	0.9	8	3	8	20000	"OptStop H1, n8 H1"	0.04875	4	975	1.0056527609975	1.23304016927515	1.32270596277476	0.07855	0.2974	0.21885	TRUE
0.4	2.5	0.9	8	3	8	20000	"OptStop H1, n8 H1"	0.04875	5	975	1.08199901399553	1.37269977143419	1.58412239627121	0.07855	0.2974	0.21885	TRUE
0.4	2.5	0.9	8	3	8	20000	"OptStop H1, n8 H1"	0.04875	6	975	1.11006334394494	1.49739459287861	1.76580801258715	0.07855	0.2974	0.21885	TRUE
0.4	2.5	0.9	8	3	8	20000	"OptStop H1, n8 H1"	0.04875	7	975	1.21437316425462	1.56191767844378	1.94265717587309	0.07855	0.2974	0.21885	TRUE
0.4	2.5	0.9	8	3	8	20000	"OptStop H1, n8 H1"	0.04875	8	975	1.32852703991017	1.66912062891285	2.09960928041464	0.07855	0.2974	0.21885	TRUE
0.4	2.5	0.9	8	3	8	20000	"OptStop indecisive, n8 indecisive"	0.1603	2	3206	0.21971376280314	0.425923131938357	0.577053501875145	0.07855	0.2974	0.21885	TRUE
0.4	2.5	0.9	8	3	8	20000	"OptStop indecisive, n8 indecisive"	0.1603	3	3206	0.270701749893389	0.517736658983956	0.719745312324218	0.07855	0.2974	0.21885	TRUE
0.4	2.5	0.9	8	3	8	20000	"OptStop indecisive, n8 indecisive"	0.1603	4	3206	0.183389236249101	0.528473362289142	0.831091226426502	0.07855	0.2974	0.21885	TRUE
0.4	2.5	0.9	8	3	8	20000	"OptStop indecisive, n8 indecisive"	0.1603	5	3206	0.0954355616428185	0.484212161100007	0.863645450531773	0.07855	0.2974	0.21885	TRUE
0.4	2.5	0.9	8	3	8	20000	"OptStop indecisive, n8 indecisive"	0.1603	6	3206	0.0908409776888434	0.448584037736286	0.829399274945769	0.07855	0.2974	0.21885	TRUE
0.4	2.5	0.9	8	3	8	20000	"OptStop indecisive, n8 indecisive"	0.1603	7	3206	0.131603502023954	0.441102440777767	0.752488024288418	0.07855	0.2974	0.21885	TRUE
0.4	2.5	0.9	8	3	8	20000	"OptStop indecisive, n8 indecisive"	0.1603	8	3206	0.191725691843521	0.459433764856404	0.698586445910842	0.07855	0.2974	0.21885	TRUE
0.4	2.5	0.9	8	3	8	20000	"OptStop H0, n8 H0"	0.2658	2	5316	-0.779130398378039	-0.546368179814226	-0.208903852621588	0.07855	0.2974	0.21885	TRUE
0.4	2.5	0.9	8	3	8	20000	"OptStop H0, n8 H0"	0.2658	3	5316	-0.991616358104078	-0.657954134665251	-0.305562396377835	0.07855	0.2974	0.21885	TRUE
0.4	2.5	0.9	8	3	8	20000	"OptStop H0, n8 H0"	0.2658	4	5316	-1.16654645288905	-0.75187486948507	-0.322524711264008	0.07855	0.2974	0.21885	TRUE
0.4	2.5	0.9	8	3	8	20000	"OptStop H0, n8 H0"	0.2658	5	5316	-1.28041384334466	-0.812273939333014	-0.365861802367694	0.07855	0.2974	0.21885	TRUE
0.4	2.5	0.9	8	3	8	20000	"OptStop H0, n8 H0"	0.2658	6	5316	-1.37168161980685	-0.873616489965766	-0.399409072840002	0.07855	0.2974	0.21885	TRUE
0.4	2.5	0.9	8	3	8	20000	"OptStop H0, n8 H0"	0.2658	7	5316	-1.46452868615011	-0.933840820359426	-0.473458463851969	0.07855	0.2974	0.21885	TRUE
0.4	2.5	0.9	8	3	8	20000	"OptStop H0, n8 H0"	0.2658	8	5316	-1.50248627978041	-0.937540470155818	-0.499838073370679	0.07855	0.2974	0.21885	TRUE
0.4	2.5	0.9	8	3	8	20000	"OptStop H0, n8 indecisive"	0.14755	2	2951	-0.696273709808729	-0.410953830994212	-0.144064425561416	0.07855	0.2974	0.21885	TRUE
0.4	2.5	0.9	8	3	8	20000	"OptStop H0, n8 indecisive"	0.14755	3	2951	-0.698512058675659	-0.360570029963272	-0.0896290586971387	0.07855	0.2974	0.21885	TRUE
0.4	2.5	0.9	8	3	8	20000	"OptStop H0, n8 indecisive"	0.14755	4	2951	-0.605922900080725	-0.197349362526926	0.138554374331306	0.07855	0.2974	0.21885	TRUE
0.4	2.5	0.9	8	3	8	20000	"OptStop H0, n8 indecisive"	0.14755	5	2951	-0.439283609140988	-0.0513355963613617	0.302021361942031	0.07855	0.2974	0.21885	TRUE
0.4	2.5	0.9	8	3	8	20000	"OptStop H0, n8 indecisive"	0.14755	6	2951	-0.261285129740391	0.0879726601685545	0.41127889160008	0.07855	0.2974	0.21885	TRUE
0.4	2.5	0.9	8	3	8	20000	"OptStop H0, n8 indecisive"	0.14755	7	2951	-0.0793272880199251	0.219900176025409	0.509691812869079	0.07855	0.2974	0.21885	TRUE
0.4	2.5	0.9	8	3	8	20000	"OptStop H0, n8 indecisive"	0.14755	8	2951	0.108777834805574	0.335167730530919	0.604352437716728	0.07855	0.2974	0.21885	TRUE
0.4	2.5	0.9	8	3	8	20000	"OptStop indecisive, n8 H0"	0.09915	2	1983	0.169635683301495	0.398000969810843	0.569675997282872	0.07855	0.2974	0.21885	TRUE
0.4	2.5	0.9	8	3	8	20000	"OptStop indecisive, n8 H0"	0.09915	3	1983	0.154642062140574	0.420086440606971	0.641692405911763	0.07855	0.2974	0.21885	TRUE
0.4	2.5	0.9	8	3	8	20000	"OptStop indecisive, n8 H0"	0.09915	4	1983	-0.203852941064435	0.209308163430831	0.61650060640213	0.07855	0.2974	0.21885	TRUE
0.4	2.5	0.9	8	3	8	20000	"OptStop indecisive, n8 H0"	0.09915	5	1983	-0.505720697470436	-0.0513264657645532	0.431608905320668	0.07855	0.2974	0.21885	TRUE
0.4	2.5	0.9	8	3	8	20000	"OptStop indecisive, n8 H0"	0.09915	6	1983	-0.709269036640211	-0.266105869656088	0.164564299191298	0.07855	0.2974	0.21885	TRUE
0.4	2.5	0.9	8	3	8	20000	"OptStop indecisive, n8 H0"	0.09915	7	1983	-0.883250379291559	-0.483006214359116	-0.0860337059578071	0.07855	0.2974	0.21885	TRUE
0.4	2.5	0.9	8	3	8	20000	"OptStop indecisive, n8 H0"	0.09915	8	1983	-0.989379537160656	-0.602526703216829	-0.320307181492369	0.07855	0.2974	0.21885	TRUE
0.4	2.5	0.9	8	3	8	20000	"OptStop H0, n8 H1"	0.05135	2	1027	-0.651017277105009	-0.347786880049398	-0.148762610926242	0.07855	0.2974	0.21885	TRUE
0.4	2.5	0.9	8	3	8	20000	"OptStop H0, n8 H1"	0.05135	3	1027	-0.388994283245395	-0.126026624164453	0.151151873787544	0.07855	0.2974	0.21885	TRUE
0.4	2.5	0.9	8	3	8	20000	"OptStop H0, n8 H1"	0.05135	4	1027	-0.0564317571771446	0.229048968481532	0.456225888845881	0.07855	0.2974	0.21885	TRUE
0.4	2.5	0.9	8	3	8	20000	"OptStop H0, n8 H1"	0.05135	5	1027	0.227344526924043	0.495875084734083	0.726688273323257	0.07855	0.2974	0.21885	TRUE
0.4	2.5	0.9	8	3	8	20000	"OptStop H0, n8 H1"	0.05135	6	1027	0.501035064701087	0.750874115700205	0.989796508079349	0.07855	0.2974	0.21885	TRUE
0.4	2.5	0.9	8	3	8	20000	"OptStop H0, n8 H1"	0.05135	7	1027	0.769336893725489	0.989426009145443	1.22514317716461	0.07855	0.2974	0.21885	TRUE
0.4	2.5	0.9	8	3	8	20000	"OptStop H0, n8 H1"	0.05135	8	1027	1.04327802507364	1.21067221750198	1.44732759548789	0.07855	0.2974	0.21885	TRUE
0.4	2.5	0.9	8	3	8	20000	"OptStop indecisive, n8 H1"	0.1973	2	3946	0.285332915175526	0.469618191857545	0.588055411539225	0.07855	0.2974	0.21885	TRUE
0.4	2.5	0.9	8	3	8	20000	"OptStop indecisive, n8 H1"	0.1973	3	3946	0.438722251067436	0.633984174342084	0.793872844388671	0.07855	0.2974	0.21885	TRUE
0.4	2.5	0.9	8	3	8	20000	"OptStop indecisive, n8 H1"	0.1973	4	3946	0.558647949742457	0.813308438326269	1.02713028720469	0.07855	0.2974	0.21885	TRUE
0.4	2.5	0.9	8	3	8	20000	"OptStop indecisive, n8 H1"	0.1973	5	3946	0.692395163881822	0.986543674823194	1.24040839559768	0.07855	0.2974	0.21885	TRUE
0.4	2.5	0.9	8	3	8	20000	"OptStop indecisive, n8 H1"	0.1973	6	3946	0.839100486915798	1.15184337802931	1.43655543273231	0.07855	0.2974	0.21885	TRUE
0.4	2.5	0.9	8	3	8	20000	"OptStop indecisive, n8 H1"	0.1973	7	3946	0.997042956056975	1.31140744005977	1.63145887204029	0.07855	0.2974	0.21885	TRUE
0.4	2.5	0.9	8	3	8	20000	"OptStop indecisive, n8 H1"	0.1973	8	3946	1.18312703264816	1.44514460981818	1.79102311135759	0.07855	0.2974	0.21885	TRUE
0.4	2.5	0.9	8	3	8	20000	"OptStop H1, n8 indecisive"	0.022	2	440	0.611506553538606	0.637081322955657	0.651017557342797	0.07855	0.2974	0.21885	TRUE
0.4	2.5	0.9	8	3	8	20000	"OptStop H1, n8 indecisive"	0.022	3	440	0.950389713636676	0.979288895847053	1.00580703247524	0.07855	0.2974	0.21885	TRUE
0.4	2.5	0.9	8	3	8	20000	"OptStop H1, n8 indecisive"	0.022	4	440	0.607334909866492	1.03098103785711	1.26810265394496	0.07855	0.2974	0.21885	TRUE
0.4	2.5	0.9	8	3	8	20000	"OptStop H1, n8 indecisive"	0.022	5	440	0.317613126735519	0.812755884339639	1.2955696537783	0.07855	0.2974	0.21885	TRUE
0.4	2.5	0.9	8	3	8	20000	"OptStop H1, n8 indecisive"	0.022	6	440	0.318460714902321	0.704854886092018	1.06963196198068	0.07855	0.2974	0.21885	TRUE
0.4	2.5	0.9	8	3	8	20000	"OptStop H1, n8 indecisive"	0.022	7	440	0.278723679990039	0.592836123421375	0.950156549278766	0.07855	0.2974	0.21885	TRUE
0.4	2.5	0.9	8	3	8	20000	"OptStop H1, n8 indecisive"	0.022	8	440	0.267325777432109	0.499852834339959	0.71487011940241	0.07855	0.2974	0.21885	TRUE
0.4	2.5	0.9	8	3	8	20000	"OptStop H1, n8 H0"	0.0078	2	156	0.615800159698287	0.639962467195045	0.651724825280734	0.07855	0.2974	0.21885	TRUE
0.4	2.5	0.9	8	3	8	20000	"OptStop H1, n8 H0"	0.0078	3	156	0.95376914201205	0.984342435848917	1.00936546396035	0.07855	0.2974	0.21885	TRUE
0.4	2.5	0.9	8	3	8	20000	"OptStop H1, n8 H0"	0.0078	4	156	0.134218838688306	0.657162867357837	1.18678330373257	0.07855	0.2974	0.21885	TRUE
0.4	2.5	0.9	8	3	8	20000	"OptStop H1, n8 H0"	0.0078	5	156	-0.275054918605293	0.16532949840441	0.722885765314216	0.07855	0.2974	0.21885	TRUE
0.4	2.5	0.9	8	3	8	20000	"OptStop H1, n8 H0"	0.0078	6	156	-0.557437245079566	-0.0740423902610239	0.282231866110716	0.07855	0.2974	0.21885	TRUE
0.4	2.5	0.9	8	3	8	20000	"OptStop H1, n8 H0"	0.0078	7	156	-0.79319597339594	-0.324579415458342	-0.0240444568352009	0.07855	0.2974	0.21885	TRUE
0.4	2.5	0.9	8	3	8	20000	"OptStop H1, n8 H0"	0.0078	8	156	-0.919773684323599	-0.505121265783315	-0.266264011891345	0.07855	0.2974	0.21885	TRUE
0.45	2.5	0.9	8	3	8	20000	"OptStop indecisive, n8 H1"	0.2183	2	4366	0.281661944725141	0.468382524149984	0.58881606623526	0.08385	0.33035	0.2465	TRUE
0.45	2.5	0.9	8	3	8	20000	"OptStop indecisive, n8 H1"	0.2183	3	4366	0.432547420968676	0.630393206204123	0.78929628317432	0.08385	0.33035	0.2465	TRUE
0.45	2.5	0.9	8	3	8	20000	"OptStop indecisive, n8 H1"	0.2183	4	4366	0.55561168747925	0.821057496431905	1.02134920659847	0.08385	0.33035	0.2465	TRUE
0.45	2.5	0.9	8	3	8	20000	"OptStop indecisive, n8 H1"	0.2183	5	4366	0.686552751074087	0.990089689881549	1.2435465157278	0.08385	0.33035	0.2465	TRUE
0.45	2.5	0.9	8	3	8	20000	"OptStop indecisive, n8 H1"	0.2183	6	4366	0.844503709104438	1.15509039243052	1.4447655969028	0.08385	0.33035	0.2465	TRUE
0.45	2.5	0.9	8	3	8	20000	"OptStop indecisive, n8 H1"	0.2183	7	4366	1.01735860790341	1.30897166456067	1.62966996596472	0.08385	0.33035	0.2465	TRUE
0.45	2.5	0.9	8	3	8	20000	"OptStop indecisive, n8 H1"	0.2183	8	4366	1.19994096123312	1.46772227246542	1.79755013872863	0.08385	0.33035	0.2465	TRUE
0.45	2.5	0.9	8	3	8	20000	"OptStop H0, n8 H0"	0.2361	2	4722	-0.775048798260422	-0.527721611373253	-0.183994038998419	0.08385	0.33035	0.2465	TRUE
0.45	2.5	0.9	8	3	8	20000	"OptStop H0, n8 H0"	0.2361	3	4722	-0.978095581107649	-0.646104181683774	-0.310110674681571	0.08385	0.33035	0.2465	TRUE
0.45	2.5	0.9	8	3	8	20000	"OptStop H0, n8 H0"	0.2361	4	4722	-1.14294554171844	-0.749530922912644	-0.319288496459797	0.08385	0.33035	0.2465	TRUE
0.45	2.5	0.9	8	3	8	20000	"OptStop H0, n8 H0"	0.2361	5	4722	-1.26829082608104	-0.81948715816571	-0.337804834012575	0.08385	0.33035	0.2465	TRUE
0.45	2.5	0.9	8	3	8	20000	"OptStop H0, n8 H0"	0.2361	6	4722	-1.35140829881972	-0.87138091166161	-0.392745353301909	0.08385	0.33035	0.2465	TRUE
0.45	2.5	0.9	8	3	8	20000	"OptStop H0, n8 H0"	0.2361	7	4722	-1.40839186130051	-0.891698640097581	-0.458471926575403	0.08385	0.33035	0.2465	TRUE
0.45	2.5	0.9	8	3	8	20000	"OptStop H0, n8 H0"	0.2361	8	4722	-1.47138749861046	-0.893451563135164	-0.482770419840065	0.08385	0.33035	0.2465	TRUE
0.45	2.5	0.9	8	3	8	20000	"OptStop indecisive, n8 indecisive"	0.1612	2	3224	0.210589966043722	0.423562133684371	0.571100641709655	0.08385	0.33035	0.2465	TRUE
0.45	2.5	0.9	8	3	8	20000	"OptStop indecisive, n8 indecisive"	0.1612	3	3224	0.262714513472683	0.508170826692842	0.707034319496687	0.08385	0.33035	0.2465	TRUE
0.45	2.5	0.9	8	3	8	20000	"OptStop indecisive, n8 indecisive"	0.1612	4	3224	0.150918602119424	0.516069012171352	0.830246063163542	0.08385	0.33035	0.2465	TRUE
0.45	2.5	0.9	8	3	8	20000	"OptStop indecisive, n8 indecisive"	0.1612	5	3224	0.0801382992602254	0.477636429878463	0.869048298302501	0.08385	0.33035	0.2465	TRUE
0.45	2.5	0.9	8	3	8	20000	"OptStop indecisive, n8 indecisive"	0.1612	6	3224	0.0811873369447322	0.452804825929961	0.82788452517813	0.08385	0.33035	0.2465	TRUE
0.45	2.5	0.9	8	3	8	20000	"OptStop indecisive, n8 indecisive"	0.1612	7	3224	0.136461931563929	0.417664522935508	0.730745800442884	0.08385	0.33035	0.2465	TRUE
0.45	2.5	0.9	8	3	8	20000	"OptStop indecisive, n8 indecisive"	0.1612	8	3224	0.215086120117076	0.469522725660472	0.69296303674328	0.08385	0.33035	0.2465	TRUE
0.45	2.5	0.9	8	3	8	20000	"OptStop H0, n8 indecisive"	0.1532	2	3064	-0.711669653763024	-0.417997632334808	-0.134033365823737	0.08385	0.33035	0.2465	TRUE
0.45	2.5	0.9	8	3	8	20000	"OptStop H0, n8 indecisive"	0.1532	3	3064	-0.691553496924352	-0.348189912699669	-0.107579084765846	0.08385	0.33035	0.2465	TRUE
0.45	2.5	0.9	8	3	8	20000	"OptStop H0, n8 indecisive"	0.1532	4	3064	-0.572099478783302	-0.181930433279607	0.150991184555774	0.08385	0.33035	0.2465	TRUE
0.45	2.5	0.9	8	3	8	20000	"OptStop H0, n8 indecisive"	0.1532	5	3064	-0.421662723179623	-0.0355599461510272	0.298707413856166	0.08385	0.33035	0.2465	TRUE
0.45	2.5	0.9	8	3	8	20000	"OptStop H0, n8 indecisive"	0.1532	6	3064	-0.274691645108142	0.08213910537897	0.408043270521046	0.08385	0.33035	0.2465	TRUE
0.45	2.5	0.9	8	3	8	20000	"OptStop H0, n8 indecisive"	0.1532	7	3064	-0.0666083275899857	0.224698449791229	0.502643514766089	0.08385	0.33035	0.2465	TRUE
0.45	2.5	0.9	8	3	8	20000	"OptStop H0, n8 indecisive"	0.1532	8	3064	0.1307704300609	0.371684543625975	0.621980353741718	0.08385	0.33035	0.2465	TRUE
0.45	2.5	0.9	8	3	8	20000	"OptStop indecisive, n8 H0"	0.0902	2	1804	0.180844925869198	0.39214915443702	0.562621835874799	0.08385	0.33035	0.2465	TRUE
0.45	2.5	0.9	8	3	8	20000	"OptStop indecisive, n8 H0"	0.0902	3	1804	0.169715636663577	0.429543953894437	0.634014959204708	0.08385	0.33035	0.2465	TRUE
0.45	2.5	0.9	8	3	8	20000	"OptStop indecisive, n8 H0"	0.0902	4	1804	-0.250237327362555	0.181413100319742	0.594154082786962	0.08385	0.33035	0.2465	TRUE
0.45	2.5	0.9	8	3	8	20000	"OptStop indecisive, n8 H0"	0.0902	5	1804	-0.523209375831909	-0.0739661197804478	0.397174072976946	0.08385	0.33035	0.2465	TRUE
0.45	2.5	0.9	8	3	8	20000	"OptStop indecisive, n8 H0"	0.0902	6	1804	-0.720990095591829	-0.278922197645456	0.183771355533801	0.08385	0.33035	0.2465	TRUE
0.45	2.5	0.9	8	3	8	20000	"OptStop indecisive, n8 H0"	0.0902	7	1804	-0.926994876301055	-0.463446985641079	-0.101593717773716	0.08385	0.33035	0.2465	TRUE
0.45	2.5	0.9	8	3	8	20000	"OptStop indecisive, n8 H0"	0.0902	8	1804	-1.0275189344376	-0.598252509249604	-0.326937247880478	0.08385	0.33035	0.2465	TRUE
0.45	2.5	0.9	8	3	8	20000	"OptStop H1, n8 H0"	0.0082	2	164	0.612293784657824	0.63701557552992	0.649123801318557	0.08385	0.33035	0.2465	TRUE
0.45	2.5	0.9	8	3	8	20000	"OptStop H1, n8 H0"	0.0082	3	164	0.939447481621674	0.974336366901746	1.00504615686589	0.08385	0.33035	0.2465	TRUE
0.45	2.5	0.9	8	3	8	20000	"OptStop H1, n8 H0"	0.0082	4	164	0.217451659915257	0.642024790980599	1.1123167847824	0.08385	0.33035	0.2465	TRUE
0.45	2.5	0.9	8	3	8	20000	"OptStop H1, n8 H0"	0.0082	5	164	-0.247155871628981	0.292685754957821	0.738862043705786	0.08385	0.33035	0.2465	TRUE
0.45	2.5	0.9	8	3	8	20000	"OptStop H1, n8 H0"	0.0082	6	164	-0.48677770183016	-0.121062143005207	0.404521620777017	0.08385	0.33035	0.2465	TRUE
0.45	2.5	0.9	8	3	8	20000	"OptStop H1, n8 H0"	0.0082	7	164	-0.682708168139204	-0.356074497339501	-0.0340026735148051	0.08385	0.33035	0.2465	TRUE
0.45	2.5	0.9	8	3	8	20000	"OptStop H1, n8 H0"	0.0082	8	164	-0.842111562352744	-0.560524497803585	-0.25916518985336	0.08385	0.33035	0.2465	TRUE
0.45	2.5	0.9	8	3	8	20000	"OptStop H1, n8 H1"	0.0549	2	1098	0.611206499005216	0.637021581591711	0.651402439882594	0.08385	0.33035	0.2465	TRUE
0.45	2.5	0.9	8	3	8	20000	"OptStop H1, n8 H1"	0.0549	3	1098	0.949045011716962	0.978043822930066	1.00713507682345	0.08385	0.33035	0.2465	TRUE
0.45	2.5	0.9	8	3	8	20000	"OptStop H1, n8 H1"	0.0549	4	1098	1.02971179534063	1.22835031995875	1.32086670309574	0.08385	0.33035	0.2465	TRUE
0.45	2.5	0.9	8	3	8	20000	"OptStop H1, n8 H1"	0.0549	5	1098	1.06977849189961	1.38224896520274	1.56823073264232	0.08385	0.33035	0.2465	TRUE
0.45	2.5	0.9	8	3	8	20000	"OptStop H1, n8 H1"	0.0549	6	1098	1.15550967237451	1.48871743808064	1.77768092404797	0.08385	0.33035	0.2465	TRUE
0.45	2.5	0.9	8	3	8	20000	"OptStop H1, n8 H1"	0.0549	7	1098	1.26905213024426	1.5916176012686	1.92315986667545	0.08385	0.33035	0.2465	TRUE
0.45	2.5	0.9	8	3	8	20000	"OptStop H1, n8 H1"	0.0549	8	1098	1.32078098221655	1.69212803681776	2.08429193777062	0.08385	0.33035	0.2465	TRUE
0.45	2.5	0.9	8	3	8	20000	"OptStop H1, n8 indecisive"	0.02075	2	415	0.608382616996732	0.634911893899195	0.650837817715383	0.08385	0.33035	0.2465	TRUE
0.45	2.5	0.9	8	3	8	20000	"OptStop H1, n8 indecisive"	0.02075	3	415	0.944270919858073	0.97627057902575	1.00379874373433	0.08385	0.33035	0.2465	TRUE
0.45	2.5	0.9	8	3	8	20000	"OptStop H1, n8 indecisive"	0.02075	4	415	0.495691519894862	0.985542769102129	1.26011486584947	0.08385	0.33035	0.2465	TRUE
0.45	2.5	0.9	8	3	8	20000	"OptStop H1, n8 indecisive"	0.02075	5	415	0.366237959382031	0.763973416126654	1.15689546432281	0.08385	0.33035	0.2465	TRUE
0.45	2.5	0.9	8	3	8	20000	"OptStop H1, n8 indecisive"	0.02075	6	415	0.243353523034112	0.622358946608425	1.03699847544903	0.08385	0.33035	0.2465	TRUE
0.45	2.5	0.9	8	3	8	20000	"OptStop H1, n8 indecisive"	0.02075	7	415	0.230452886635554	0.509580658055075	0.803934680572419	0.08385	0.33035	0.2465	TRUE
0.45	2.5	0.9	8	3	8	20000	"OptStop H1, n8 indecisive"	0.02075	8	415	0.221164009190677	0.484935805206125	0.70880300402057	0.08385	0.33035	0.2465	TRUE
0.45	2.5	0.9	8	3	8	20000	"OptStop H0, n8 H1"	0.05715	2	1143	-0.63268511693101	-0.370167758126094	-0.163465571885242	0.08385	0.33035	0.2465	TRUE
0.45	2.5	0.9	8	3	8	20000	"OptStop H0, n8 H1"	0.05715	3	1143	-0.411668319707174	-0.133029436853914	0.160783626333903	0.08385	0.33035	0.2465	TRUE
0.45	2.5	0.9	8	3	8	20000	"OptStop H0, n8 H1"	0.05715	4	1143	-0.081998088171264	0.227029262219763	0.456764075803261	0.08385	0.33035	0.2465	TRUE
0.45	2.5	0.9	8	3	8	20000	"OptStop H0, n8 H1"	0.05715	5	1143	0.215987222012752	0.486014260920219	0.740370803078151	0.08385	0.33035	0.2465	TRUE
0.45	2.5	0.9	8	3	8	20000	"OptStop H0, n8 H1"	0.05715	6	1143	0.496378306281878	0.748979688882621	1.00985356858203	0.08385	0.33035	0.2465	TRUE
0.45	2.5	0.9	8	3	8	20000	"OptStop H0, n8 H1"	0.05715	7	1143	0.793726153647151	0.985898352561665	1.25023771650545	0.08385	0.33035	0.2465	TRUE
0.45	2.5	0.9	8	3	8	20000	"OptStop H0, n8 H1"	0.05715	8	1143	1.06161263500831	1.23164821215166	1.44504840439188	0.08385	0.33035	0.2465	TRUE
0.5	2.5	0.9	8	3	8	20000	"OptStop H0, n8 indecisive"	0.1495	2	2990	-0.71282376151386	-0.409413790352697	-0.134331582279242	0.0959	0.36235	0.26645	TRUE
0.5	2.5	0.9	8	3	8	20000	"OptStop H0, n8 indecisive"	0.1495	3	2990	-0.694036321276776	-0.33838262317992	-0.0858417849276399	0.0959	0.36235	0.26645	TRUE
0.5	2.5	0.9	8	3	8	20000	"OptStop H0, n8 indecisive"	0.1495	4	2990	-0.571613326829697	-0.194246150522948	0.154656456636936	0.0959	0.36235	0.26645	TRUE
0.5	2.5	0.9	8	3	8	20000	"OptStop H0, n8 indecisive"	0.1495	5	2990	-0.434899745187639	-0.0534403153588766	0.291739473772518	0.0959	0.36235	0.26645	TRUE
0.5	2.5	0.9	8	3	8	20000	"OptStop H0, n8 indecisive"	0.1495	6	2990	-0.246583610586387	0.0793287033588504	0.433493878232357	0.0959	0.36235	0.26645	TRUE
0.5	2.5	0.9	8	3	8	20000	"OptStop H0, n8 indecisive"	0.1495	7	2990	-0.0528394030005979	0.232281820646878	0.510191670419082	0.0959	0.36235	0.26645	TRUE
0.5	2.5	0.9	8	3	8	20000	"OptStop H0, n8 indecisive"	0.1495	8	2990	0.135407554613655	0.362158561593279	0.621466407790106	0.0959	0.36235	0.26645	TRUE
0.5	2.5	0.9	8	3	8	20000	"OptStop H0, n8 H1"	0.06035	2	1207	-0.631357447895084	-0.341104863278199	-0.155080072779741	0.0959	0.36235	0.26645	TRUE
0.5	2.5	0.9	8	3	8	20000	"OptStop H0, n8 H1"	0.06035	3	1207	-0.374125378500505	-0.128885970353115	0.168881035308043	0.0959	0.36235	0.26645	TRUE
0.5	2.5	0.9	8	3	8	20000	"OptStop H0, n8 H1"	0.06035	4	1207	-0.087889630434173	0.219943210773246	0.453486987205975	0.0959	0.36235	0.26645	TRUE
0.5	2.5	0.9	8	3	8	20000	"OptStop H0, n8 H1"	0.06035	5	1207	0.208964985096374	0.482714916856056	0.720114353510109	0.0959	0.36235	0.26645	TRUE
0.5	2.5	0.9	8	3	8	20000	"OptStop H0, n8 H1"	0.06035	6	1207	0.481999600093246	0.732550823889897	0.98548835318963	0.0959	0.36235	0.26645	TRUE
0.5	2.5	0.9	8	3	8	20000	"OptStop H0, n8 H1"	0.06035	7	1207	0.767035328198448	0.984451523695006	1.21728195502953	0.0959	0.36235	0.26645	TRUE
0.5	2.5	0.9	8	3	8	20000	"OptStop H0, n8 H1"	0.06035	8	1207	1.06553512176131	1.21414322935871	1.45231179615615	0.0959	0.36235	0.26645	TRUE
0.5	2.5	0.9	8	3	8	20000	"OptStop H0, n8 H0"	0.21195	2	4239	-0.776187860626567	-0.547782907162674	-0.210485334130099	0.0959	0.36235	0.26645	TRUE
0.5	2.5	0.9	8	3	8	20000	"OptStop H0, n8 H0"	0.21195	3	4239	-0.991786765991208	-0.646515470332328	-0.310577879518807	0.0959	0.36235	0.26645	TRUE
0.5	2.5	0.9	8	3	8	20000	"OptStop H0, n8 H0"	0.21195	4	4239	-1.13842160407455	-0.746545236838419	-0.320626786409444	0.0959	0.36235	0.26645	TRUE
0.5	2.5	0.9	8	3	8	20000	"OptStop H0, n8 H0"	0.21195	5	4239	-1.27086245052889	-0.815220874185593	-0.350130939391428	0.0959	0.36235	0.26645	TRUE
0.5	2.5	0.9	8	3	8	20000	"OptStop H0, n8 H0"	0.21195	6	4239	-1.3659813412238	-0.862684746016725	-0.395713968116006	0.0959	0.36235	0.26645	TRUE
0.5	2.5	0.9	8	3	8	20000	"OptStop H0, n8 H0"	0.21195	7	4239	-1.40645846102527	-0.882899075141685	-0.430051915496101	0.0959	0.36235	0.26645	TRUE
0.5	2.5	0.9	8	3	8	20000	"OptStop H0, n8 H0"	0.21195	8	4239	-1.43841615546592	-0.886100097102387	-0.462768157839111	0.0959	0.36235	0.26645	TRUE
0.5	2.5	0.9	8	3	8	20000	"OptStop indecisive, n8 H0"	0.08235	2	1647	0.170573054708511	0.393306456806083	0.566477554535862	0.0959	0.36235	0.26645	TRUE
0.5	2.5	0.9	8	3	8	20000	"OptStop indecisive, n8 H0"	0.08235	3	1647	0.172764604185609	0.429849319195589	0.641463290221278	0.0959	0.36235	0.26645	TRUE
0.5	2.5	0.9	8	3	8	20000	"OptStop indecisive, n8 H0"	0.08235	4	1647	-0.196038286500432	0.228803840609041	0.590885933607535	0.0959	0.36235	0.26645	TRUE
0.5	2.5	0.9	8	3	8	20000	"OptStop indecisive, n8 H0"	0.08235	5	1647	-0.464159461198194	-0.0401914712083538	0.448044591933298	0.0959	0.36235	0.26645	TRUE
0.5	2.5	0.9	8	3	8	20000	"OptStop indecisive, n8 H0"	0.08235	6	1647	-0.660632213364791	-0.26851741789778	0.185383275739327	0.0959	0.36235	0.26645	TRUE
0.5	2.5	0.9	8	3	8	20000	"OptStop indecisive, n8 H0"	0.08235	7	1647	-0.81194063108275	-0.432441106930143	-0.0811772039434795	0.0959	0.36235	0.26645	TRUE
0.5	2.5	0.9	8	3	8	20000	"OptStop indecisive, n8 H0"	0.08235	8	1647	-0.920749670640859	-0.571716278904189	-0.322461258923444	0.0959	0.36235	0.26645	TRUE
0.5	2.5	0.9	8	3	8	20000	"OptStop indecisive, n8 indecisive"	0.16415	2	3283	0.216004056993202	0.42811011912782	0.583408512837118	0.0959	0.36235	0.26645	TRUE
0.5	2.5	0.9	8	3	8	20000	"OptStop indecisive, n8 indecisive"	0.16415	3	3283	0.267455350957868	0.4973816491285	0.706404135242137	0.0959	0.36235	0.26645	TRUE
0.5	2.5	0.9	8	3	8	20000	"OptStop indecisive, n8 indecisive"	0.16415	4	3283	0.164990525883277	0.52580032153709	0.817409509265312	0.0959	0.36235	0.26645	TRUE
0.5	2.5	0.9	8	3	8	20000	"OptStop indecisive, n8 indecisive"	0.16415	5	3283	0.100365255202449	0.493876197149749	0.859202628632007	0.0959	0.36235	0.26645	TRUE
0.5	2.5	0.9	8	3	8	20000	"OptStop indecisive, n8 indecisive"	0.16415	6	3283	0.0913259015626988	0.462746740813091	0.847922801919877	0.0959	0.36235	0.26645	TRUE
0.5	2.5	0.9	8	3	8	20000	"OptStop indecisive, n8 indecisive"	0.16415	7	3283	0.134423774564956	0.440095033775242	0.750176504041175	0.0959	0.36235	0.26645	TRUE
0.5	2.5	0.9	8	3	8	20000	"OptStop indecisive, n8 indecisive"	0.16415	8	3283	0.217002638201593	0.469156054434622	0.715170546786354	0.0959	0.36235	0.26645	TRUE
0.5	2.5	0.9	8	3	8	20000	"OptStop indecisive, n8 H1"	0.2358	2	4716	0.288748420851665	0.474049933913067	0.590519200100213	0.0959	0.36235	0.26645	TRUE
0.5	2.5	0.9	8	3	8	20000	"OptStop indecisive, n8 H1"	0.2358	3	4716	0.447078518275217	0.639111820623019	0.793671461926939	0.0959	0.36235	0.26645	TRUE
0.5	2.5	0.9	8	3	8	20000	"OptStop indecisive, n8 H1"	0.2358	4	4716	0.576604074646824	0.828514938250915	1.02544671993682	0.0959	0.36235	0.26645	TRUE
0.5	2.5	0.9	8	3	8	20000	"OptStop indecisive, n8 H1"	0.2358	5	4716	0.721205123016082	1.01080769199251	1.24931066606521	0.0959	0.36235	0.26645	TRUE
0.5	2.5	0.9	8	3	8	20000	"OptStop indecisive, n8 H1"	0.2358	6	4716	0.868341645770666	1.17089488215397	1.45459761835285	0.0959	0.36235	0.26645	TRUE
0.5	2.5	0.9	8	3	8	20000	"OptStop indecisive, n8 H1"	0.2358	7	4716	1.02701403574665	1.34259358875628	1.64143909530465	0.0959	0.36235	0.26645	TRUE
0.5	2.5	0.9	8	3	8	20000	"OptStop indecisive, n8 H1"	0.2358	8	4716	1.1797301065089	1.49466459782641	1.82368561378539	0.0959	0.36235	0.26645	TRUE
0.5	2.5	0.9	8	3	8	20000	"OptStop H1, n8 H1"	0.0662	2	1324	0.610472115351991	0.638220325829617	0.651694432105315	0.0959	0.36235	0.26645	TRUE
0.5	2.5	0.9	8	3	8	20000	"OptStop H1, n8 H1"	0.0662	3	1324	0.949054339950611	0.978433710668234	1.00749411823281	0.0959	0.36235	0.26645	TRUE
0.5	2.5	0.9	8	3	8	20000	"OptStop H1, n8 H1"	0.0662	4	1324	1.03641504279445	1.24595235757806	1.32763880951096	0.0959	0.36235	0.26645	TRUE
0.5	2.5	0.9	8	3	8	20000	"OptStop H1, n8 H1"	0.0662	5	1324	1.09449443368965	1.38576045319326	1.58051454405132	0.0959	0.36235	0.26645	TRUE
0.5	2.5	0.9	8	3	8	20000	"OptStop H1, n8 H1"	0.0662	6	1324	1.16031548902415	1.52603618128696	1.81270620857415	0.0959	0.36235	0.26645	TRUE
0.5	2.5	0.9	8	3	8	20000	"OptStop H1, n8 H1"	0.0662	7	1324	1.25965335262906	1.61531285322277	1.98209610397571	0.0959	0.36235	0.26645	TRUE
0.5	2.5	0.9	8	3	8	20000	"OptStop H1, n8 H1"	0.0662	8	1324	1.3719886529897	1.74115350855531	2.12907505357388	0.0959	0.36235	0.26645	TRUE
0.5	2.5	0.9	8	3	8	20000	"OptStop H1, n8 indecisive"	0.0223	2	446	0.605269840546308	0.636300730336379	0.650370744962079	0.0959	0.36235	0.26645	TRUE
0.5	2.5	0.9	8	3	8	20000	"OptStop H1, n8 indecisive"	0.0223	3	446	0.946948707184493	0.975543013363031	1.01037243009666	0.0959	0.36235	0.26645	TRUE
0.5	2.5	0.9	8	3	8	20000	"OptStop H1, n8 indecisive"	0.0223	4	446	0.662151510330546	1.06298702265539	1.27688219418489	0.0959	0.36235	0.26645	TRUE
0.5	2.5	0.9	8	3	8	20000	"OptStop H1, n8 indecisive"	0.0223	5	446	0.368390546032106	0.868199601340472	1.29634843312821	0.0959	0.36235	0.26645	TRUE
0.5	2.5	0.9	8	3	8	20000	"OptStop H1, n8 indecisive"	0.0223	6	446	0.235891243524188	0.622232454256063	1.09550506411041	0.0959	0.36235	0.26645	TRUE
0.5	2.5	0.9	8	3	8	20000	"OptStop H1, n8 indecisive"	0.0223	7	446	0.220146003452856	0.541710573841215	0.869823435466494	0.0959	0.36235	0.26645	TRUE
0.5	2.5	0.9	8	3	8	20000	"OptStop H1, n8 indecisive"	0.0223	8	446	0.258057892652366	0.52921924987198	0.736257021795418	0.0959	0.36235	0.26645	TRUE
0.5	2.5	0.9	8	3	8	20000	"OptStop H1, n8 H0"	0.0074	2	148	0.610181138663295	0.63451008238188	0.650578018857112	0.0959	0.36235	0.26645	TRUE
0.5	2.5	0.9	8	3	8	20000	"OptStop H1, n8 H0"	0.0074	3	148	0.948166969480592	0.97472168114525	1.0003699044654	0.0959	0.36235	0.26645	TRUE
0.5	2.5	0.9	8	3	8	20000	"OptStop H1, n8 H0"	0.0074	4	148	0.306732802432924	0.76807552194616	1.14734224281944	0.0959	0.36235	0.26645	TRUE
0.5	2.5	0.9	8	3	8	20000	"OptStop H1, n8 H0"	0.0074	5	148	-0.198645509007309	0.322663065269688	0.948363259793242	0.0959	0.36235	0.26645	TRUE
0.5	2.5	0.9	8	3	8	20000	"OptStop H1, n8 H0"	0.0074	6	148	-0.448650810754212	0.00234850287622301	0.563999442278517	0.0959	0.36235	0.26645	TRUE
0.5	2.5	0.9	8	3	8	20000	"OptStop H1, n8 H0"	0.0074	7	148	-0.69947724858617	-0.340740166381279	0.0626244098956724	0.0959	0.36235	0.26645	TRUE
0.5	2.5	0.9	8	3	8	20000	"OptStop H1, n8 H0"	0.0074	8	148	-0.88223064306648	-0.580037827672219	-0.282851478424867	0.0959	0.36235	0.26645	TRUE
0.55	2.5	0.9	8	3	8	20000	"OptStop indecisive, n8 H1"	0.25725	2	5145	0.288399720252869	0.470130490661349	0.594209318984623	0.1044	0.3984	0.294	TRUE
0.55	2.5	0.9	8	3	8	20000	"OptStop indecisive, n8 H1"	0.25725	3	5145	0.442913628233288	0.638109427389997	0.790622055879015	0.1044	0.3984	0.294	TRUE
0.55	2.5	0.9	8	3	8	20000	"OptStop indecisive, n8 H1"	0.25725	4	5145	0.589047261999305	0.832114449285966	1.03379568695245	0.1044	0.3984	0.294	TRUE
0.55	2.5	0.9	8	3	8	20000	"OptStop indecisive, n8 H1"	0.25725	5	5145	0.721145765325342	1.0188979835299	1.25504407129576	0.1044	0.3984	0.294	TRUE
0.55	2.5	0.9	8	3	8	20000	"OptStop indecisive, n8 H1"	0.25725	6	5145	0.887063900103371	1.19039126701437	1.46841532092872	0.1044	0.3984	0.294	TRUE
0.55	2.5	0.9	8	3	8	20000	"OptStop indecisive, n8 H1"	0.25725	7	5145	1.04933420142727	1.34787694231847	1.66625960386359	0.1044	0.3984	0.294	TRUE
0.55	2.5	0.9	8	3	8	20000	"OptStop indecisive, n8 H1"	0.25725	8	5145	1.2045746542395	1.50788647069697	1.8432358267526	0.1044	0.3984	0.294	TRUE
0.55	2.5	0.9	8	3	8	20000	"OptStop H0, n8 H0"	0.18705	2	3741	-0.757250859864808	-0.52178876914515	-0.176368511059299	0.1044	0.3984	0.294	TRUE
0.55	2.5	0.9	8	3	8	20000	"OptStop H0, n8 H0"	0.18705	3	3741	-0.960017422211225	-0.632585130953938	-0.299362950894845	0.1044	0.3984	0.294	TRUE
0.55	2.5	0.9	8	3	8	20000	"OptStop H0, n8 H0"	0.18705	4	3741	-1.10123357251564	-0.712759423465161	-0.27886268306322	0.1044	0.3984	0.294	TRUE
0.55	2.5	0.9	8	3	8	20000	"OptStop H0, n8 H0"	0.18705	5	3741	-1.21490679572264	-0.759628999096541	-0.315096417510747	0.1044	0.3984	0.294	TRUE
0.55	2.5	0.9	8	3	8	20000	"OptStop H0, n8 H0"	0.18705	6	3741	-1.30035833924223	-0.79957949052027	-0.355784039182071	0.1044	0.3984	0.294	TRUE
0.55	2.5	0.9	8	3	8	20000	"OptStop H0, n8 H0"	0.18705	7	3741	-1.3280609258422	-0.824518898809247	-0.412397721300625	0.1044	0.3984	0.294	TRUE
0.55	2.5	0.9	8	3	8	20000	"OptStop H0, n8 H0"	0.18705	8	3741	-1.3499560313089	-0.809279571469682	-0.425024680752957	0.1044	0.3984	0.294	TRUE
0.55	2.5	0.9	8	3	8	20000	"OptStop H1, n8 H1"	0.0744	2	1488	0.606902788511383	0.635949024968302	0.651236549257951	0.1044	0.3984	0.294	TRUE
0.55	2.5	0.9	8	3	8	20000	"OptStop H1, n8 H1"	0.0744	3	1488	0.947214692114252	0.974947047301217	1.00553915372261	0.1044	0.3984	0.294	TRUE
0.55	2.5	0.9	8	3	8	20000	"OptStop H1, n8 H1"	0.0744	4	1488	1.02826749823015	1.2329568727346	1.31797890594203	0.1044	0.3984	0.294	TRUE
0.55	2.5	0.9	8	3	8	20000	"OptStop H1, n8 H1"	0.0744	5	1488	1.11081485686082	1.38240457738159	1.58458266490334	0.1044	0.3984	0.294	TRUE
0.55	2.5	0.9	8	3	8	20000	"OptStop H1, n8 H1"	0.0744	6	1488	1.20070073287108	1.52760570820313	1.79268849003189	0.1044	0.3984	0.294	TRUE
0.55	2.5	0.9	8	3	8	20000	"OptStop H1, n8 H1"	0.0744	7	1488	1.29731563936498	1.6572725368796	1.98833961750918	0.1044	0.3984	0.294	TRUE
0.55	2.5	0.9	8	3	8	20000	"OptStop H1, n8 H1"	0.0744	8	1488	1.39295029706096	1.77616101125047	2.17511948659433	0.1044	0.3984	0.294	TRUE
0.55	2.5	0.9	8	3	8	20000	"OptStop H0, n8 indecisive"	0.14865	2	2973	-0.687378500969068	-0.382668182232124	-0.115841864719567	0.1044	0.3984	0.294	TRUE
0.55	2.5	0.9	8	3	8	20000	"OptStop H0, n8 indecisive"	0.14865	3	2973	-0.659670016830984	-0.334382383233949	-0.0922954577286883	0.1044	0.3984	0.294	TRUE
0.55	2.5	0.9	8	3	8	20000	"OptStop H0, n8 indecisive"	0.14865	4	2973	-0.562906395073081	-0.16347331360414	0.172054652703033	0.1044	0.3984	0.294	TRUE
0.55	2.5	0.9	8	3	8	20000	"OptStop H0, n8 indecisive"	0.14865	5	2973	-0.388898913321307	-0.0286242617210053	0.318565110611412	0.1044	0.3984	0.294	TRUE
0.55	2.5	0.9	8	3	8	20000	"OptStop H0, n8 indecisive"	0.14865	6	2973	-0.232739869913528	0.101221699872662	0.432883528326185	0.1044	0.3984	0.294	TRUE
0.55	2.5	0.9	8	3	8	20000	"OptStop H0, n8 indecisive"	0.14865	7	2973	-0.0395770977874184	0.251175451487736	0.517629454098185	0.1044	0.3984	0.294	TRUE
0.55	2.5	0.9	8	3	8	20000	"OptStop H0, n8 indecisive"	0.14865	8	2973	0.151462496804544	0.394347813882054	0.640236344309838	0.1044	0.3984	0.294	TRUE
0.55	2.5	0.9	8	3	8	20000	"OptStop H1, n8 indecisive"	0.02285	2	457	0.613053560809074	0.638090450968702	0.651330435261695	0.1044	0.3984	0.294	TRUE
0.55	2.5	0.9	8	3	8	20000	"OptStop H1, n8 indecisive"	0.02285	3	457	0.946791512189386	0.977504096007696	1.00805110646704	0.1044	0.3984	0.294	TRUE
0.55	2.5	0.9	8	3	8	20000	"OptStop H1, n8 indecisive"	0.02285	4	457	0.620319872834998	1.00335402720028	1.26324471044322	0.1044	0.3984	0.294	TRUE
0.55	2.5	0.9	8	3	8	20000	"OptStop H1, n8 indecisive"	0.02285	5	457	0.398799932243719	0.855567388062228	1.23485809121643	0.1044	0.3984	0.294	TRUE
0.55	2.5	0.9	8	3	8	20000	"OptStop H1, n8 indecisive"	0.02285	6	457	0.274306457349135	0.655316552446847	1.15155884189156	0.1044	0.3984	0.294	TRUE
0.55	2.5	0.9	8	3	8	20000	"OptStop H1, n8 indecisive"	0.02285	7	457	0.241228243531822	0.546020933971019	0.930519523455295	0.1044	0.3984	0.294	TRUE
0.55	2.5	0.9	8	3	8	20000	"OptStop H1, n8 indecisive"	0.02285	8	457	0.277583456294676	0.53945353774802	0.732758623843388	0.1044	0.3984	0.294	TRUE
0.55	2.5	0.9	8	3	8	20000	"OptStop indecisive, n8 indecisive"	0.16215	2	3243	0.207297190751749	0.423890588233421	0.580966547014275	0.1044	0.3984	0.294	TRUE
0.55	2.5	0.9	8	3	8	20000	"OptStop indecisive, n8 indecisive"	0.16215	3	3243	0.256027538467097	0.507806327206693	0.708529401852244	0.1044	0.3984	0.294	TRUE
0.55	2.5	0.9	8	3	8	20000	"OptStop indecisive, n8 indecisive"	0.16215	4	3243	0.17944881567288	0.527964145134666	0.836211285414718	0.1044	0.3984	0.294	TRUE
0.55	2.5	0.9	8	3	8	20000	"OptStop indecisive, n8 indecisive"	0.16215	5	3243	0.107390965584008	0.511615351638419	0.885644174442701	0.1044	0.3984	0.294	TRUE
0.55	2.5	0.9	8	3	8	20000	"OptStop indecisive, n8 indecisive"	0.16215	6	3243	0.089978499320458	0.476256094400781	0.853361807896634	0.1044	0.3984	0.294	TRUE
0.55	2.5	0.9	8	3	8	20000	"OptStop indecisive, n8 indecisive"	0.16215	7	3243	0.15709116275992	0.443225500775694	0.766785215192598	0.1044	0.3984	0.294	TRUE
0.55	2.5	0.9	8	3	8	20000	"OptStop indecisive, n8 indecisive"	0.16215	8	3243	0.231424090790698	0.487140549062901	0.704134315515118	0.1044	0.3984	0.294	TRUE
0.55	2.5	0.9	8	3	8	20000	"OptStop H0, n8 H1"	0.06675	2	1335	-0.653468357247525	-0.372585696708885	-0.155841905180198	0.1044	0.3984	0.294	TRUE
0.55	2.5	0.9	8	3	8	20000	"OptStop H0, n8 H1"	0.06675	3	1335	-0.374618832692471	-0.118246917941189	0.18568235081931	0.1044	0.3984	0.294	TRUE
0.55	2.5	0.9	8	3	8	20000	"OptStop H0, n8 H1"	0.06675	4	1335	-0.0417165618893353	0.232575544039996	0.459840060775596	0.1044	0.3984	0.294	TRUE
0.55	2.5	0.9	8	3	8	20000	"OptStop H0, n8 H1"	0.06675	5	1335	0.244577700001783	0.515161653798517	0.751689464392439	0.1044	0.3984	0.294	TRUE
0.55	2.5	0.9	8	3	8	20000	"OptStop H0, n8 H1"	0.06675	6	1335	0.504570160099934	0.770275582310384	1.00980898930295	0.1044	0.3984	0.294	TRUE
0.55	2.5	0.9	8	3	8	20000	"OptStop H0, n8 H1"	0.06675	7	1335	0.788639188698091	1.01972491784745	1.24235846615946	0.1044	0.3984	0.294	TRUE
0.55	2.5	0.9	8	3	8	20000	"OptStop H0, n8 H1"	0.06675	8	1335	1.06425885400321	1.24693618530907	1.46789897018162	0.1044	0.3984	0.294	TRUE
0.55	2.5	0.9	8	3	8	20000	"OptStop indecisive, n8 H0"	0.07375	2	1475	0.188192562484678	0.403115083930055	0.569361285349971	0.1044	0.3984	0.294	TRUE
0.55	2.5	0.9	8	3	8	20000	"OptStop indecisive, n8 H0"	0.07375	3	1475	0.165525620386245	0.435595474100274	0.640565541016996	0.1044	0.3984	0.294	TRUE
0.55	2.5	0.9	8	3	8	20000	"OptStop indecisive, n8 H0"	0.07375	4	1475	-0.186219251408121	0.232649853928128	0.627801506944588	0.1044	0.3984	0.294	TRUE
0.55	2.5	0.9	8	3	8	20000	"OptStop indecisive, n8 H0"	0.07375	5	1475	-0.466626346949071	-0.030680249423678	0.430067776287417	0.1044	0.3984	0.294	TRUE
0.55	2.5	0.9	8	3	8	20000	"OptStop indecisive, n8 H0"	0.07375	6	1475	-0.649944438447217	-0.26338573022819	0.190240805654064	0.1044	0.3984	0.294	TRUE
0.55	2.5	0.9	8	3	8	20000	"OptStop indecisive, n8 H0"	0.07375	7	1475	-0.826414852077849	-0.45567679895031	-0.0567305232234444	0.1044	0.3984	0.294	TRUE
0.55	2.5	0.9	8	3	8	20000	"OptStop indecisive, n8 H0"	0.07375	8	1475	-0.932607339760015	-0.552256222751044	-0.323736819563516	0.1044	0.3984	0.294	TRUE
0.55	2.5	0.9	8	3	8	20000	"OptStop H1, n8 H0"	0.00715	2	143	0.612629519669736	0.64120370942444	0.653289418851793	0.1044	0.3984	0.294	TRUE
0.55	2.5	0.9	8	3	8	20000	"OptStop H1, n8 H0"	0.00715	3	143	0.956469724231921	0.982707071529948	1.01604236870564	0.1044	0.3984	0.294	TRUE
0.55	2.5	0.9	8	3	8	20000	"OptStop H1, n8 H0"	0.00715	4	143	0.0155248865149304	0.655587850865529	1.17562342925247	0.1044	0.3984	0.294	TRUE
0.55	2.5	0.9	8	3	8	20000	"OptStop H1, n8 H0"	0.00715	5	143	-0.196203643314552	0.258335041411787	0.787597880001297	0.1044	0.3984	0.294	TRUE
0.55	2.5	0.9	8	3	8	20000	"OptStop H1, n8 H0"	0.00715	6	143	-0.482902383685148	-0.0422680297804823	0.448077992003746	0.1044	0.3984	0.294	TRUE
0.55	2.5	0.9	8	3	8	20000	"OptStop H1, n8 H0"	0.00715	7	143	-0.743295710627527	-0.309730096443427	0.090546128104509	0.1044	0.3984	0.294	TRUE
0.55	2.5	0.9	8	3	8	20000	"OptStop H1, n8 H0"	0.00715	8	143	-0.904516390814745	-0.536438123174194	-0.311604021539308	0.1044	0.3984	0.294	TRUE
0.6	2.5	0.9	8	3	8	20000	"OptStop indecisive, n8 H1"	0.2871	2	5742	0.29581030679477	0.483247386425663	0.594553738939917	0.10935	0.44245	0.3331	TRUE
0.6	2.5	0.9	8	3	8	20000	"OptStop indecisive, n8 H1"	0.2871	3	5742	0.458249509174159	0.647729198848412	0.800298246531752	0.10935	0.44245	0.3331	TRUE
0.6	2.5	0.9	8	3	8	20000	"OptStop indecisive, n8 H1"	0.2871	4	5742	0.598472503699119	0.847182935826327	1.04019074075194	0.10935	0.44245	0.3331	TRUE
0.6	2.5	0.9	8	3	8	20000	"OptStop indecisive, n8 H1"	0.2871	5	5742	0.754787064249344	1.04150588762267	1.27238294545698	0.10935	0.44245	0.3331	TRUE
0.6	2.5	0.9	8	3	8	20000	"OptStop indecisive, n8 H1"	0.2871	6	5742	0.895512434621338	1.22045077693561	1.50017793184457	0.10935	0.44245	0.3331	TRUE
0.6	2.5	0.9	8	3	8	20000	"OptStop indecisive, n8 H1"	0.2871	7	5742	1.0646733719787	1.39461235748574	1.70661781010092	0.10935	0.44245	0.3331	TRUE
0.6	2.5	0.9	8	3	8	20000	"OptStop indecisive, n8 H1"	0.2871	8	5742	1.22835739832957	1.54090204865717	1.88285098530443	0.10935	0.44245	0.3331	TRUE
0.6	2.5	0.9	8	3	8	20000	"OptStop H1, n8 H1"	0.0811	2	1622	0.612549216503249	0.639036871261453	0.651682764245158	0.10935	0.44245	0.3331	TRUE
0.6	2.5	0.9	8	3	8	20000	"OptStop H1, n8 H1"	0.0811	3	1622	0.947323536381789	0.976642405761485	1.00670352210793	0.10935	0.44245	0.3331	TRUE
0.6	2.5	0.9	8	3	8	20000	"OptStop H1, n8 H1"	0.0811	4	1622	1.0524953221812	1.24390388525426	1.31928214367708	0.10935	0.44245	0.3331	TRUE
0.6	2.5	0.9	8	3	8	20000	"OptStop H1, n8 H1"	0.0811	5	1622	1.11114922543608	1.39359695819921	1.59880332839958	0.10935	0.44245	0.3331	TRUE
0.6	2.5	0.9	8	3	8	20000	"OptStop H1, n8 H1"	0.0811	6	1622	1.19285393699493	1.54186691672669	1.82357780593044	0.10935	0.44245	0.3331	TRUE
0.6	2.5	0.9	8	3	8	20000	"OptStop H1, n8 H1"	0.0811	7	1622	1.28521283507513	1.69202322949381	2.00639857211936	0.10935	0.44245	0.3331	TRUE
0.6	2.5	0.9	8	3	8	20000	"OptStop H1, n8 H1"	0.0811	8	1622	1.39660025543615	1.80028126008004	2.1780136390232	0.10935	0.44245	0.3331	TRUE
0.6	2.5	0.9	8	3	8	20000	"OptStop H0, n8 H0"	0.16575	2	3315	-0.773067296539608	-0.527594736609153	-0.181315868215785	0.10935	0.44245	0.3331	TRUE
0.6	2.5	0.9	8	3	8	20000	"OptStop H0, n8 H0"	0.16575	3	3315	-0.965450277745354	-0.622102616234164	-0.293428629397113	0.10935	0.44245	0.3331	TRUE
0.6	2.5	0.9	8	3	8	20000	"OptStop H0, n8 H0"	0.16575	4	3315	-1.08176719362569	-0.690382700199702	-0.252178986043287	0.10935	0.44245	0.3331	TRUE
0.6	2.5	0.9	8	3	8	20000	"OptStop H0, n8 H0"	0.16575	5	3315	-1.17926257373308	-0.734894567014504	-0.296454017136548	0.10935	0.44245	0.3331	TRUE
0.6	2.5	0.9	8	3	8	20000	"OptStop H0, n8 H0"	0.16575	6	3315	-1.25359461436244	-0.766375504404542	-0.319398387789263	0.10935	0.44245	0.3331	TRUE
0.6	2.5	0.9	8	3	8	20000	"OptStop H0, n8 H0"	0.16575	7	3315	-1.29092545359405	-0.815943018708521	-0.391897556215234	0.10935	0.44245	0.3331	TRUE
0.6	2.5	0.9	8	3	8	20000	"OptStop H0, n8 H0"	0.16575	8	3315	-1.31249150464658	-0.803251810866659	-0.411349521569783	0.10935	0.44245	0.3331	TRUE
0.6	2.5	0.9	8	3	8	20000	"OptStop indecisive, n8 H0"	0.06655	2	1331	0.182926393540869	0.401351015935385	0.568113570679227	0.10935	0.44245	0.3331	TRUE
0.6	2.5	0.9	8	3	8	20000	"OptStop indecisive, n8 H0"	0.06655	3	1331	0.17137767363711	0.423168488144315	0.644356745005076	0.10935	0.44245	0.3331	TRUE
0.6	2.5	0.9	8	3	8	20000	"OptStop indecisive, n8 H0"	0.06655	4	1331	-0.198451935995341	0.219746378596972	0.627557492494911	0.10935	0.44245	0.3331	TRUE
0.6	2.5	0.9	8	3	8	20000	"OptStop indecisive, n8 H0"	0.06655	5	1331	-0.473249990191162	-0.0534653301950187	0.413619208057972	0.10935	0.44245	0.3331	TRUE
0.6	2.5	0.9	8	3	8	20000	"OptStop indecisive, n8 H0"	0.06655	6	1331	-0.684065111852671	-0.256728686466143	0.174189182364604	0.10935	0.44245	0.3331	TRUE
0.6	2.5	0.9	8	3	8	20000	"OptStop indecisive, n8 H0"	0.06655	7	1331	-0.794989089708441	-0.429365169776426	-0.0711825014180654	0.10935	0.44245	0.3331	TRUE
0.6	2.5	0.9	8	3	8	20000	"OptStop indecisive, n8 H0"	0.06655	8	1331	-0.903450460582943	-0.529564022161725	-0.305356287452185	0.10935	0.44245	0.3331	TRUE
0.6	2.5	0.9	8	3	8	20000	"OptStop indecisive, n8 indecisive"	0.1554	2	3108	0.210183023421438	0.426264922357324	0.575081415447866	0.10935	0.44245	0.3331	TRUE
0.6	2.5	0.9	8	3	8	20000	"OptStop indecisive, n8 indecisive"	0.1554	3	3108	0.26152323470829	0.505260021944126	0.706122510825405	0.10935	0.44245	0.3331	TRUE
0.6	2.5	0.9	8	3	8	20000	"OptStop indecisive, n8 indecisive"	0.1554	4	3108	0.19253488516493	0.551449586568341	0.836174981394807	0.10935	0.44245	0.3331	TRUE
0.6	2.5	0.9	8	3	8	20000	"OptStop indecisive, n8 indecisive"	0.1554	5	3108	0.119958842831273	0.506105730404799	0.886269939128862	0.10935	0.44245	0.3331	TRUE
0.6	2.5	0.9	8	3	8	20000	"OptStop indecisive, n8 indecisive"	0.1554	6	3108	0.0967328989558204	0.452881876218029	0.856360067584372	0.10935	0.44245	0.3331	TRUE
0.6	2.5	0.9	8	3	8	20000	"OptStop indecisive, n8 indecisive"	0.1554	7	3108	0.154994440349883	0.437756539802178	0.763273143586338	0.10935	0.44245	0.3331	TRUE
0.6	2.5	0.9	8	3	8	20000	"OptStop indecisive, n8 indecisive"	0.1554	8	3108	0.216611372261506	0.496238305906344	0.724566835429119	0.10935	0.44245	0.3331	TRUE
0.6	2.5	0.9	8	3	8	20000	"OptStop H0, n8 H1"	0.07425	2	1485	-0.627122207947556	-0.338591462563554	-0.139031953833213	0.10935	0.44245	0.3331	TRUE
0.6	2.5	0.9	8	3	8	20000	"OptStop H0, n8 H1"	0.07425	3	1485	-0.362307899607865	-0.124807060349963	0.168508987450495	0.10935	0.44245	0.3331	TRUE
0.6	2.5	0.9	8	3	8	20000	"OptStop H0, n8 H1"	0.07425	4	1485	-0.0493918687290457	0.24751063713108	0.474007022612882	0.10935	0.44245	0.3331	TRUE
0.6	2.5	0.9	8	3	8	20000	"OptStop H0, n8 H1"	0.07425	5	1485	0.235013029441896	0.515712637502924	0.755706942682525	0.10935	0.44245	0.3331	TRUE
0.6	2.5	0.9	8	3	8	20000	"OptStop H0, n8 H1"	0.07425	6	1485	0.49999037506571	0.777978606356084	1.02273980832555	0.10935	0.44245	0.3331	TRUE
0.6	2.5	0.9	8	3	8	20000	"OptStop H0, n8 H1"	0.07425	7	1485	0.787865399535351	1.01196474066784	1.28012969658952	0.10935	0.44245	0.3331	TRUE
0.6	2.5	0.9	8	3	8	20000	"OptStop H0, n8 H1"	0.07425	8	1485	1.07722935673179	1.26177536543112	1.5147878256797	0.10935	0.44245	0.3331	TRUE
0.6	2.5	0.9	8	3	8	20000	"OptStop H1, n8 indecisive"	0.0215	2	430	0.612229265385267	0.636273806787416	0.651758894779678	0.10935	0.44245	0.3331	TRUE
0.6	2.5	0.9	8	3	8	20000	"OptStop H1, n8 indecisive"	0.0215	3	430	0.946666766557476	0.972417691267078	0.999232264599809	0.10935	0.44245	0.3331	TRUE
0.6	2.5	0.9	8	3	8	20000	"OptStop H1, n8 indecisive"	0.0215	4	430	0.642362637508285	1.03734232810373	1.26803753105263	0.10935	0.44245	0.3331	TRUE
0.6	2.5	0.9	8	3	8	20000	"OptStop H1, n8 indecisive"	0.0215	5	430	0.411866243397266	0.799956856299224	1.20478792970886	0.10935	0.44245	0.3331	TRUE
0.6	2.5	0.9	8	3	8	20000	"OptStop H1, n8 indecisive"	0.0215	6	430	0.294525212982601	0.715113887937459	1.12065428519839	0.10935	0.44245	0.3331	TRUE
0.6	2.5	0.9	8	3	8	20000	"OptStop H1, n8 indecisive"	0.0215	7	430	0.280656593814536	0.574683300787836	0.923132678275239	0.10935	0.44245	0.3331	TRUE
0.6	2.5	0.9	8	3	8	20000	"OptStop H1, n8 indecisive"	0.0215	8	430	0.304783836697307	0.559416436116647	0.769139612734828	0.10935	0.44245	0.3331	TRUE
0.6	2.5	0.9	8	3	8	20000	"OptStop H0, n8 indecisive"	0.1416	2	2832	-0.698218592932468	-0.399103626049366	-0.122804080108751	0.10935	0.44245	0.3331	TRUE
0.6	2.5	0.9	8	3	8	20000	"OptStop H0, n8 indecisive"	0.1416	3	2832	-0.68274123875006	-0.335780879444788	-0.0997062573037109	0.10935	0.44245	0.3331	TRUE
0.6	2.5	0.9	8	3	8	20000	"OptStop H0, n8 indecisive"	0.1416	4	2832	-0.565303495820732	-0.173607069235742	0.166105013514759	0.10935	0.44245	0.3331	TRUE
0.6	2.5	0.9	8	3	8	20000	"OptStop H0, n8 indecisive"	0.1416	5	2832	-0.418300486273007	-0.0303559771611448	0.316493359637583	0.10935	0.44245	0.3331	TRUE
0.6	2.5	0.9	8	3	8	20000	"OptStop H0, n8 indecisive"	0.1416	6	2832	-0.242661019465831	0.0934248432955669	0.423497656045465	0.10935	0.44245	0.3331	TRUE
0.6	2.5	0.9	8	3	8	20000	"OptStop H0, n8 indecisive"	0.1416	7	2832	-0.0572184312909728	0.239915201150761	0.503680241222189	0.10935	0.44245	0.3331	TRUE
0.6	2.5	0.9	8	3	8	20000	"OptStop H0, n8 indecisive"	0.1416	8	2832	0.149839892264357	0.397069458917358	0.647494015221917	0.10935	0.44245	0.3331	TRUE
0.6	2.5	0.9	8	3	8	20000	"OptStop H1, n8 H0"	0.00675	2	135	0.611374400045259	0.636958821244374	0.650422481010454	0.10935	0.44245	0.3331	TRUE
0.6	2.5	0.9	8	3	8	20000	"OptStop H1, n8 H0"	0.00675	3	135	0.943036958643555	0.983911920225269	1.00676152372439	0.10935	0.44245	0.3331	TRUE
0.6	2.5	0.9	8	3	8	20000	"OptStop H1, n8 H0"	0.00675	4	135	0.135930576215137	0.749908795980208	1.22729172408911	0.10935	0.44245	0.3331	TRUE
0.6	2.5	0.9	8	3	8	20000	"OptStop H1, n8 H0"	0.00675	5	135	-0.147471058301864	0.326731343843077	0.817786006316661	0.10935	0.44245	0.3331	TRUE
0.6	2.5	0.9	8	3	8	20000	"OptStop H1, n8 H0"	0.00675	6	135	-0.479445106713036	0.00757616742619517	0.48971306064068	0.10935	0.44245	0.3331	TRUE
0.6	2.5	0.9	8	3	8	20000	"OptStop H1, n8 H0"	0.00675	7	135	-0.753434040862294	-0.280472787813774	0.157411822603601	0.10935	0.44245	0.3331	TRUE
0.6	2.5	0.9	8	3	8	20000	"OptStop H1, n8 H0"	0.00675	8	135	-0.835017374139328	-0.537295738460453	-0.252653007358824	0.10935	0.44245	0.3331	TRUE
0.65	2.5	0.9	8	3	8	20000	"OptStop H1, n8 H0"	0.0049	2	98	0.603713525690088	0.63563242586995	0.648914431662615	0.11735	0.4703	0.35295	TRUE
0.65	2.5	0.9	8	3	8	20000	"OptStop H1, n8 H0"	0.0049	3	98	0.950405738047658	0.973162882486445	0.994570742510586	0.11735	0.4703	0.35295	TRUE
0.65	2.5	0.9	8	3	8	20000	"OptStop H1, n8 H0"	0.0049	4	98	0.347432165662319	0.85665584193931	1.24002659219484	0.11735	0.4703	0.35295	TRUE
0.65	2.5	0.9	8	3	8	20000	"OptStop H1, n8 H0"	0.0049	5	98	-0.162468595781241	0.337285389338804	0.919076986046553	0.11735	0.4703	0.35295	TRUE
0.65	2.5	0.9	8	3	8	20000	"OptStop H1, n8 H0"	0.0049	6	98	-0.548613583163995	-0.073281009739677	0.381894494484373	0.11735	0.4703	0.35295	TRUE
0.65	2.5	0.9	8	3	8	20000	"OptStop H1, n8 H0"	0.0049	7	98	-0.752035776919965	-0.412687948283157	0.103866300803075	0.11735	0.4703	0.35295	TRUE
0.65	2.5	0.9	8	3	8	20000	"OptStop H1, n8 H0"	0.0049	8	98	-0.755882715626459	-0.458678687811529	-0.28943131358397	0.11735	0.4703	0.35295	TRUE
0.65	2.5	0.9	8	3	8	20000	"OptStop H0, n8 H0"	0.1441	2	2882	-0.768908538689391	-0.511929578851571	-0.176446999586637	0.11735	0.4703	0.35295	TRUE
0.65	2.5	0.9	8	3	8	20000	"OptStop H0, n8 H0"	0.1441	3	2882	-0.95229656300073	-0.637008289411384	-0.3185906825814	0.11735	0.4703	0.35295	TRUE
0.65	2.5	0.9	8	3	8	20000	"OptStop H0, n8 H0"	0.1441	4	2882	-1.1148442886698	-0.709294518487942	-0.280073146378721	0.11735	0.4703	0.35295	TRUE
0.65	2.5	0.9	8	3	8	20000	"OptStop H0, n8 H0"	0.1441	5	2882	-1.17872597938606	-0.738448342777657	-0.287483835014729	0.11735	0.4703	0.35295	TRUE
0.65	2.5	0.9	8	3	8	20000	"OptStop H0, n8 H0"	0.1441	6	2882	-1.22267422396437	-0.784596886038678	-0.320975913161085	0.11735	0.4703	0.35295	TRUE
0.65	2.5	0.9	8	3	8	20000	"OptStop H0, n8 H0"	0.1441	7	2882	-1.28031139714754	-0.784055604381223	-0.371669224595577	0.11735	0.4703	0.35295	TRUE
0.65	2.5	0.9	8	3	8	20000	"OptStop H0, n8 H0"	0.1441	8	2882	-1.26482181986268	-0.756569196171952	-0.402676253753924	0.11735	0.4703	0.35295	TRUE
0.65	2.5	0.9	8	3	8	20000	"OptStop indecisive, n8 indecisive"	0.1601	2	3202	0.220487589873027	0.435101379265124	0.576587890097527	0.11735	0.4703	0.35295	TRUE
0.65	2.5	0.9	8	3	8	20000	"OptStop indecisive, n8 indecisive"	0.1601	3	3202	0.282874331647968	0.5287606255596	0.721618782870833	0.11735	0.4703	0.35295	TRUE
0.65	2.5	0.9	8	3	8	20000	"OptStop indecisive, n8 indecisive"	0.1601	4	3202	0.196387110393386	0.553179193702951	0.849221605721465	0.11735	0.4703	0.35295	TRUE
0.65	2.5	0.9	8	3	8	20000	"OptStop indecisive, n8 indecisive"	0.1601	5	3202	0.114919861366027	0.527080081267242	0.895418005067795	0.11735	0.4703	0.35295	TRUE
0.65	2.5	0.9	8	3	8	20000	"OptStop indecisive, n8 indecisive"	0.1601	6	3202	0.118124044755535	0.460388466465757	0.858902293627205	0.11735	0.4703	0.35295	TRUE
0.65	2.5	0.9	8	3	8	20000	"OptStop indecisive, n8 indecisive"	0.1601	7	3202	0.147424265058297	0.442337849996356	0.755463607326339	0.11735	0.4703	0.35295	TRUE
0.65	2.5	0.9	8	3	8	20000	"OptStop indecisive, n8 indecisive"	0.1601	8	3202	0.256566070976457	0.51572050880822	0.728198571806094	0.11735	0.4703	0.35295	TRUE
0.65	2.5	0.9	8	3	8	20000	"OptStop indecisive, n8 H1"	0.3063	2	6126	0.291760129134978	0.47261129680011	0.588197542990325	0.11735	0.4703	0.35295	TRUE
0.65	2.5	0.9	8	3	8	20000	"OptStop indecisive, n8 H1"	0.3063	3	6126	0.447280505603204	0.636698467068196	0.792084764772195	0.11735	0.4703	0.35295	TRUE
0.65	2.5	0.9	8	3	8	20000	"OptStop indecisive, n8 H1"	0.3063	4	6126	0.59621890385568	0.848502251041676	1.04058566850705	0.11735	0.4703	0.35295	TRUE
0.65	2.5	0.9	8	3	8	20000	"OptStop indecisive, n8 H1"	0.3063	5	6126	0.741169609141736	1.03507606162949	1.26883457849433	0.11735	0.4703	0.35295	TRUE
0.65	2.5	0.9	8	3	8	20000	"OptStop indecisive, n8 H1"	0.3063	6	6126	0.901826023138958	1.2090244775807	1.4939296502113	0.11735	0.4703	0.35295	TRUE
0.65	2.5	0.9	8	3	8	20000	"OptStop indecisive, n8 H1"	0.3063	7	6126	1.06379466340719	1.38134797541249	1.70856582952996	0.11735	0.4703	0.35295	TRUE
0.65	2.5	0.9	8	3	8	20000	"OptStop indecisive, n8 H1"	0.3063	8	6126	1.22872646885237	1.5434389331971	1.89627040739229	0.11735	0.4703	0.35295	TRUE
0.65	2.5	0.9	8	3	8	20000	"OptStop H0, n8 H1"	0.07305	2	1461	-0.652435173730617	-0.370314043925212	-0.149056579131161	0.11735	0.4703	0.35295	TRUE
0.65	2.5	0.9	8	3	8	20000	"OptStop H0, n8 H1"	0.07305	3	1461	-0.398970033113	-0.135689188111991	0.151649029706514	0.11735	0.4703	0.35295	TRUE
0.65	2.5	0.9	8	3	8	20000	"OptStop H0, n8 H1"	0.07305	4	1461	-0.0734830153574414	0.23416508595001	0.461290590414569	0.11735	0.4703	0.35295	TRUE
0.65	2.5	0.9	8	3	8	20000	"OptStop H0, n8 H1"	0.07305	5	1461	0.232176634487817	0.51034748427721	0.747414369391219	0.11735	0.4703	0.35295	TRUE
0.65	2.5	0.9	8	3	8	20000	"OptStop H0, n8 H1"	0.07305	6	1461	0.531689384756773	0.77382744045993	1.01212691396798	0.11735	0.4703	0.35295	TRUE
0.65	2.5	0.9	8	3	8	20000	"OptStop H0, n8 H1"	0.07305	7	1461	0.799019601797772	1.0089777935187	1.26322947062063	0.11735	0.4703	0.35295	TRUE
0.65	2.5	0.9	8	3	8	20000	"OptStop H0, n8 H1"	0.07305	8	1461	1.073045272929	1.24454075431052	1.48131959207765	0.11735	0.4703	0.35295	TRUE
0.65	2.5	0.9	8	3	8	20000	"OptStop H0, n8 indecisive"	0.14135	2	2827	-0.715262396248739	-0.424795742125074	-0.134699195563854	0.11735	0.4703	0.35295	TRUE
0.65	2.5	0.9	8	3	8	20000	"OptStop H0, n8 indecisive"	0.14135	3	2827	-0.692961042894526	-0.35005204928293	-0.101821268312624	0.11735	0.4703	0.35295	TRUE
0.65	2.5	0.9	8	3	8	20000	"OptStop H0, n8 indecisive"	0.14135	4	2827	-0.566816418997328	-0.186802703239802	0.151211736357145	0.11735	0.4703	0.35295	TRUE
0.65	2.5	0.9	8	3	8	20000	"OptStop H0, n8 indecisive"	0.14135	5	2827	-0.425886269736479	-0.0404406783794521	0.313283769669267	0.11735	0.4703	0.35295	TRUE
0.65	2.5	0.9	8	3	8	20000	"OptStop H0, n8 indecisive"	0.14135	6	2827	-0.248620516235329	0.105918224627388	0.43508441022621	0.11735	0.4703	0.35295	TRUE
0.65	2.5	0.9	8	3	8	20000	"OptStop H0, n8 indecisive"	0.14135	7	2827	-0.0369330711353264	0.258572655285256	0.52964426861187	0.11735	0.4703	0.35295	TRUE
0.65	2.5	0.9	8	3	8	20000	"OptStop H0, n8 indecisive"	0.14135	8	2827	0.151759168489981	0.392286912011357	0.65214921483486	0.11735	0.4703	0.35295	TRUE
0.65	2.5	0.9	8	3	8	20000	"OptStop H1, n8 H1"	0.09095	2	1819	0.608614808332055	0.636395044579575	0.651686904300268	0.11735	0.4703	0.35295	TRUE
0.65	2.5	0.9	8	3	8	20000	"OptStop H1, n8 H1"	0.09095	3	1819	0.948426521507271	0.976195694420818	1.00648933070793	0.11735	0.4703	0.35295	TRUE
0.65	2.5	0.9	8	3	8	20000	"OptStop H1, n8 H1"	0.09095	4	1819	1.05471459175713	1.24170853740811	1.3194961024534	0.11735	0.4703	0.35295	TRUE
0.65	2.5	0.9	8	3	8	20000	"OptStop H1, n8 H1"	0.09095	5	1819	1.11807006978096	1.41180401042544	1.58886188911546	0.11735	0.4703	0.35295	TRUE
0.65	2.5	0.9	8	3	8	20000	"OptStop H1, n8 H1"	0.09095	6	1819	1.19506429025208	1.55294819195409	1.79786918661493	0.11735	0.4703	0.35295	TRUE
0.65	2.5	0.9	8	3	8	20000	"OptStop H1, n8 H1"	0.09095	7	1819	1.34921653858967	1.67809356702271	2.00360117387654	0.11735	0.4703	0.35295	TRUE
0.65	2.5	0.9	8	3	8	20000	"OptStop H1, n8 H1"	0.09095	8	1819	1.4537823238218	1.84133433598664	2.16484760667362	0.11735	0.4703	0.35295	TRUE
0.65	2.5	0.9	8	3	8	20000	"OptStop indecisive, n8 H0"	0.05775	2	1155	0.180520518147463	0.401538966612884	0.559359755144098	0.11735	0.4703	0.35295	TRUE
0.65	2.5	0.9	8	3	8	20000	"OptStop indecisive, n8 H0"	0.05775	3	1155	0.166588798326932	0.425246926835532	0.648263927303568	0.11735	0.4703	0.35295	TRUE
0.65	2.5	0.9	8	3	8	20000	"OptStop indecisive, n8 H0"	0.05775	4	1155	-0.174074913007577	0.225288074876104	0.623761901017647	0.11735	0.4703	0.35295	TRUE
0.65	2.5	0.9	8	3	8	20000	"OptStop indecisive, n8 H0"	0.05775	5	1155	-0.44549966061988	-0.023493341667604	0.483717433267413	0.11735	0.4703	0.35295	TRUE
0.65	2.5	0.9	8	3	8	20000	"OptStop indecisive, n8 H0"	0.05775	6	1155	-0.673846591417531	-0.243550766272832	0.225950859044023	0.11735	0.4703	0.35295	TRUE
0.65	2.5	0.9	8	3	8	20000	"OptStop indecisive, n8 H0"	0.05775	7	1155	-0.790587332545446	-0.410435976645593	-0.0255219685404526	0.11735	0.4703	0.35295	TRUE
0.65	2.5	0.9	8	3	8	20000	"OptStop indecisive, n8 H0"	0.05775	8	1155	-0.864630771756766	-0.508303177039922	-0.279449616329272	0.11735	0.4703	0.35295	TRUE
0.65	2.5	0.9	8	3	8	20000	"OptStop H1, n8 indecisive"	0.0215	2	430	0.612377237048639	0.638815194167609	0.651342740234663	0.11735	0.4703	0.35295	TRUE
0.65	2.5	0.9	8	3	8	20000	"OptStop H1, n8 indecisive"	0.0215	3	430	0.942965702087576	0.97537393236542	1.00381872256812	0.11735	0.4703	0.35295	TRUE
0.65	2.5	0.9	8	3	8	20000	"OptStop H1, n8 indecisive"	0.0215	4	430	0.594630574750312	1.04924127695895	1.27068199137843	0.11735	0.4703	0.35295	TRUE
0.65	2.5	0.9	8	3	8	20000	"OptStop H1, n8 indecisive"	0.0215	5	430	0.41600089313178	0.85449544168742	1.29569863073555	0.11735	0.4703	0.35295	TRUE
0.65	2.5	0.9	8	3	8	20000	"OptStop H1, n8 indecisive"	0.0215	6	430	0.312992337511949	0.676552986325067	1.1388897536437	0.11735	0.4703	0.35295	TRUE
0.65	2.5	0.9	8	3	8	20000	"OptStop H1, n8 indecisive"	0.0215	7	430	0.298450809884863	0.574829628546647	0.917616796005708	0.11735	0.4703	0.35295	TRUE
0.65	2.5	0.9	8	3	8	20000	"OptStop H1, n8 indecisive"	0.0215	8	430	0.325252973217025	0.584753015683298	0.749225847460489	0.11735	0.4703	0.35295	TRUE
0.7	2.5	0.9	8	3	8	20000	"OptStop indecisive, n8 H1"	0.3313	2	6626	0.302422197767832	0.484066786074852	0.593260054699691	0.1259	0.51355	0.38765	TRUE
0.7	2.5	0.9	8	3	8	20000	"OptStop indecisive, n8 H1"	0.3313	3	6626	0.454155823688152	0.651511177796272	0.799430507077706	0.1259	0.51355	0.38765	TRUE
0.7	2.5	0.9	8	3	8	20000	"OptStop indecisive, n8 H1"	0.3313	4	6626	0.603977526388414	0.854487865450853	1.05107954632311	0.1259	0.51355	0.38765	TRUE
0.7	2.5	0.9	8	3	8	20000	"OptStop indecisive, n8 H1"	0.3313	5	6626	0.766969991722755	1.05726242572512	1.28839193626687	0.1259	0.51355	0.38765	TRUE
0.7	2.5	0.9	8	3	8	20000	"OptStop indecisive, n8 H1"	0.3313	6	6626	0.934174046178857	1.2398367584935	1.50786516206182	0.1259	0.51355	0.38765	TRUE
0.7	2.5	0.9	8	3	8	20000	"OptStop indecisive, n8 H1"	0.3313	7	6626	1.10420981232602	1.41481575716404	1.7137535887128	0.1259	0.51355	0.38765	TRUE
0.7	2.5	0.9	8	3	8	20000	"OptStop indecisive, n8 H1"	0.3313	8	6626	1.26818726212938	1.59340581658743	1.90936207113557	0.1259	0.51355	0.38765	TRUE
0.7	2.5	0.9	8	3	8	20000	"OptStop H0, n8 indecisive"	0.13345	2	2669	-0.714247663484095	-0.413156622145023	-0.139293376530929	0.1259	0.51355	0.38765	TRUE
0.7	2.5	0.9	8	3	8	20000	"OptStop H0, n8 indecisive"	0.13345	3	2669	-0.663458711746497	-0.33742277055108	-0.067198463097743	0.1259	0.51355	0.38765	TRUE
0.7	2.5	0.9	8	3	8	20000	"OptStop H0, n8 indecisive"	0.13345	4	2669	-0.56286301299886	-0.166624057614442	0.179838513535635	0.1259	0.51355	0.38765	TRUE
0.7	2.5	0.9	8	3	8	20000	"OptStop H0, n8 indecisive"	0.13345	5	2669	-0.417688924056998	-0.0301123766643652	0.321612295288643	0.1259	0.51355	0.38765	TRUE
0.7	2.5	0.9	8	3	8	20000	"OptStop H0, n8 indecisive"	0.13345	6	2669	-0.239855434700334	0.109353502994866	0.433699407404531	0.1259	0.51355	0.38765	TRUE
0.7	2.5	0.9	8	3	8	20000	"OptStop H0, n8 indecisive"	0.13345	7	2669	-0.0331462731792466	0.269630369640599	0.530190780964629	0.1259	0.51355	0.38765	TRUE
0.7	2.5	0.9	8	3	8	20000	"OptStop H0, n8 indecisive"	0.13345	8	2669	0.159005111750385	0.413965852320811	0.659975279802984	0.1259	0.51355	0.38765	TRUE
0.7	2.5	0.9	8	3	8	20000	"OptStop indecisive, n8 indecisive"	0.14835	2	2967	0.200013457774926	0.41864670597481	0.575887167756755	0.1259	0.51355	0.38765	TRUE
0.7	2.5	0.9	8	3	8	20000	"OptStop indecisive, n8 indecisive"	0.14835	3	2967	0.264618294104848	0.501457266947435	0.703294949529273	0.1259	0.51355	0.38765	TRUE
0.7	2.5	0.9	8	3	8	20000	"OptStop indecisive, n8 indecisive"	0.14835	4	2967	0.191134811642234	0.529725497718948	0.833358137753645	0.1259	0.51355	0.38765	TRUE
0.7	2.5	0.9	8	3	8	20000	"OptStop indecisive, n8 indecisive"	0.14835	5	2967	0.104942307701955	0.505888805804308	0.894537400839288	0.1259	0.51355	0.38765	TRUE
0.7	2.5	0.9	8	3	8	20000	"OptStop indecisive, n8 indecisive"	0.14835	6	2967	0.112868922733458	0.486329879045775	0.879230609157906	0.1259	0.51355	0.38765	TRUE
0.7	2.5	0.9	8	3	8	20000	"OptStop indecisive, n8 indecisive"	0.14835	7	2967	0.156650407178901	0.463571967518698	0.796287068104208	0.1259	0.51355	0.38765	TRUE
0.7	2.5	0.9	8	3	8	20000	"OptStop indecisive, n8 indecisive"	0.14835	8	2967	0.26831257856825	0.52545770486091	0.739068699978967	0.1259	0.51355	0.38765	TRUE
0.7	2.5	0.9	8	3	8	20000	"OptStop indecisive, n8 H0"	0.05385	2	1077	0.160874514255436	0.364922510000936	0.549449416826522	0.1259	0.51355	0.38765	TRUE
0.7	2.5	0.9	8	3	8	20000	"OptStop indecisive, n8 H0"	0.05385	3	1077	0.201307337445885	0.423254824854546	0.6351970595084	0.1259	0.51355	0.38765	TRUE
0.7	2.5	0.9	8	3	8	20000	"OptStop indecisive, n8 H0"	0.05385	4	1077	-0.17779540117515	0.244007000945976	0.619361671407679	0.1259	0.51355	0.38765	TRUE
0.7	2.5	0.9	8	3	8	20000	"OptStop indecisive, n8 H0"	0.05385	5	1077	-0.447042564792868	0.0130084674948282	0.467472220635819	0.1259	0.51355	0.38765	TRUE
0.7	2.5	0.9	8	3	8	20000	"OptStop indecisive, n8 H0"	0.05385	6	1077	-0.641199709017111	-0.22856700055622	0.268174413776004	0.1259	0.51355	0.38765	TRUE
0.7	2.5	0.9	8	3	8	20000	"OptStop indecisive, n8 H0"	0.05385	7	1077	-0.802685335542118	-0.407907947105473	-0.0415946740230643	0.1259	0.51355	0.38765	TRUE
0.7	2.5	0.9	8	3	8	20000	"OptStop indecisive, n8 H0"	0.05385	8	1077	-0.883799963282387	-0.523447448386593	-0.293830869555656	0.1259	0.51355	0.38765	TRUE
0.7	2.5	0.9	8	3	8	20000	"OptStop H0, n8 H1"	0.0812	2	1624	-0.64669020923598	-0.336086965805254	-0.142014495311549	0.1259	0.51355	0.38765	TRUE
0.7	2.5	0.9	8	3	8	20000	"OptStop H0, n8 H1"	0.0812	3	1624	-0.385523413600536	-0.118736303380495	0.166941259040731	0.1259	0.51355	0.38765	TRUE
0.7	2.5	0.9	8	3	8	20000	"OptStop H0, n8 H1"	0.0812	4	1624	-0.0464889086615208	0.257620968265138	0.478608905347253	0.1259	0.51355	0.38765	TRUE
0.7	2.5	0.9	8	3	8	20000	"OptStop H0, n8 H1"	0.0812	5	1624	0.258687055979605	0.535788539617168	0.771403643345244	0.1259	0.51355	0.38765	TRUE
0.7	2.5	0.9	8	3	8	20000	"OptStop H0, n8 H1"	0.0812	6	1624	0.53927200359083	0.790995114110307	1.03478527395337	0.1259	0.51355	0.38765	TRUE
0.7	2.5	0.9	8	3	8	20000	"OptStop H0, n8 H1"	0.0812	7	1624	0.810642587660915	1.04311441617036	1.28618293493531	0.1259	0.51355	0.38765	TRUE
0.7	2.5	0.9	8	3	8	20000	"OptStop H0, n8 H1"	0.0812	8	1624	1.08970516555576	1.27891202935841	1.52383918207483	0.1259	0.51355	0.38765	TRUE
0.7	2.5	0.9	8	3	8	20000	"OptStop H1, n8 H1"	0.10105	2	2021	0.610038878444571	0.637217458478672	0.651801454661898	0.1259	0.51355	0.38765	TRUE
0.7	2.5	0.9	8	3	8	20000	"OptStop H1, n8 H1"	0.10105	3	2021	0.94786306326207	0.979763364166498	1.00840723054466	0.1259	0.51355	0.38765	TRUE
0.7	2.5	0.9	8	3	8	20000	"OptStop H1, n8 H1"	0.10105	4	2021	1.05422903361979	1.24578785498066	1.32558442551446	0.1259	0.51355	0.38765	TRUE
0.7	2.5	0.9	8	3	8	20000	"OptStop H1, n8 H1"	0.10105	5	2021	1.10964497652082	1.40160366989701	1.58939589811801	0.1259	0.51355	0.38765	TRUE
0.7	2.5	0.9	8	3	8	20000	"OptStop H1, n8 H1"	0.10105	6	2021	1.20991342481145	1.54001730833307	1.81303310218838	0.1259	0.51355	0.38765	TRUE
0.7	2.5	0.9	8	3	8	20000	"OptStop H1, n8 H1"	0.10105	7	2021	1.32638875438549	1.68489593993215	2.00227801070336	0.1259	0.51355	0.38765	TRUE
0.7	2.5	0.9	8	3	8	20000	"OptStop H1, n8 H1"	0.10105	8	2021	1.42257711775049	1.82717303687006	2.20258911054198	0.1259	0.51355	0.38765	TRUE
0.7	2.5	0.9	8	3	8	20000	"OptStop H0, n8 H0"	0.12595	2	2519	-0.772794701653568	-0.518404976611719	-0.178392563559671	0.1259	0.51355	0.38765	TRUE
0.7	2.5	0.9	8	3	8	20000	"OptStop H0, n8 H0"	0.12595	3	2519	-0.944734096025143	-0.631194428390343	-0.303761411612358	0.1259	0.51355	0.38765	TRUE
0.7	2.5	0.9	8	3	8	20000	"OptStop H0, n8 H0"	0.12595	4	2519	-1.11093137679753	-0.690347920661775	-0.261829025264143	0.1259	0.51355	0.38765	TRUE
0.7	2.5	0.9	8	3	8	20000	"OptStop H0, n8 H0"	0.12595	5	2519	-1.19135527099543	-0.732011861909394	-0.275981051704122	0.1259	0.51355	0.38765	TRUE
0.7	2.5	0.9	8	3	8	20000	"OptStop H0, n8 H0"	0.12595	6	2519	-1.24769888005334	-0.775417049739723	-0.300977230867017	0.1259	0.51355	0.38765	TRUE
0.7	2.5	0.9	8	3	8	20000	"OptStop H0, n8 H0"	0.12595	7	2519	-1.23832988190894	-0.7636728843566	-0.357643611850629	0.1259	0.51355	0.38765	TRUE
0.7	2.5	0.9	8	3	8	20000	"OptStop H0, n8 H0"	0.12595	8	2519	-1.23685270826001	-0.729712009517712	-0.386790838363145	0.1259	0.51355	0.38765	TRUE
0.7	2.5	0.9	8	3	8	20000	"OptStop H1, n8 indecisive"	0.01975	2	395	0.611381778081713	0.636787272910879	0.650788933292243	0.1259	0.51355	0.38765	TRUE
0.7	2.5	0.9	8	3	8	20000	"OptStop H1, n8 indecisive"	0.01975	3	395	0.94654384708312	0.976372398404653	1.00381562710349	0.1259	0.51355	0.38765	TRUE
0.7	2.5	0.9	8	3	8	20000	"OptStop H1, n8 indecisive"	0.01975	4	395	0.627264507977222	1.04756917509442	1.26863070840271	0.1259	0.51355	0.38765	TRUE
0.7	2.5	0.9	8	3	8	20000	"OptStop H1, n8 indecisive"	0.01975	5	395	0.465638772786731	0.842567436396037	1.19525275455644	0.1259	0.51355	0.38765	TRUE
0.7	2.5	0.9	8	3	8	20000	"OptStop H1, n8 indecisive"	0.01975	6	395	0.295713064423113	0.652127842712703	1.12237129167594	0.1259	0.51355	0.38765	TRUE
0.7	2.5	0.9	8	3	8	20000	"OptStop H1, n8 indecisive"	0.01975	7	395	0.238015224654145	0.556052022820292	0.901851186617216	0.1259	0.51355	0.38765	TRUE
0.7	2.5	0.9	8	3	8	20000	"OptStop H1, n8 indecisive"	0.01975	8	395	0.275780092533287	0.513465026007436	0.729315223532068	0.1259	0.51355	0.38765	TRUE
0.7	2.5	0.9	8	3	8	20000	"OptStop H1, n8 H0"	0.0051	2	102	0.602544971619194	0.63219288151809	0.649507794577543	0.1259	0.51355	0.38765	TRUE
0.7	2.5	0.9	8	3	8	20000	"OptStop H1, n8 H0"	0.0051	3	102	0.939396687521849	0.972606147924914	1.00471336525698	0.1259	0.51355	0.38765	TRUE
0.7	2.5	0.9	8	3	8	20000	"OptStop H1, n8 H0"	0.0051	4	102	0.327533636244212	0.814544054672164	1.18275128738023	0.1259	0.51355	0.38765	TRUE
0.7	2.5	0.9	8	3	8	20000	"OptStop H1, n8 H0"	0.0051	5	102	0.0518788393919625	0.321706535689927	0.855306151495526	0.1259	0.51355	0.38765	TRUE
0.7	2.5	0.9	8	3	8	20000	"OptStop H1, n8 H0"	0.0051	6	102	-0.353973748601881	0.101111207766783	0.635364686928535	0.1259	0.51355	0.38765	TRUE
0.7	2.5	0.9	8	3	8	20000	"OptStop H1, n8 H0"	0.0051	7	102	-0.603298046592424	-0.248941633163812	0.157061969334831	0.1259	0.51355	0.38765	TRUE
0.7	2.5	0.9	8	3	8	20000	"OptStop H1, n8 H0"	0.0051	8	102	-0.762378937188857	-0.439453836688254	-0.250067054412092	0.1259	0.51355	0.38765	TRUE
0.75	2.5	0.9	8	3	8	20000	"OptStop indecisive, n8 indecisive"	0.1453	2	2906	0.212366747271205	0.429735410232905	0.576041657323057	0.1364	0.54705	0.41065	TRUE
0.75	2.5	0.9	8	3	8	20000	"OptStop indecisive, n8 indecisive"	0.1453	3	2906	0.285005549316518	0.520379104081674	0.71148363459782	0.1364	0.54705	0.41065	TRUE
0.75	2.5	0.9	8	3	8	20000	"OptStop indecisive, n8 indecisive"	0.1453	4	2906	0.198784194076217	0.566618038886185	0.841561171050784	0.1364	0.54705	0.41065	TRUE
0.75	2.5	0.9	8	3	8	20000	"OptStop indecisive, n8 indecisive"	0.1453	5	2906	0.150845542542255	0.533488181704209	0.900083957906652	0.1364	0.54705	0.41065	TRUE
0.75	2.5	0.9	8	3	8	20000	"OptStop indecisive, n8 indecisive"	0.1453	6	2906	0.132050799019076	0.514215509226184	0.883252464724094	0.1364	0.54705	0.41065	TRUE
0.75	2.5	0.9	8	3	8	20000	"OptStop indecisive, n8 indecisive"	0.1453	7	2906	0.170996641129132	0.465659712496227	0.809831691928503	0.1364	0.54705	0.41065	TRUE
0.75	2.5	0.9	8	3	8	20000	"OptStop indecisive, n8 indecisive"	0.1453	8	2906	0.268508465423822	0.52768055112426	0.734826980897059	0.1364	0.54705	0.41065	TRUE
0.75	2.5	0.9	8	3	8	20000	"OptStop indecisive, n8 H1"	0.3542	2	7084	0.312671482787734	0.483939193802709	0.597148410626347	0.1364	0.54705	0.41065	TRUE
0.75	2.5	0.9	8	3	8	20000	"OptStop indecisive, n8 H1"	0.3542	3	7084	0.470184884665801	0.66003479059463	0.804643761228041	0.1364	0.54705	0.41065	TRUE
0.75	2.5	0.9	8	3	8	20000	"OptStop indecisive, n8 H1"	0.3542	4	7084	0.613306615563449	0.867833011346348	1.05723232914078	0.1364	0.54705	0.41065	TRUE
0.75	2.5	0.9	8	3	8	20000	"OptStop indecisive, n8 H1"	0.3542	5	7084	0.776168142022725	1.06101132383539	1.29378834910038	0.1364	0.54705	0.41065	TRUE
0.75	2.5	0.9	8	3	8	20000	"OptStop indecisive, n8 H1"	0.3542	6	7084	0.928040693343866	1.24295532615754	1.51977763008507	0.1364	0.54705	0.41065	TRUE
0.75	2.5	0.9	8	3	8	20000	"OptStop indecisive, n8 H1"	0.3542	7	7084	1.08877391649557	1.41786589089721	1.72984492906155	0.1364	0.54705	0.41065	TRUE
0.75	2.5	0.9	8	3	8	20000	"OptStop indecisive, n8 H1"	0.3542	8	7084	1.26546680108223	1.58496498979972	1.925886517742	0.1364	0.54705	0.41065	TRUE
0.75	2.5	0.9	8	3	8	20000	"OptStop H0, n8 H1"	0.08325	2	1665	-0.64613445645874	-0.366533474638751	-0.153791912552586	0.1364	0.54705	0.41065	TRUE
0.75	2.5	0.9	8	3	8	20000	"OptStop H0, n8 H1"	0.08325	3	1665	-0.351348437757945	-0.094259113004245	0.183083044991349	0.1364	0.54705	0.41065	TRUE
0.75	2.5	0.9	8	3	8	20000	"OptStop H0, n8 H1"	0.08325	4	1665	-0.02553424214289	0.250392371273383	0.486685096702865	0.1364	0.54705	0.41065	TRUE
0.75	2.5	0.9	8	3	8	20000	"OptStop H0, n8 H1"	0.08325	5	1665	0.269251047218158	0.543899259046727	0.773069258894835	0.1364	0.54705	0.41065	TRUE
0.75	2.5	0.9	8	3	8	20000	"OptStop H0, n8 H1"	0.08325	6	1665	0.550014064336999	0.802876593749841	1.03048360515238	0.1364	0.54705	0.41065	TRUE
0.75	2.5	0.9	8	3	8	20000	"OptStop H0, n8 H1"	0.08325	7	1665	0.81243587134413	1.05100343354784	1.29085192665378	0.1364	0.54705	0.41065	TRUE
0.75	2.5	0.9	8	3	8	20000	"OptStop H0, n8 H1"	0.08325	8	1665	1.09750976502662	1.27866643813281	1.52734106025581	0.1364	0.54705	0.41065	TRUE
0.75	2.5	0.9	8	3	8	20000	"OptStop H0, n8 H0"	0.1071	2	2142	-0.744482527790099	-0.495635484047776	-0.163190395316715	0.1364	0.54705	0.41065	TRUE
0.75	2.5	0.9	8	3	8	20000	"OptStop H0, n8 H0"	0.1071	3	2142	-0.926216522912534	-0.592822116118224	-0.263369346249034	0.1364	0.54705	0.41065	TRUE
0.75	2.5	0.9	8	3	8	20000	"OptStop H0, n8 H0"	0.1071	4	2142	-1.06804654267504	-0.670741471669269	-0.22018070088915	0.1364	0.54705	0.41065	TRUE
0.75	2.5	0.9	8	3	8	20000	"OptStop H0, n8 H0"	0.1071	5	2142	-1.15885335812847	-0.704039145991139	-0.235117205532331	0.1364	0.54705	0.41065	TRUE
0.75	2.5	0.9	8	3	8	20000	"OptStop H0, n8 H0"	0.1071	6	2142	-1.20221284658387	-0.722736433601419	-0.302223092988003	0.1364	0.54705	0.41065	TRUE
0.75	2.5	0.9	8	3	8	20000	"OptStop H0, n8 H0"	0.1071	7	2142	-1.19644755634967	-0.737151479984024	-0.360889573241655	0.1364	0.54705	0.41065	TRUE
0.75	2.5	0.9	8	3	8	20000	"OptStop H0, n8 H0"	0.1071	8	2142	-1.19385458945757	-0.703977336757542	-0.389185251891403	0.1364	0.54705	0.41065	TRUE
0.75	2.5	0.9	8	3	8	20000	"OptStop indecisive, n8 H0"	0.04535	2	907	0.185382820327506	0.407371351802325	0.569570601417786	0.1364	0.54705	0.41065	TRUE
0.75	2.5	0.9	8	3	8	20000	"OptStop indecisive, n8 H0"	0.04535	3	907	0.215469341452321	0.451444102757666	0.657221818661981	0.1364	0.54705	0.41065	TRUE
0.75	2.5	0.9	8	3	8	20000	"OptStop indecisive, n8 H0"	0.04535	4	907	-0.123123535711252	0.27862486836961	0.661117221115418	0.1364	0.54705	0.41065	TRUE
0.75	2.5	0.9	8	3	8	20000	"OptStop indecisive, n8 H0"	0.04535	5	907	-0.395341823348111	0.0155040643487117	0.470354166794482	0.1364	0.54705	0.41065	TRUE
0.75	2.5	0.9	8	3	8	20000	"OptStop indecisive, n8 H0"	0.04535	6	907	-0.59360205500027	-0.2074316136301	0.191688108688528	0.1364	0.54705	0.41065	TRUE
0.75	2.5	0.9	8	3	8	20000	"OptStop indecisive, n8 H0"	0.04535	7	907	-0.778370515109423	-0.42540468307656	-0.0850289918820125	0.1364	0.54705	0.41065	TRUE
0.75	2.5	0.9	8	3	8	20000	"OptStop indecisive, n8 H0"	0.04535	8	907	-0.855700887348619	-0.511750221850917	-0.295038534055629	0.1364	0.54705	0.41065	TRUE
0.75	2.5	0.9	8	3	8	20000	"OptStop H1, n8 indecisive"	0.0223	2	446	0.610662458653742	0.634290481165291	0.649977965555465	0.1364	0.54705	0.41065	TRUE
0.75	2.5	0.9	8	3	8	20000	"OptStop H1, n8 indecisive"	0.0223	3	446	0.945876745518255	0.977790498980762	1.00179587847154	0.1364	0.54705	0.41065	TRUE
0.75	2.5	0.9	8	3	8	20000	"OptStop H1, n8 indecisive"	0.0223	4	446	0.659361335331718	1.07470029106682	1.24401014812455	0.1364	0.54705	0.41065	TRUE
0.75	2.5	0.9	8	3	8	20000	"OptStop H1, n8 indecisive"	0.0223	5	446	0.327183174048857	0.882900158395284	1.30566013641339	0.1364	0.54705	0.41065	TRUE
0.75	2.5	0.9	8	3	8	20000	"OptStop H1, n8 indecisive"	0.0223	6	446	0.312449827691276	0.686052298010859	1.12888899690895	0.1364	0.54705	0.41065	TRUE
0.75	2.5	0.9	8	3	8	20000	"OptStop H1, n8 indecisive"	0.0223	7	446	0.27175542874839	0.61579850361459	0.995568671422167	0.1364	0.54705	0.41065	TRUE
0.75	2.5	0.9	8	3	8	20000	"OptStop H1, n8 indecisive"	0.0223	8	446	0.288806745744794	0.579837501289028	0.768329441474895	0.1364	0.54705	0.41065	TRUE
0.75	2.5	0.9	8	3	8	20000	"OptStop H1, n8 H1"	0.1096	2	2192	0.611321225420776	0.638545630386912	0.651564712303927	0.1364	0.54705	0.41065	TRUE
0.75	2.5	0.9	8	3	8	20000	"OptStop H1, n8 H1"	0.1096	3	2192	0.94938226700402	0.980327287928829	1.00794540955721	0.1364	0.54705	0.41065	TRUE
0.75	2.5	0.9	8	3	8	20000	"OptStop H1, n8 H1"	0.1096	4	2192	1.07163488218386	1.2477659929911	1.32583299063318	0.1364	0.54705	0.41065	TRUE
0.75	2.5	0.9	8	3	8	20000	"OptStop H1, n8 H1"	0.1096	5	2192	1.15810110869021	1.43332390980081	1.60316750230211	0.1364	0.54705	0.41065	TRUE
0.75	2.5	0.9	8	3	8	20000	"OptStop H1, n8 H1"	0.1096	6	2192	1.23255332511141	1.57346527093145	1.83342693442296	0.1364	0.54705	0.41065	TRUE
0.75	2.5	0.9	8	3	8	20000	"OptStop H1, n8 H1"	0.1096	7	2192	1.36457688037143	1.7396814629289	2.03170959961526	0.1364	0.54705	0.41065	TRUE
0.75	2.5	0.9	8	3	8	20000	"OptStop H1, n8 H1"	0.1096	8	2192	1.47405587606495	1.85789523669028	2.21502768405971	0.1364	0.54705	0.41065	TRUE
0.75	2.5	0.9	8	3	8	20000	"OptStop H0, n8 indecisive"	0.1284	2	2568	-0.679601321945085	-0.384491392623305	-0.133650297761415	0.1364	0.54705	0.41065	TRUE
0.75	2.5	0.9	8	3	8	20000	"OptStop H0, n8 indecisive"	0.1284	3	2568	-0.673037290350416	-0.343522949770178	-0.0818447960455861	0.1364	0.54705	0.41065	TRUE
0.75	2.5	0.9	8	3	8	20000	"OptStop H0, n8 indecisive"	0.1284	4	2568	-0.576360829390592	-0.185956032246877	0.161846238649964	0.1364	0.54705	0.41065	TRUE
0.75	2.5	0.9	8	3	8	20000	"OptStop H0, n8 indecisive"	0.1284	5	2568	-0.407124928391416	-0.0376084223708663	0.31396599955449	0.1364	0.54705	0.41065	TRUE
0.75	2.5	0.9	8	3	8	20000	"OptStop H0, n8 indecisive"	0.1284	6	2568	-0.23001428041384	0.113807933621392	0.442984925403275	0.1364	0.54705	0.41065	TRUE
0.75	2.5	0.9	8	3	8	20000	"OptStop H0, n8 indecisive"	0.1284	7	2568	-0.0374786913437283	0.271327743653675	0.534053892457521	0.1364	0.54705	0.41065	TRUE
0.75	2.5	0.9	8	3	8	20000	"OptStop H0, n8 indecisive"	0.1284	8	2568	0.169079233867876	0.425290787061702	0.673356254836937	0.1364	0.54705	0.41065	TRUE
0.75	2.5	0.9	8	3	8	20000	"OptStop H1, n8 H0"	0.0045	2	90	0.605025836651224	0.63455431054091	0.652321042031468	0.1364	0.54705	0.41065	TRUE
0.75	2.5	0.9	8	3	8	20000	"OptStop H1, n8 H0"	0.0045	3	90	0.936363557582122	0.977760188018349	1.01317419201083	0.1364	0.54705	0.41065	TRUE
0.75	2.5	0.9	8	3	8	20000	"OptStop H1, n8 H0"	0.0045	4	90	0.160751885163699	0.863009411311541	1.14623454691011	0.1364	0.54705	0.41065	TRUE
0.75	2.5	0.9	8	3	8	20000	"OptStop H1, n8 H0"	0.0045	5	90	-0.130176983453597	0.272712755874393	0.94545862227736	0.1364	0.54705	0.41065	TRUE
0.75	2.5	0.9	8	3	8	20000	"OptStop H1, n8 H0"	0.0045	6	90	-0.349907517038291	0.0540991897900088	0.395831722112286	0.1364	0.54705	0.41065	TRUE
0.75	2.5	0.9	8	3	8	20000	"OptStop H1, n8 H0"	0.0045	7	90	-0.618433501411884	-0.271448158017779	0.0516364620724244	0.1364	0.54705	0.41065	TRUE
0.75	2.5	0.9	8	3	8	20000	"OptStop H1, n8 H0"	0.0045	8	90	-0.728173752008504	-0.481642870806091	-0.243617249834989	0.1364	0.54705	0.41065	TRUE
0.8	2.5	0.9	8	3	8	20000	"OptStop H1, n8 indecisive"	0.0202	2	404	0.607080656626603	0.636535221078352	0.651799854983295	0.14515	0.5836	0.43845	TRUE
0.8	2.5	0.9	8	3	8	20000	"OptStop H1, n8 indecisive"	0.0202	3	404	0.947353896056296	0.977964524643747	1.00689049609775	0.14515	0.5836	0.43845	TRUE
0.8	2.5	0.9	8	3	8	20000	"OptStop H1, n8 indecisive"	0.0202	4	404	0.595860977941541	1.02524581428549	1.26658668328149	0.14515	0.5836	0.43845	TRUE
0.8	2.5	0.9	8	3	8	20000	"OptStop H1, n8 indecisive"	0.0202	5	404	0.429720005314213	0.7839802634727	1.27355897011763	0.14515	0.5836	0.43845	TRUE
0.8	2.5	0.9	8	3	8	20000	"OptStop H1, n8 indecisive"	0.0202	6	404	0.293274654700313	0.702959314902936	1.1297738087927	0.14515	0.5836	0.43845	TRUE
0.8	2.5	0.9	8	3	8	20000	"OptStop H1, n8 indecisive"	0.0202	7	404	0.270144353178242	0.595672912279671	0.975943148167671	0.14515	0.5836	0.43845	TRUE
0.8	2.5	0.9	8	3	8	20000	"OptStop H1, n8 indecisive"	0.0202	8	404	0.344583221885044	0.584900388612739	0.762474324986956	0.14515	0.5836	0.43845	TRUE
0.8	2.5	0.9	8	3	8	20000	"OptStop indecisive, n8 H1"	0.37825	2	7565	0.313377481286841	0.483075340498081	0.593127714254666	0.14515	0.5836	0.43845	TRUE
0.8	2.5	0.9	8	3	8	20000	"OptStop indecisive, n8 H1"	0.37825	3	7565	0.474447204029843	0.660648953398703	0.803371868806206	0.14515	0.5836	0.43845	TRUE
0.8	2.5	0.9	8	3	8	20000	"OptStop indecisive, n8 H1"	0.37825	4	7565	0.628112529989506	0.873922741053845	1.05593904624003	0.14515	0.5836	0.43845	TRUE
0.8	2.5	0.9	8	3	8	20000	"OptStop indecisive, n8 H1"	0.37825	5	7565	0.79164391027497	1.0690685046942	1.30010632424323	0.14515	0.5836	0.43845	TRUE
0.8	2.5	0.9	8	3	8	20000	"OptStop indecisive, n8 H1"	0.37825	6	7565	0.963911715425072	1.26873272682617	1.5351283207894	0.14515	0.5836	0.43845	TRUE
0.8	2.5	0.9	8	3	8	20000	"OptStop indecisive, n8 H1"	0.37825	7	7565	1.13741194038386	1.44968086607763	1.74686734818728	0.14515	0.5836	0.43845	TRUE
0.8	2.5	0.9	8	3	8	20000	"OptStop indecisive, n8 H1"	0.37825	8	7565	1.30957607192889	1.62983432670389	1.95222791379436	0.14515	0.5836	0.43845	TRUE
0.8	2.5	0.9	8	3	8	20000	"OptStop H0, n8 H0"	0.0885	2	1770	-0.756566193168331	-0.491439611637943	-0.150399855869296	0.14515	0.5836	0.43845	TRUE
0.8	2.5	0.9	8	3	8	20000	"OptStop H0, n8 H0"	0.0885	3	1770	-0.927352667208675	-0.594509397234317	-0.261286681354215	0.14515	0.5836	0.43845	TRUE
0.8	2.5	0.9	8	3	8	20000	"OptStop H0, n8 H0"	0.0885	4	1770	-1.04127951691755	-0.658722065258485	-0.241957645047931	0.14515	0.5836	0.43845	TRUE
0.8	2.5	0.9	8	3	8	20000	"OptStop H0, n8 H0"	0.0885	5	1770	-1.12929656876921	-0.707434978187418	-0.285780472548049	0.14515	0.5836	0.43845	TRUE
0.8	2.5	0.9	8	3	8	20000	"OptStop H0, n8 H0"	0.0885	6	1770	-1.17909140119936	-0.711234908345613	-0.309143968799927	0.14515	0.5836	0.43845	TRUE
0.8	2.5	0.9	8	3	8	20000	"OptStop H0, n8 H0"	0.0885	7	1770	-1.206653007462	-0.724572673604837	-0.348739317736275	0.14515	0.5836	0.43845	TRUE
0.8	2.5	0.9	8	3	8	20000	"OptStop H0, n8 H0"	0.0885	8	1770	-1.15035170375161	-0.690675138327536	-0.361925620581777	0.14515	0.5836	0.43845	TRUE
0.8	2.5	0.9	8	3	8	20000	"OptStop indecisive, n8 H0"	0.03755	2	751	0.168821238249188	0.390540832530926	0.557482251459632	0.14515	0.5836	0.43845	TRUE
0.8	2.5	0.9	8	3	8	20000	"OptStop indecisive, n8 H0"	0.03755	3	751	0.190566478227358	0.416882040884746	0.660287909692206	0.14515	0.5836	0.43845	TRUE
0.8	2.5	0.9	8	3	8	20000	"OptStop indecisive, n8 H0"	0.03755	4	751	-0.142903516326399	0.275015604218008	0.638178759376044	0.14515	0.5836	0.43845	TRUE
0.8	2.5	0.9	8	3	8	20000	"OptStop indecisive, n8 H0"	0.03755	5	751	-0.445764600989699	-0.0142546853480814	0.478683398882317	0.14515	0.5836	0.43845	TRUE
0.8	2.5	0.9	8	3	8	20000	"OptStop indecisive, n8 H0"	0.03755	6	751	-0.595404311205573	-0.198482898386337	0.261882305561573	0.14515	0.5836	0.43845	TRUE
0.8	2.5	0.9	8	3	8	20000	"OptStop indecisive, n8 H0"	0.03755	7	751	-0.747896047494497	-0.400772064626544	-0.00860016298272085	0.14515	0.5836	0.43845	TRUE
0.8	2.5	0.9	8	3	8	20000	"OptStop indecisive, n8 H0"	0.03755	8	751	-0.833071610435296	-0.485323282841841	-0.263145108222014	0.14515	0.5836	0.43845	TRUE
0.8	2.5	0.9	8	3	8	20000	"OptStop indecisive, n8 indecisive"	0.14445	2	2889	0.221462503735979	0.428836172832598	0.570570156369803	0.14515	0.5836	0.43845	TRUE
0.8	2.5	0.9	8	3	8	20000	"OptStop indecisive, n8 indecisive"	0.14445	3	2889	0.269773488533075	0.515502792095146	0.724636909276348	0.14515	0.5836	0.43845	TRUE
0.8	2.5	0.9	8	3	8	20000	"OptStop indecisive, n8 indecisive"	0.14445	4	2889	0.191280407259761	0.548607736375093	0.826439289278092	0.14515	0.5836	0.43845	TRUE
0.8	2.5	0.9	8	3	8	20000	"OptStop indecisive, n8 indecisive"	0.14445	5	2889	0.135005210458034	0.532990155580611	0.90746331377905	0.14515	0.5836	0.43845	TRUE
0.8	2.5	0.9	8	3	8	20000	"OptStop indecisive, n8 indecisive"	0.14445	6	2889	0.145894135839843	0.505991951100799	0.879546129090345	0.14515	0.5836	0.43845	TRUE
0.8	2.5	0.9	8	3	8	20000	"OptStop indecisive, n8 indecisive"	0.14445	7	2889	0.190022887415205	0.471264519787549	0.783494540803667	0.14515	0.5836	0.43845	TRUE
0.8	2.5	0.9	8	3	8	20000	"OptStop indecisive, n8 indecisive"	0.14445	8	2889	0.280972530679075	0.533263044924214	0.729004777509552	0.14515	0.5836	0.43845	TRUE
0.8	2.5	0.9	8	3	8	20000	"OptStop H0, n8 indecisive"	0.1224	2	2448	-0.687593549504586	-0.395545203026381	-0.132550609545206	0.14515	0.5836	0.43845	TRUE
0.8	2.5	0.9	8	3	8	20000	"OptStop H0, n8 indecisive"	0.1224	3	2448	-0.68367475861888	-0.347551157256869	-0.09529948566023	0.14515	0.5836	0.43845	TRUE
0.8	2.5	0.9	8	3	8	20000	"OptStop H0, n8 indecisive"	0.1224	4	2448	-0.570329157323072	-0.187692726961394	0.157138650674855	0.14515	0.5836	0.43845	TRUE
0.8	2.5	0.9	8	3	8	20000	"OptStop H0, n8 indecisive"	0.1224	5	2448	-0.400374614411589	-0.0244443287070972	0.32438150975633	0.14515	0.5836	0.43845	TRUE
0.8	2.5	0.9	8	3	8	20000	"OptStop H0, n8 indecisive"	0.1224	6	2448	-0.226528820432686	0.120679283954128	0.457470509715637	0.14515	0.5836	0.43845	TRUE
0.8	2.5	0.9	8	3	8	20000	"OptStop H0, n8 indecisive"	0.1224	7	2448	-0.0197502907224061	0.26378476382071	0.535158808579489	0.14515	0.5836	0.43845	TRUE
0.8	2.5	0.9	8	3	8	20000	"OptStop H0, n8 indecisive"	0.1224	8	2448	0.188604114452075	0.435818185576639	0.684301776800909	0.14515	0.5836	0.43845	TRUE
0.8	2.5	0.9	8	3	8	20000	"OptStop H1, n8 H1"	0.12165	2	2433	0.611680426438934	0.639046343506376	0.6517996895059	0.14515	0.5836	0.43845	TRUE
0.8	2.5	0.9	8	3	8	20000	"OptStop H1, n8 H1"	0.12165	3	2433	0.948819402318253	0.978779007605831	1.00958133031649	0.14515	0.5836	0.43845	TRUE
0.8	2.5	0.9	8	3	8	20000	"OptStop H1, n8 H1"	0.12165	4	2433	1.0757358132699	1.2515445571484	1.32749305143077	0.14515	0.5836	0.43845	TRUE
0.8	2.5	0.9	8	3	8	20000	"OptStop H1, n8 H1"	0.12165	5	2433	1.14931498741755	1.43240519344442	1.60320152016799	0.14515	0.5836	0.43845	TRUE
0.8	2.5	0.9	8	3	8	20000	"OptStop H1, n8 H1"	0.12165	6	2433	1.25013284468384	1.57957875881343	1.84395456686549	0.14515	0.5836	0.43845	TRUE
0.8	2.5	0.9	8	3	8	20000	"OptStop H1, n8 H1"	0.12165	7	2433	1.3744435458964	1.75103761606035	2.06234512817923	0.14515	0.5836	0.43845	TRUE
0.8	2.5	0.9	8	3	8	20000	"OptStop H1, n8 H1"	0.12165	8	2433	1.49915942648552	1.91140179877073	2.25592770504075	0.14515	0.5836	0.43845	TRUE
0.8	2.5	0.9	8	3	8	20000	"OptStop H0, n8 H1"	0.0837	2	1674	-0.618520103253114	-0.332969818190194	-0.141227465260568	0.14515	0.5836	0.43845	TRUE
0.8	2.5	0.9	8	3	8	20000	"OptStop H0, n8 H1"	0.0837	3	1674	-0.367780584489391	-0.119100619098452	0.188312432766144	0.14515	0.5836	0.43845	TRUE
0.8	2.5	0.9	8	3	8	20000	"OptStop H0, n8 H1"	0.0837	4	1674	-0.0334059128759662	0.258073603269649	0.493636858252248	0.14515	0.5836	0.43845	TRUE
0.8	2.5	0.9	8	3	8	20000	"OptStop H0, n8 H1"	0.0837	5	1674	0.253205205045681	0.540119812759058	0.780086068629588	0.14515	0.5836	0.43845	TRUE
0.8	2.5	0.9	8	3	8	20000	"OptStop H0, n8 H1"	0.0837	6	1674	0.53694285770793	0.801762998582088	1.04744582360805	0.14515	0.5836	0.43845	TRUE
0.8	2.5	0.9	8	3	8	20000	"OptStop H0, n8 H1"	0.0837	7	1674	0.814297489446554	1.06199375689201	1.31273183152734	0.14515	0.5836	0.43845	TRUE
0.8	2.5	0.9	8	3	8	20000	"OptStop H0, n8 H1"	0.0837	8	1674	1.09759314765123	1.2860308497284	1.53393241073282	0.14515	0.5836	0.43845	TRUE
0.8	2.5	0.9	8	3	8	20000	"OptStop H1, n8 H0"	0.0033	2	66	0.618350432044052	0.642546558030885	0.65208784182527	0.14515	0.5836	0.43845	TRUE
0.8	2.5	0.9	8	3	8	20000	"OptStop H1, n8 H0"	0.0033	3	66	0.947987845320628	0.977517005080739	1.00871078776587	0.14515	0.5836	0.43845	TRUE
0.8	2.5	0.9	8	3	8	20000	"OptStop H1, n8 H0"	0.0033	4	66	0.532996212975044	0.973938321864192	1.26969537527161	0.14515	0.5836	0.43845	TRUE
0.8	2.5	0.9	8	3	8	20000	"OptStop H1, n8 H0"	0.0033	5	66	0.0538996209713801	0.588254787303531	1.03531854118184	0.14515	0.5836	0.43845	TRUE
0.8	2.5	0.9	8	3	8	20000	"OptStop H1, n8 H0"	0.0033	6	66	-0.246356849709481	0.0736517784708488	0.659753671284518	0.14515	0.5836	0.43845	TRUE
0.8	2.5	0.9	8	3	8	20000	"OptStop H1, n8 H0"	0.0033	7	66	-0.515949357641513	-0.206391970669451	0.2694750510452	0.14515	0.5836	0.43845	TRUE
0.8	2.5	0.9	8	3	8	20000	"OptStop H1, n8 H0"	0.0033	8	66	-0.692632774711705	-0.40455253935377	-0.225280267708112	0.14515	0.5836	0.43845	TRUE
0.85	2.5	0.9	8	3	8	20000	"OptStop indecisive, n8 H1"	0.4034	2	8068	0.31191483037653	0.485981239681612	0.593135948184066	0.15405	0.62155	0.4675	TRUE
0.85	2.5	0.9	8	3	8	20000	"OptStop indecisive, n8 H1"	0.4034	3	8068	0.478296144176381	0.665546375916009	0.803052769938693	0.15405	0.62155	0.4675	TRUE
0.85	2.5	0.9	8	3	8	20000	"OptStop indecisive, n8 H1"	0.4034	4	8068	0.639197628208963	0.876909809941993	1.06491450013736	0.15405	0.62155	0.4675	TRUE
0.85	2.5	0.9	8	3	8	20000	"OptStop indecisive, n8 H1"	0.4034	5	8068	0.799463594460927	1.080924345494	1.31276685471364	0.15405	0.62155	0.4675	TRUE
0.85	2.5	0.9	8	3	8	20000	"OptStop indecisive, n8 H1"	0.4034	6	8068	0.961703704378296	1.26955006747843	1.54841342375709	0.15405	0.62155	0.4675	TRUE
0.85	2.5	0.9	8	3	8	20000	"OptStop indecisive, n8 H1"	0.4034	7	8068	1.13334938679965	1.46037588390041	1.77313742620459	0.15405	0.62155	0.4675	TRUE
0.85	2.5	0.9	8	3	8	20000	"OptStop indecisive, n8 H1"	0.4034	8	8068	1.31678072631256	1.64485857760603	1.98189136938594	0.15405	0.62155	0.4675	TRUE
0.85	2.5	0.9	8	3	8	20000	"OptStop H1, n8 H1"	0.13195	2	2639	0.611850456085103	0.6373224863664	0.651636455333202	0.15405	0.62155	0.4675	TRUE
0.85	2.5	0.9	8	3	8	20000	"OptStop H1, n8 H1"	0.13195	3	2639	0.947027579774989	0.977543499340432	1.00615623879752	0.15405	0.62155	0.4675	TRUE
0.85	2.5	0.9	8	3	8	20000	"OptStop H1, n8 H1"	0.13195	4	2639	1.09818809176217	1.26634652380907	1.33016925827151	0.15405	0.62155	0.4675	TRUE
0.85	2.5	0.9	8	3	8	20000	"OptStop H1, n8 H1"	0.13195	5	2639	1.19804080079822	1.46018256368306	1.62148179310728	0.15405	0.62155	0.4675	TRUE
0.85	2.5	0.9	8	3	8	20000	"OptStop H1, n8 H1"	0.13195	6	2639	1.31361527043328	1.62313349127922	1.86959817347947	0.15405	0.62155	0.4675	TRUE
0.85	2.5	0.9	8	3	8	20000	"OptStop H1, n8 H1"	0.13195	7	2639	1.44188072489166	1.80419182827024	2.08140437157681	0.15405	0.62155	0.4675	TRUE
0.85	2.5	0.9	8	3	8	20000	"OptStop H1, n8 H1"	0.13195	8	2639	1.57357536130666	1.94886832199562	2.29403813862829	0.15405	0.62155	0.4675	TRUE
0.85	2.5	0.9	8	3	8	20000	"OptStop indecisive, n8 indecisive"	0.1364	2	2728	0.209035789726663	0.426872780696814	0.577590828051653	0.15405	0.62155	0.4675	TRUE
0.85	2.5	0.9	8	3	8	20000	"OptStop indecisive, n8 indecisive"	0.1364	3	2728	0.263287578282792	0.516090934355488	0.708384623993195	0.15405	0.62155	0.4675	TRUE
0.85	2.5	0.9	8	3	8	20000	"OptStop indecisive, n8 indecisive"	0.1364	4	2728	0.182962597254742	0.529461987204494	0.833916034679509	0.15405	0.62155	0.4675	TRUE
0.85	2.5	0.9	8	3	8	20000	"OptStop indecisive, n8 indecisive"	0.1364	5	2728	0.110456913678401	0.500059382392784	0.871724408302127	0.15405	0.62155	0.4675	TRUE
0.85	2.5	0.9	8	3	8	20000	"OptStop indecisive, n8 indecisive"	0.1364	6	2728	0.121826655286744	0.475669797398104	0.860621208177893	0.15405	0.62155	0.4675	TRUE
0.85	2.5	0.9	8	3	8	20000	"OptStop indecisive, n8 indecisive"	0.1364	7	2728	0.182954304174486	0.472109104011698	0.777066936708592	0.15405	0.62155	0.4675	TRUE
0.85	2.5	0.9	8	3	8	20000	"OptStop indecisive, n8 indecisive"	0.1364	8	2728	0.287973993495716	0.548492736808053	0.748086438932056	0.15405	0.62155	0.4675	TRUE
0.85	2.5	0.9	8	3	8	20000	"OptStop H0, n8 H0"	0.07415	2	1483	-0.764097904055307	-0.493440530116555	-0.167675522672022	0.15405	0.62155	0.4675	TRUE
0.85	2.5	0.9	8	3	8	20000	"OptStop H0, n8 H0"	0.07415	3	1483	-0.95786327721101	-0.607782969847467	-0.262854926800198	0.15405	0.62155	0.4675	TRUE
0.85	2.5	0.9	8	3	8	20000	"OptStop H0, n8 H0"	0.07415	4	1483	-1.12235908534388	-0.668837416875872	-0.224013402807389	0.15405	0.62155	0.4675	TRUE
0.85	2.5	0.9	8	3	8	20000	"OptStop H0, n8 H0"	0.07415	5	1483	-1.1651593794427	-0.683869192004523	-0.216885048415077	0.15405	0.62155	0.4675	TRUE
0.85	2.5	0.9	8	3	8	20000	"OptStop H0, n8 H0"	0.07415	6	1483	-1.19278623484505	-0.655676228550008	-0.221482172131587	0.15405	0.62155	0.4675	TRUE
0.85	2.5	0.9	8	3	8	20000	"OptStop H0, n8 H0"	0.07415	7	1483	-1.15476621202547	-0.679767019819408	-0.287604999089616	0.15405	0.62155	0.4675	TRUE
0.85	2.5	0.9	8	3	8	20000	"OptStop H0, n8 H0"	0.07415	8	1483	-1.09822626798663	-0.65187384433646	-0.348238299979994	0.15405	0.62155	0.4675	TRUE
0.85	2.5	0.9	8	3	8	20000	"OptStop H0, n8 indecisive"	0.1123	2	2246	-0.683428415979713	-0.390594334294001	-0.139354108788864	0.15405	0.62155	0.4675	TRUE
0.85	2.5	0.9	8	3	8	20000	"OptStop H0, n8 indecisive"	0.1123	3	2246	-0.641128342764766	-0.331322139245569	-0.0730022098630262	0.15405	0.62155	0.4675	TRUE
0.85	2.5	0.9	8	3	8	20000	"OptStop H0, n8 indecisive"	0.1123	4	2246	-0.568704821074524	-0.170422447728045	0.193995252928885	0.15405	0.62155	0.4675	TRUE
0.85	2.5	0.9	8	3	8	20000	"OptStop H0, n8 indecisive"	0.1123	5	2246	-0.41398409860523	-0.000903648783019578	0.350704031220116	0.15405	0.62155	0.4675	TRUE
0.85	2.5	0.9	8	3	8	20000	"OptStop H0, n8 indecisive"	0.1123	6	2246	-0.222469721727974	0.133996349922443	0.453657784665364	0.15405	0.62155	0.4675	TRUE
0.85	2.5	0.9	8	3	8	20000	"OptStop H0, n8 indecisive"	0.1123	7	2246	-0.0188898926244841	0.283706276445496	0.534049865129207	0.15405	0.62155	0.4675	TRUE
0.85	2.5	0.9	8	3	8	20000	"OptStop H0, n8 indecisive"	0.1123	8	2246	0.178396306670638	0.451175178173256	0.68138973442311	0.15405	0.62155	0.4675	TRUE
0.85	2.5	0.9	8	3	8	20000	"OptStop indecisive, n8 H0"	0.0335	2	670	0.201523191430439	0.41173777796138	0.58546992492005	0.15405	0.62155	0.4675	TRUE
0.85	2.5	0.9	8	3	8	20000	"OptStop indecisive, n8 H0"	0.0335	3	670	0.163171209892777	0.443947739815542	0.664442775867459	0.15405	0.62155	0.4675	TRUE
0.85	2.5	0.9	8	3	8	20000	"OptStop indecisive, n8 H0"	0.0335	4	670	-0.131760092345755	0.284765085354073	0.64584302197128	0.15405	0.62155	0.4675	TRUE
0.85	2.5	0.9	8	3	8	20000	"OptStop indecisive, n8 H0"	0.0335	5	670	-0.346489858309068	0.0533376557829519	0.506735945465475	0.15405	0.62155	0.4675	TRUE
0.85	2.5	0.9	8	3	8	20000	"OptStop indecisive, n8 H0"	0.0335	6	670	-0.54425464409797	-0.132312054437318	0.281281265324882	0.15405	0.62155	0.4675	TRUE
0.85	2.5	0.9	8	3	8	20000	"OptStop indecisive, n8 H0"	0.0335	7	670	-0.697263135817314	-0.330564494910296	0.00937362542445014	0.15405	0.62155	0.4675	TRUE
0.85	2.5	0.9	8	3	8	20000	"OptStop indecisive, n8 H0"	0.0335	8	670	-0.746768064955706	-0.459437093426564	-0.251101169979226	0.15405	0.62155	0.4675	TRUE
0.85	2.5	0.9	8	3	8	20000	"OptStop H0, n8 H1"	0.0862	2	1724	-0.613433901477053	-0.338245187839472	-0.150748638755912	0.15405	0.62155	0.4675	TRUE
0.85	2.5	0.9	8	3	8	20000	"OptStop H0, n8 H1"	0.0862	3	1724	-0.340257202608672	-0.105713394022167	0.183767986931751	0.15405	0.62155	0.4675	TRUE
0.85	2.5	0.9	8	3	8	20000	"OptStop H0, n8 H1"	0.0862	4	1724	-0.0120295515036388	0.270751988575696	0.497023461809172	0.15405	0.62155	0.4675	TRUE
0.85	2.5	0.9	8	3	8	20000	"OptStop H0, n8 H1"	0.0862	5	1724	0.276542807229767	0.542576134417912	0.781629976585966	0.15405	0.62155	0.4675	TRUE
0.85	2.5	0.9	8	3	8	20000	"OptStop H0, n8 H1"	0.0862	6	1724	0.563814896625811	0.823665287554382	1.04482015512906	0.15405	0.62155	0.4675	TRUE
0.85	2.5	0.9	8	3	8	20000	"OptStop H0, n8 H1"	0.0862	7	1724	0.825551478780312	1.07438382677795	1.31887965835785	0.15405	0.62155	0.4675	TRUE
0.85	2.5	0.9	8	3	8	20000	"OptStop H0, n8 H1"	0.0862	8	1724	1.08839359107838	1.31644024438051	1.56868699579703	0.15405	0.62155	0.4675	TRUE
0.85	2.5	0.9	8	3	8	20000	"OptStop H1, n8 H0"	0.0034	2	68	0.619532324746155	0.64099450000251	0.653030135205836	0.15405	0.62155	0.4675	TRUE
0.85	2.5	0.9	8	3	8	20000	"OptStop H1, n8 H0"	0.0034	3	68	0.951720102077489	0.980037199041093	1.0046010185722	0.15405	0.62155	0.4675	TRUE
0.85	2.5	0.9	8	3	8	20000	"OptStop H1, n8 H0"	0.0034	4	68	0.252795874721803	0.732367990366924	1.09214786941758	0.15405	0.62155	0.4675	TRUE
0.85	2.5	0.9	8	3	8	20000	"OptStop H1, n8 H0"	0.0034	5	68	-0.0886643533907116	0.319409825589178	0.873053719121339	0.15405	0.62155	0.4675	TRUE
0.85	2.5	0.9	8	3	8	20000	"OptStop H1, n8 H0"	0.0034	6	68	-0.298237929733061	0.0761387856691564	0.333610955600964	0.15405	0.62155	0.4675	TRUE
0.85	2.5	0.9	8	3	8	20000	"OptStop H1, n8 H0"	0.0034	7	68	-0.576407653780667	-0.24133764676326	0.106117526635418	0.15405	0.62155	0.4675	TRUE
0.85	2.5	0.9	8	3	8	20000	"OptStop H1, n8 H0"	0.0034	8	68	-0.679964292666033	-0.436703251184686	-0.255342300648968	0.15405	0.62155	0.4675	TRUE
0.85	2.5	0.9	8	3	8	20000	"OptStop H1, n8 indecisive"	0.0187	2	374	0.605328036224461	0.636288171999226	0.651399116074818	0.15405	0.62155	0.4675	TRUE
0.85	2.5	0.9	8	3	8	20000	"OptStop H1, n8 indecisive"	0.0187	3	374	0.944833866533618	0.970792965463906	1.00523424319117	0.15405	0.62155	0.4675	TRUE
0.85	2.5	0.9	8	3	8	20000	"OptStop H1, n8 indecisive"	0.0187	4	374	0.590491307833552	1.05433563768973	1.26513119655647	0.15405	0.62155	0.4675	TRUE
0.85	2.5	0.9	8	3	8	20000	"OptStop H1, n8 indecisive"	0.0187	5	374	0.404201018800233	0.903758762630984	1.3017392057354	0.15405	0.62155	0.4675	TRUE
0.85	2.5	0.9	8	3	8	20000	"OptStop H1, n8 indecisive"	0.0187	6	374	0.280192521628752	0.68712698994269	1.20215021771044	0.15405	0.62155	0.4675	TRUE
0.85	2.5	0.9	8	3	8	20000	"OptStop H1, n8 indecisive"	0.0187	7	374	0.261384830947315	0.544302550559314	0.890410136484597	0.15405	0.62155	0.4675	TRUE
0.85	2.5	0.9	8	3	8	20000	"OptStop H1, n8 indecisive"	0.0187	8	374	0.315350764628735	0.556385085276363	0.766371958888891	0.15405	0.62155	0.4675	TRUE
0.9	2.5	0.9	8	3	8	20000	"OptStop H0, n8 H0"	0.0646	2	1292	-0.758309201270537	-0.506856027644815	-0.191255780285555	0.16625	0.65715	0.4909	TRUE
0.9	2.5	0.9	8	3	8	20000	"OptStop H0, n8 H0"	0.0646	3	1292	-0.905585666273173	-0.571828509393679	-0.22858957496748	0.16625	0.65715	0.4909	TRUE
0.9	2.5	0.9	8	3	8	20000	"OptStop H0, n8 H0"	0.0646	4	1292	-1.03584753403088	-0.628195386668277	-0.20589062647527	0.16625	0.65715	0.4909	TRUE
0.9	2.5	0.9	8	3	8	20000	"OptStop H0, n8 H0"	0.0646	5	1292	-1.06460242332379	-0.656602081304978	-0.255422279143762	0.16625	0.65715	0.4909	TRUE
0.9	2.5	0.9	8	3	8	20000	"OptStop H0, n8 H0"	0.0646	6	1292	-1.09985174571532	-0.681667742332496	-0.262717684449626	0.16625	0.65715	0.4909	TRUE
0.9	2.5	0.9	8	3	8	20000	"OptStop H0, n8 H0"	0.0646	7	1292	-1.08748318626479	-0.654495072947891	-0.312928348811271	0.16625	0.65715	0.4909	TRUE
0.9	2.5	0.9	8	3	8	20000	"OptStop H0, n8 H0"	0.0646	8	1292	-1.03061740406974	-0.593075392892569	-0.331367732970555	0.16625	0.65715	0.4909	TRUE
0.9	2.5	0.9	8	3	8	20000	"OptStop indecisive, n8 H1"	0.42345	2	8469	0.316657467392213	0.489614304293776	0.598359676628003	0.16625	0.65715	0.4909	TRUE
0.9	2.5	0.9	8	3	8	20000	"OptStop indecisive, n8 H1"	0.42345	3	8469	0.478116428473072	0.669295209881863	0.806217709444382	0.16625	0.65715	0.4909	TRUE
0.9	2.5	0.9	8	3	8	20000	"OptStop indecisive, n8 H1"	0.42345	4	8469	0.637757413426035	0.887898908861904	1.07276003935648	0.16625	0.65715	0.4909	TRUE
0.9	2.5	0.9	8	3	8	20000	"OptStop indecisive, n8 H1"	0.42345	5	8469	0.806026966074545	1.09473625788412	1.31851945437675	0.16625	0.65715	0.4909	TRUE
0.9	2.5	0.9	8	3	8	20000	"OptStop indecisive, n8 H1"	0.42345	6	8469	0.976081361969536	1.28407121015782	1.55742962494328	0.16625	0.65715	0.4909	TRUE
0.9	2.5	0.9	8	3	8	20000	"OptStop indecisive, n8 H1"	0.42345	7	8469	1.15321028200926	1.48194215522353	1.78230776761674	0.16625	0.65715	0.4909	TRUE
0.9	2.5	0.9	8	3	8	20000	"OptStop indecisive, n8 H1"	0.42345	8	8469	1.33306147339149	1.66916206384786	2.00030022701172	0.16625	0.65715	0.4909	TRUE
0.9	2.5	0.9	8	3	8	20000	"OptStop H0, n8 H1"	0.08915	2	1783	-0.619626669393604	-0.323454558528837	-0.142221618946059	0.16625	0.65715	0.4909	TRUE
0.9	2.5	0.9	8	3	8	20000	"OptStop H0, n8 H1"	0.08915	3	1783	-0.366914043404696	-0.110806311117035	0.194300072901939	0.16625	0.65715	0.4909	TRUE
0.9	2.5	0.9	8	3	8	20000	"OptStop H0, n8 H1"	0.08915	4	1783	-0.0364523799204596	0.271553608384903	0.4877988823096	0.16625	0.65715	0.4909	TRUE
0.9	2.5	0.9	8	3	8	20000	"OptStop H0, n8 H1"	0.08915	5	1783	0.290355369718884	0.544205339805604	0.777835361949806	0.16625	0.65715	0.4909	TRUE
0.9	2.5	0.9	8	3	8	20000	"OptStop H0, n8 H1"	0.08915	6	1783	0.556170061925356	0.814630591988752	1.06681346117216	0.16625	0.65715	0.4909	TRUE
0.9	2.5	0.9	8	3	8	20000	"OptStop H0, n8 H1"	0.08915	7	1783	0.828986002123499	1.06906284493837	1.30525154686235	0.16625	0.65715	0.4909	TRUE
0.9	2.5	0.9	8	3	8	20000	"OptStop H0, n8 H1"	0.08915	8	1783	1.09804857506364	1.31558307912592	1.56034732659498	0.16625	0.65715	0.4909	TRUE
0.9	2.5	0.9	8	3	8	20000	"OptStop H0, n8 indecisive"	0.10465	2	2093	-0.685589932813683	-0.397360455549048	-0.146123354898131	0.16625	0.65715	0.4909	TRUE
0.9	2.5	0.9	8	3	8	20000	"OptStop H0, n8 indecisive"	0.10465	3	2093	-0.657738126399071	-0.323820729672824	-0.0633776658002204	0.16625	0.65715	0.4909	TRUE
0.9	2.5	0.9	8	3	8	20000	"OptStop H0, n8 indecisive"	0.10465	4	2093	-0.541712708015327	-0.149469826143176	0.204254452461155	0.16625	0.65715	0.4909	TRUE
0.9	2.5	0.9	8	3	8	20000	"OptStop H0, n8 indecisive"	0.10465	5	2093	-0.350471703549459	0.00698632306728472	0.355456619343347	0.16625	0.65715	0.4909	TRUE
0.9	2.5	0.9	8	3	8	20000	"OptStop H0, n8 indecisive"	0.10465	6	2093	-0.187996391756858	0.162467503187009	0.483750339787591	0.16625	0.65715	0.4909	TRUE
0.9	2.5	0.9	8	3	8	20000	"OptStop H0, n8 indecisive"	0.10465	7	2093	0.00940460715156776	0.304631458101536	0.563591819486735	0.16625	0.65715	0.4909	TRUE
0.9	2.5	0.9	8	3	8	20000	"OptStop H0, n8 indecisive"	0.10465	8	2093	0.204029176198059	0.45537209344176	0.70222162528867	0.16625	0.65715	0.4909	TRUE
0.9	2.5	0.9	8	3	8	20000	"OptStop indecisive, n8 H0"	0.0292	2	584	0.187543183317339	0.414888306053142	0.588260403211199	0.16625	0.65715	0.4909	TRUE
0.9	2.5	0.9	8	3	8	20000	"OptStop indecisive, n8 H0"	0.0292	3	584	0.15734843208596	0.405619025773558	0.661996404994847	0.16625	0.65715	0.4909	TRUE
0.9	2.5	0.9	8	3	8	20000	"OptStop indecisive, n8 H0"	0.0292	4	584	-0.185151015662753	0.228699352863251	0.629301847383178	0.16625	0.65715	0.4909	TRUE
0.9	2.5	0.9	8	3	8	20000	"OptStop indecisive, n8 H0"	0.0292	5	584	-0.35063335742689	0.0368412351311787	0.489536930206702	0.16625	0.65715	0.4909	TRUE
0.9	2.5	0.9	8	3	8	20000	"OptStop indecisive, n8 H0"	0.0292	6	584	-0.563657698128546	-0.170757429652104	0.269907608264692	0.16625	0.65715	0.4909	TRUE
0.9	2.5	0.9	8	3	8	20000	"OptStop indecisive, n8 H0"	0.0292	7	584	-0.72113934179987	-0.318198920076931	0.00956633563539917	0.16625	0.65715	0.4909	TRUE
0.9	2.5	0.9	8	3	8	20000	"OptStop indecisive, n8 H0"	0.0292	8	584	-0.779015529812565	-0.482408761778406	-0.267340542125446	0.16625	0.65715	0.4909	TRUE
0.9	2.5	0.9	8	3	8	20000	"OptStop H1, n8 indecisive"	0.018	2	360	0.614782787348037	0.639591817736233	0.652432709667261	0.16625	0.65715	0.4909	TRUE
0.9	2.5	0.9	8	3	8	20000	"OptStop H1, n8 indecisive"	0.018	3	360	0.94778572668241	0.976750534538742	1.00595018919333	0.16625	0.65715	0.4909	TRUE
0.9	2.5	0.9	8	3	8	20000	"OptStop H1, n8 indecisive"	0.018	4	360	0.654325841223273	1.05141995484391	1.26750924503335	0.16625	0.65715	0.4909	TRUE
0.9	2.5	0.9	8	3	8	20000	"OptStop H1, n8 indecisive"	0.018	5	360	0.448009965105596	0.86145162062425	1.29427499686346	0.16625	0.65715	0.4909	TRUE
0.9	2.5	0.9	8	3	8	20000	"OptStop H1, n8 indecisive"	0.018	6	360	0.204381373527666	0.693629855362325	1.21096922520296	0.16625	0.65715	0.4909	TRUE
0.9	2.5	0.9	8	3	8	20000	"OptStop H1, n8 indecisive"	0.018	7	360	0.261888926222597	0.572631364790235	0.951860518126852	0.16625	0.65715	0.4909	TRUE
0.9	2.5	0.9	8	3	8	20000	"OptStop H1, n8 indecisive"	0.018	8	360	0.348112942970227	0.581066040419441	0.770253532541727	0.16625	0.65715	0.4909	TRUE
0.9	2.5	0.9	8	3	8	20000	"OptStop indecisive, n8 indecisive"	0.1227	2	2454	0.217774539457016	0.426429771189822	0.571643110046392	0.16625	0.65715	0.4909	TRUE
0.9	2.5	0.9	8	3	8	20000	"OptStop indecisive, n8 indecisive"	0.1227	3	2454	0.284820370680422	0.526449022123051	0.713780464876625	0.16625	0.65715	0.4909	TRUE
0.9	2.5	0.9	8	3	8	20000	"OptStop indecisive, n8 indecisive"	0.1227	4	2454	0.201676829499872	0.548074466168677	0.837026285062809	0.16625	0.65715	0.4909	TRUE
0.9	2.5	0.9	8	3	8	20000	"OptStop indecisive, n8 indecisive"	0.1227	5	2454	0.145007940517496	0.522303922801917	0.889590515446553	0.16625	0.65715	0.4909	TRUE
0.9	2.5	0.9	8	3	8	20000	"OptStop indecisive, n8 indecisive"	0.1227	6	2454	0.12966328527388	0.509285274382241	0.85671527226142	0.16625	0.65715	0.4909	TRUE
0.9	2.5	0.9	8	3	8	20000	"OptStop indecisive, n8 indecisive"	0.1227	7	2454	0.188957589918918	0.476772227973434	0.819361431959185	0.16625	0.65715	0.4909	TRUE
0.9	2.5	0.9	8	3	8	20000	"OptStop indecisive, n8 indecisive"	0.1227	8	2454	0.299447446274963	0.567930654235073	0.757284794563839	0.16625	0.65715	0.4909	TRUE
0.9	2.5	0.9	8	3	8	20000	"OptStop H1, n8 H1"	0.14455	2	2891	0.610732375690715	0.637750141701817	0.651627980292237	0.16625	0.65715	0.4909	TRUE
0.9	2.5	0.9	8	3	8	20000	"OptStop H1, n8 H1"	0.14455	3	2891	0.948102253749956	0.978167440127052	1.00822209269373	0.16625	0.65715	0.4909	TRUE
0.9	2.5	0.9	8	3	8	20000	"OptStop H1, n8 H1"	0.14455	4	2891	1.06955014707797	1.25896381186236	1.32882216331347	0.16625	0.65715	0.4909	TRUE
0.9	2.5	0.9	8	3	8	20000	"OptStop H1, n8 H1"	0.14455	5	2891	1.16591537131348	1.43609587427164	1.61393091943539	0.16625	0.65715	0.4909	TRUE
0.9	2.5	0.9	8	3	8	20000	"OptStop H1, n8 H1"	0.14455	6	2891	1.2635070496074	1.60382809347641	1.85398496665224	0.16625	0.65715	0.4909	TRUE
0.9	2.5	0.9	8	3	8	20000	"OptStop H1, n8 H1"	0.14455	7	2891	1.40424083641457	1.76658837906867	2.08136818074958	0.16625	0.65715	0.4909	TRUE
0.9	2.5	0.9	8	3	8	20000	"OptStop H1, n8 H1"	0.14455	8	2891	1.54751582103127	1.95030793017679	2.30651220783215	0.16625	0.65715	0.4909	TRUE
0.9	2.5	0.9	8	3	8	20000	"OptStop H1, n8 H0"	0.0037	2	74	0.618234525783569	0.63976866860287	0.653159918136919	0.16625	0.65715	0.4909	TRUE
0.9	2.5	0.9	8	3	8	20000	"OptStop H1, n8 H0"	0.0037	3	74	0.957316409963895	0.98478235353803	1.01510308891898	0.16625	0.65715	0.4909	TRUE
0.9	2.5	0.9	8	3	8	20000	"OptStop H1, n8 H0"	0.0037	4	74	0.530670381437551	0.969400895356312	1.31022103533726	0.16625	0.65715	0.4909	TRUE
0.9	2.5	0.9	8	3	8	20000	"OptStop H1, n8 H0"	0.0037	5	74	-0.011937672929559	0.494810710059523	0.930130862217466	0.16625	0.65715	0.4909	TRUE
0.9	2.5	0.9	8	3	8	20000	"OptStop H1, n8 H0"	0.0037	6	74	-0.381301807086485	-0.0751091450732534	0.38688824904046	0.16625	0.65715	0.4909	TRUE
0.9	2.5	0.9	8	3	8	20000	"OptStop H1, n8 H0"	0.0037	7	74	-0.6088824745818	-0.311528130042136	0.0353718829547599	0.16625	0.65715	0.4909	TRUE
0.9	2.5	0.9	8	3	8	20000	"OptStop H1, n8 H0"	0.0037	8	74	-0.797015903730692	-0.440215578498458	-0.246993378906186	0.16625	0.65715	0.4909	TRUE
0.95	2.5	0.9	8	3	8	20000	"OptStop indecisive, n8 H1"	0.4484	2	8968	0.310935619815744	0.485929755435826	0.595264767844534	0.16925	0.6916	0.52235	TRUE
0.95	2.5	0.9	8	3	8	20000	"OptStop indecisive, n8 H1"	0.4484	3	8968	0.479750389482331	0.669058957044956	0.809321105652321	0.16925	0.6916	0.52235	TRUE
0.95	2.5	0.9	8	3	8	20000	"OptStop indecisive, n8 H1"	0.4484	4	8968	0.649784754906459	0.890875393936647	1.07427337684494	0.16925	0.6916	0.52235	TRUE
0.95	2.5	0.9	8	3	8	20000	"OptStop indecisive, n8 H1"	0.4484	5	8968	0.82357335633224	1.10306125507363	1.32305890614035	0.16925	0.6916	0.52235	TRUE
0.95	2.5	0.9	8	3	8	20000	"OptStop indecisive, n8 H1"	0.4484	6	8968	0.999680157661112	1.29850879847376	1.56262262960432	0.16925	0.6916	0.52235	TRUE
0.95	2.5	0.9	8	3	8	20000	"OptStop indecisive, n8 H1"	0.4484	7	8968	1.18591580252986	1.4958614302551	1.79943598659586	0.16925	0.6916	0.52235	TRUE
0.95	2.5	0.9	8	3	8	20000	"OptStop indecisive, n8 H1"	0.4484	8	8968	1.35443972521929	1.68734774308185	2.01703089358083	0.16925	0.6916	0.52235	TRUE
0.95	2.5	0.9	8	3	8	20000	"OptStop indecisive, n8 indecisive"	0.1177	2	2354	0.224459206838432	0.42829595258482	0.573036106140133	0.16925	0.6916	0.52235	TRUE
0.95	2.5	0.9	8	3	8	20000	"OptStop indecisive, n8 indecisive"	0.1177	3	2354	0.271660398592433	0.520953212834735	0.700616476671518	0.16925	0.6916	0.52235	TRUE
0.95	2.5	0.9	8	3	8	20000	"OptStop indecisive, n8 indecisive"	0.1177	4	2354	0.20313519139078	0.548330591337122	0.848464289447387	0.16925	0.6916	0.52235	TRUE
0.95	2.5	0.9	8	3	8	20000	"OptStop indecisive, n8 indecisive"	0.1177	5	2354	0.163430736377387	0.535530888171963	0.893997227954393	0.16925	0.6916	0.52235	TRUE
0.95	2.5	0.9	8	3	8	20000	"OptStop indecisive, n8 indecisive"	0.1177	6	2354	0.146292292397618	0.517639174487256	0.879097448130528	0.16925	0.6916	0.52235	TRUE
0.95	2.5	0.9	8	3	8	20000	"OptStop indecisive, n8 indecisive"	0.1177	7	2354	0.222243698835697	0.497930048766302	0.79483803303053	0.16925	0.6916	0.52235	TRUE
0.95	2.5	0.9	8	3	8	20000	"OptStop indecisive, n8 indecisive"	0.1177	8	2354	0.335819466528239	0.593488750540274	0.772825222249084	0.16925	0.6916	0.52235	TRUE
0.95	2.5	0.9	8	3	8	20000	"OptStop H0, n8 H1"	0.09105	2	1821	-0.626481183771068	-0.342539101049057	-0.143321673531732	0.16925	0.6916	0.52235	TRUE
0.95	2.5	0.9	8	3	8	20000	"OptStop H0, n8 H1"	0.09105	3	1821	-0.350793144520531	-0.109734938110136	0.194444000603718	0.16925	0.6916	0.52235	TRUE
0.95	2.5	0.9	8	3	8	20000	"OptStop H0, n8 H1"	0.09105	4	1821	0.0104244198445676	0.285870222855167	0.495083645546686	0.16925	0.6916	0.52235	TRUE
0.95	2.5	0.9	8	3	8	20000	"OptStop H0, n8 H1"	0.09105	5	1821	0.286068298897725	0.568084658890947	0.785066557132013	0.16925	0.6916	0.52235	TRUE
0.95	2.5	0.9	8	3	8	20000	"OptStop H0, n8 H1"	0.09105	6	1821	0.576641653129061	0.833954561875389	1.05738523631378	0.16925	0.6916	0.52235	TRUE
0.95	2.5	0.9	8	3	8	20000	"OptStop H0, n8 H1"	0.09105	7	1821	0.838839785248417	1.08255882679527	1.32854586667606	0.16925	0.6916	0.52235	TRUE
0.95	2.5	0.9	8	3	8	20000	"OptStop H0, n8 H1"	0.09105	8	1821	1.11780113617716	1.33060577329535	1.56903688372638	0.16925	0.6916	0.52235	TRUE
0.95	2.5	0.9	8	3	8	20000	"OptStop H1, n8 indecisive"	0.0154	2	308	0.613573383541371	0.638188189143118	0.650307549790835	0.16925	0.6916	0.52235	TRUE
0.95	2.5	0.9	8	3	8	20000	"OptStop H1, n8 indecisive"	0.0154	3	308	0.948102039906371	0.976448527815902	1.00913999388534	0.16925	0.6916	0.52235	TRUE
0.95	2.5	0.9	8	3	8	20000	"OptStop H1, n8 indecisive"	0.0154	4	308	0.693168690816487	1.06968391659963	1.26660801668004	0.16925	0.6916	0.52235	TRUE
0.95	2.5	0.9	8	3	8	20000	"OptStop H1, n8 indecisive"	0.0154	5	308	0.415048974466885	0.960586032306161	1.28756722263415	0.16925	0.6916	0.52235	TRUE
0.95	2.5	0.9	8	3	8	20000	"OptStop H1, n8 indecisive"	0.0154	6	308	0.349352015244917	0.715885315650181	1.18186725506397	0.16925	0.6916	0.52235	TRUE
0.95	2.5	0.9	8	3	8	20000	"OptStop H1, n8 indecisive"	0.0154	7	308	0.315634558272827	0.637950587636918	0.999707846885232	0.16925	0.6916	0.52235	TRUE
0.95	2.5	0.9	8	3	8	20000	"OptStop H1, n8 indecisive"	0.0154	8	308	0.365034348013061	0.631275922400947	0.803756918151205	0.16925	0.6916	0.52235	TRUE
0.95	2.5	0.9	8	3	8	20000	"OptStop H0, n8 indecisive"	0.0959	2	1918	-0.701035311095726	-0.411599487228908	-0.127262962151961	0.16925	0.6916	0.52235	TRUE
0.95	2.5	0.9	8	3	8	20000	"OptStop H0, n8 indecisive"	0.0959	3	1918	-0.679584487379177	-0.340502472310373	-0.110581291359582	0.16925	0.6916	0.52235	TRUE
0.95	2.5	0.9	8	3	8	20000	"OptStop H0, n8 indecisive"	0.0959	4	1918	-0.596281802168264	-0.174625967131195	0.161497066685451	0.16925	0.6916	0.52235	TRUE
0.95	2.5	0.9	8	3	8	20000	"OptStop H0, n8 indecisive"	0.0959	5	1918	-0.366413572374516	-0.0194746096142854	0.318605473811678	0.16925	0.6916	0.52235	TRUE
0.95	2.5	0.9	8	3	8	20000	"OptStop H0, n8 indecisive"	0.0959	6	1918	-0.194588898036991	0.139705718937258	0.455241999075518	0.16925	0.6916	0.52235	TRUE
0.95	2.5	0.9	8	3	8	20000	"OptStop H0, n8 indecisive"	0.0959	7	1918	0.0361937544928805	0.326018300651473	0.573952584647386	0.16925	0.6916	0.52235	TRUE
0.95	2.5	0.9	8	3	8	20000	"OptStop H0, n8 indecisive"	0.0959	8	1918	0.235955768345977	0.494043921864284	0.719801764604604	0.16925	0.6916	0.52235	TRUE
0.95	2.5	0.9	8	3	8	20000	"OptStop H0, n8 H0"	0.05305	2	1061	-0.754264795803909	-0.515402479299637	-0.181779339003919	0.16925	0.6916	0.52235	TRUE
0.95	2.5	0.9	8	3	8	20000	"OptStop H0, n8 H0"	0.05305	3	1061	-0.92301168854162	-0.562063896762655	-0.253775567951079	0.16925	0.6916	0.52235	TRUE
0.95	2.5	0.9	8	3	8	20000	"OptStop H0, n8 H0"	0.05305	4	1061	-1.01215693316966	-0.614007617464564	-0.183940681522461	0.16925	0.6916	0.52235	TRUE
0.95	2.5	0.9	8	3	8	20000	"OptStop H0, n8 H0"	0.05305	5	1061	-1.09740642969483	-0.669810212973148	-0.21044854337463	0.16925	0.6916	0.52235	TRUE
0.95	2.5	0.9	8	3	8	20000	"OptStop H0, n8 H0"	0.05305	6	1061	-1.11001453889007	-0.62883913449952	-0.206843762531348	0.16925	0.6916	0.52235	TRUE
0.95	2.5	0.9	8	3	8	20000	"OptStop H0, n8 H0"	0.05305	7	1061	-1.03529728056241	-0.643522466420516	-0.266971790087605	0.16925	0.6916	0.52235	TRUE
0.95	2.5	0.9	8	3	8	20000	"OptStop H0, n8 H0"	0.05305	8	1061	-0.991807504170326	-0.572112637597861	-0.288754220549536	0.16925	0.6916	0.52235	TRUE
0.95	2.5	0.9	8	3	8	20000	"OptStop H1, n8 H1"	0.15215	2	3043	0.60945501081593	0.637324662963908	0.651568231086128	0.16925	0.6916	0.52235	TRUE
0.95	2.5	0.9	8	3	8	20000	"OptStop H1, n8 H1"	0.15215	3	3043	0.950469263784945	0.979952467163372	1.00772785669529	0.16925	0.6916	0.52235	TRUE
0.95	2.5	0.9	8	3	8	20000	"OptStop H1, n8 H1"	0.15215	4	3043	1.094811379464	1.2602936226698	1.32910251014525	0.16925	0.6916	0.52235	TRUE
0.95	2.5	0.9	8	3	8	20000	"OptStop H1, n8 H1"	0.15215	5	3043	1.19120347460735	1.46173383956016	1.62122774899609	0.16925	0.6916	0.52235	TRUE
0.95	2.5	0.9	8	3	8	20000	"OptStop H1, n8 H1"	0.15215	6	3043	1.30427654407795	1.64718190467357	1.87221197045391	0.16925	0.6916	0.52235	TRUE
0.95	2.5	0.9	8	3	8	20000	"OptStop H1, n8 H1"	0.15215	7	3043	1.44957689257907	1.82435729310567	2.09296025606831	0.16925	0.6916	0.52235	TRUE
0.95	2.5	0.9	8	3	8	20000	"OptStop H1, n8 H1"	0.15215	8	3043	1.58876410262082	1.99076605348682	2.31163031134461	0.16925	0.6916	0.52235	TRUE
0.95	2.5	0.9	8	3	8	20000	"OptStop indecisive, n8 H0"	0.02465	2	493	0.143303680904054	0.380827840902878	0.541681978377738	0.16925	0.6916	0.52235	TRUE
0.95	2.5	0.9	8	3	8	20000	"OptStop indecisive, n8 H0"	0.02465	3	493	0.194621531436434	0.465515268984153	0.654825358803561	0.16925	0.6916	0.52235	TRUE
0.95	2.5	0.9	8	3	8	20000	"OptStop indecisive, n8 H0"	0.02465	4	493	-0.115144489228729	0.251838806284935	0.652276714943368	0.16925	0.6916	0.52235	TRUE
0.95	2.5	0.9	8	3	8	20000	"OptStop indecisive, n8 H0"	0.02465	5	493	-0.392160000655441	0.0894330646463802	0.49879101280922	0.16925	0.6916	0.52235	TRUE
0.95	2.5	0.9	8	3	8	20000	"OptStop indecisive, n8 H0"	0.02465	6	493	-0.562860710922747	-0.160992405460927	0.260211026999224	0.16925	0.6916	0.52235	TRUE
0.95	2.5	0.9	8	3	8	20000	"OptStop indecisive, n8 H0"	0.02465	7	493	-0.699729584417636	-0.362275062980294	-0.010285241074107	0.16925	0.6916	0.52235	TRUE
0.95	2.5	0.9	8	3	8	20000	"OptStop indecisive, n8 H0"	0.02465	8	493	-0.688597041035383	-0.421572913599943	-0.241939619978441	0.16925	0.6916	0.52235	TRUE
0.95	2.5	0.9	8	3	8	20000	"OptStop H1, n8 H0"	0.0017	2	34	0.606771426640018	0.633623356778308	0.651951345368862	0.16925	0.6916	0.52235	TRUE
0.95	2.5	0.9	8	3	8	20000	"OptStop H1, n8 H0"	0.0017	3	34	0.963068173337033	0.987563687976496	1.00899704966983	0.16925	0.6916	0.52235	TRUE
0.95	2.5	0.9	8	3	8	20000	"OptStop H1, n8 H0"	0.0017	4	34	0.444318803655147	0.859329520261794	1.24048677019706	0.16925	0.6916	0.52235	TRUE
0.95	2.5	0.9	8	3	8	20000	"OptStop H1, n8 H0"	0.0017	5	34	-0.0664560446381626	0.569879053110783	1.03975225835747	0.16925	0.6916	0.52235	TRUE
0.95	2.5	0.9	8	3	8	20000	"OptStop H1, n8 H0"	0.0017	6	34	-0.458759659631475	0.0394182905324559	0.40394716605239	0.16925	0.6916	0.52235	TRUE
0.95	2.5	0.9	8	3	8	20000	"OptStop H1, n8 H0"	0.0017	7	34	-0.499595883798379	-0.0704755040147968	0.0779794464947811	0.16925	0.6916	0.52235	TRUE
0.95	2.5	0.9	8	3	8	20000	"OptStop H1, n8 H0"	0.0017	8	34	-0.656526403656844	-0.585776091949391	-0.266359511699829	0.16925	0.6916	0.52235	TRUE
1	2.5	0.9	8	3	8	20000	"OptStop indecisive, n8 H1"	0.47095	2	9419	0.320571128300651	0.487622626771792	0.596077946956237	0.17965	0.72475	0.5451	TRUE
1	2.5	0.9	8	3	8	20000	"OptStop indecisive, n8 H1"	0.47095	3	9419	0.490057504021941	0.674644231461954	0.811807210236885	0.17965	0.72475	0.5451	TRUE
1	2.5	0.9	8	3	8	20000	"OptStop indecisive, n8 H1"	0.47095	4	9419	0.661532397515563	0.892356091732404	1.07420380835276	0.17965	0.72475	0.5451	TRUE
1	2.5	0.9	8	3	8	20000	"OptStop indecisive, n8 H1"	0.47095	5	9419	0.834864505755748	1.11131836734961	1.32895996724701	0.17965	0.72475	0.5451	TRUE
1	2.5	0.9	8	3	8	20000	"OptStop indecisive, n8 H1"	0.47095	6	9419	1.01824752861344	1.31734260385073	1.57461462569871	0.17965	0.72475	0.5451	TRUE
1	2.5	0.9	8	3	8	20000	"OptStop indecisive, n8 H1"	0.47095	7	9419	1.19519928420949	1.51930094374828	1.80833623420335	0.17965	0.72475	0.5451	TRUE
1	2.5	0.9	8	3	8	20000	"OptStop indecisive, n8 H1"	0.47095	8	9419	1.37458781753485	1.71245033596175	2.0368163051067	0.17965	0.72475	0.5451	TRUE
1	2.5	0.9	8	3	8	20000	"OptStop H1, n8 H1"	0.16315	2	3263	0.610052002367575	0.638052884822467	0.651118154118155	0.17965	0.72475	0.5451	TRUE
1	2.5	0.9	8	3	8	20000	"OptStop H1, n8 H1"	0.16315	3	3263	0.948948572236643	0.980573089689793	1.00941648673408	0.17965	0.72475	0.5451	TRUE
1	2.5	0.9	8	3	8	20000	"OptStop H1, n8 H1"	0.16315	4	3263	1.10944555811815	1.26788973390055	1.33212947095279	0.17965	0.72475	0.5451	TRUE
1	2.5	0.9	8	3	8	20000	"OptStop H1, n8 H1"	0.16315	5	3263	1.21561107850583	1.47481043207041	1.62750455162987	0.17965	0.72475	0.5451	TRUE
1	2.5	0.9	8	3	8	20000	"OptStop H1, n8 H1"	0.16315	6	3263	1.35639080744123	1.67513349533943	1.88847519238815	0.17965	0.72475	0.5451	TRUE
1	2.5	0.9	8	3	8	20000	"OptStop H1, n8 H1"	0.16315	7	3263	1.48221146784349	1.84945080017059	2.1281525914046	0.17965	0.72475	0.5451	TRUE
1	2.5	0.9	8	3	8	20000	"OptStop H1, n8 H1"	0.16315	8	3263	1.62968860946964	2.02481575862033	2.35873363529704	0.17965	0.72475	0.5451	TRUE
1	2.5	0.9	8	3	8	20000	"OptStop indecisive, n8 indecisive"	0.10865	2	2173	0.211321889587243	0.432030738273036	0.579001744495133	0.17965	0.72475	0.5451	TRUE
1	2.5	0.9	8	3	8	20000	"OptStop indecisive, n8 indecisive"	0.10865	3	2173	0.277519083002604	0.514886290794981	0.716755927165411	0.17965	0.72475	0.5451	TRUE
1	2.5	0.9	8	3	8	20000	"OptStop indecisive, n8 indecisive"	0.10865	4	2173	0.185632586364005	0.552746206392361	0.842494578758209	0.17965	0.72475	0.5451	TRUE
1	2.5	0.9	8	3	8	20000	"OptStop indecisive, n8 indecisive"	0.10865	5	2173	0.138141722193974	0.535682427334295	0.890786201400354	0.17965	0.72475	0.5451	TRUE
1	2.5	0.9	8	3	8	20000	"OptStop indecisive, n8 indecisive"	0.10865	6	2173	0.160892267565261	0.512191755925823	0.867722379627014	0.17965	0.72475	0.5451	TRUE
1	2.5	0.9	8	3	8	20000	"OptStop indecisive, n8 indecisive"	0.10865	7	2173	0.210216796984818	0.483464006999348	0.795115167563346	0.17965	0.72475	0.5451	TRUE
1	2.5	0.9	8	3	8	20000	"OptStop indecisive, n8 indecisive"	0.10865	8	2173	0.301965027185177	0.572624601897309	0.764542260513104	0.17965	0.72475	0.5451	TRUE
1	2.5	0.9	8	3	8	20000	"OptStop H0, n8 indecisive"	0.0878	2	1756	-0.70036140719921	-0.413847110459018	-0.130053843466659	0.17965	0.72475	0.5451	TRUE
1	2.5	0.9	8	3	8	20000	"OptStop H0, n8 indecisive"	0.0878	3	1756	-0.634875689353815	-0.323745179059259	-0.0813507961369933	0.17965	0.72475	0.5451	TRUE
1	2.5	0.9	8	3	8	20000	"OptStop H0, n8 indecisive"	0.0878	4	1756	-0.511884007057075	-0.148725087696477	0.176394991802805	0.17965	0.72475	0.5451	TRUE
1	2.5	0.9	8	3	8	20000	"OptStop H0, n8 indecisive"	0.0878	5	1756	-0.371631248069237	0.00712233922436878	0.341995613995575	0.17965	0.72475	0.5451	TRUE
1	2.5	0.9	8	3	8	20000	"OptStop H0, n8 indecisive"	0.0878	6	1756	-0.184268687799445	0.159536971855811	0.466737149251431	0.17965	0.72475	0.5451	TRUE
1	2.5	0.9	8	3	8	20000	"OptStop H0, n8 indecisive"	0.0878	7	1756	0.0231781510427806	0.310679383921244	0.575803043708605	0.17965	0.72475	0.5451	TRUE
1	2.5	0.9	8	3	8	20000	"OptStop H0, n8 indecisive"	0.0878	8	1756	0.22851183809949	0.501220333739808	0.708868185282274	0.17965	0.72475	0.5451	TRUE
1	2.5	0.9	8	3	8	20000	"OptStop H0, n8 H1"	0.09065	2	1813	-0.632699531001411	-0.336046574607128	-0.143253502703693	0.17965	0.72475	0.5451	TRUE
1	2.5	0.9	8	3	8	20000	"OptStop H0, n8 H1"	0.09065	3	1813	-0.333196774311685	-0.0725952211700633	0.199890017987826	0.17965	0.72475	0.5451	TRUE
1	2.5	0.9	8	3	8	20000	"OptStop H0, n8 H1"	0.09065	4	1813	0.0038125495782861	0.283726677527899	0.499313933315447	0.17965	0.72475	0.5451	TRUE
1	2.5	0.9	8	3	8	20000	"OptStop H0, n8 H1"	0.09065	5	1813	0.294122741057805	0.559205176321455	0.789815510774315	0.17965	0.72475	0.5451	TRUE
1	2.5	0.9	8	3	8	20000	"OptStop H0, n8 H1"	0.09065	6	1813	0.579935025989866	0.828176472502025	1.07739738618474	0.17965	0.72475	0.5451	TRUE
1	2.5	0.9	8	3	8	20000	"OptStop H0, n8 H1"	0.09065	7	1813	0.863583686374755	1.1042070101393	1.33990681165036	0.17965	0.72475	0.5451	TRUE
1	2.5	0.9	8	3	8	20000	"OptStop H0, n8 H1"	0.09065	8	1813	1.12962394005861	1.33237392015238	1.58190880581975	0.17965	0.72475	0.5451	TRUE
1	2.5	0.9	8	3	8	20000	"OptStop indecisive, n8 H0"	0.0195	2	390	0.194296330628051	0.386664309559779	0.553513115502924	0.17965	0.72475	0.5451	TRUE
1	2.5	0.9	8	3	8	20000	"OptStop indecisive, n8 H0"	0.0195	3	390	0.241504714511617	0.462780365820393	0.651695718645461	0.17965	0.72475	0.5451	TRUE
1	2.5	0.9	8	3	8	20000	"OptStop indecisive, n8 H0"	0.0195	4	390	-0.119925733366801	0.312655645929724	0.690153123489224	0.17965	0.72475	0.5451	TRUE
1	2.5	0.9	8	3	8	20000	"OptStop indecisive, n8 H0"	0.0195	5	390	-0.363421823091928	0.0822539696351529	0.495959164450401	0.17965	0.72475	0.5451	TRUE
1	2.5	0.9	8	3	8	20000	"OptStop indecisive, n8 H0"	0.0195	6	390	-0.520059882321205	-0.12875474256844	0.256439781158331	0.17965	0.72475	0.5451	TRUE
1	2.5	0.9	8	3	8	20000	"OptStop indecisive, n8 H0"	0.0195	7	390	-0.651959170669872	-0.2666464551566	0.101083698543647	0.17965	0.72475	0.5451	TRUE
1	2.5	0.9	8	3	8	20000	"OptStop indecisive, n8 H0"	0.0195	8	390	-0.67616112722701	-0.377354678525701	-0.226289792349446	0.17965	0.72475	0.5451	TRUE
1	2.5	0.9	8	3	8	20000	"OptStop H0, n8 H0"	0.0428	2	856	-0.774623924395733	-0.495827301118349	-0.172651232529478	0.17965	0.72475	0.5451	TRUE
1	2.5	0.9	8	3	8	20000	"OptStop H0, n8 H0"	0.0428	3	856	-0.906015603621963	-0.57915266761871	-0.264528629838515	0.17965	0.72475	0.5451	TRUE
1	2.5	0.9	8	3	8	20000	"OptStop H0, n8 H0"	0.0428	4	856	-1.00559162049517	-0.552756698343591	-0.153068249390554	0.17965	0.72475	0.5451	TRUE
1	2.5	0.9	8	3	8	20000	"OptStop H0, n8 H0"	0.0428	5	856	-1.09228144379515	-0.638495770930874	-0.20393770425227	0.17965	0.72475	0.5451	TRUE
1	2.5	0.9	8	3	8	20000	"OptStop H0, n8 H0"	0.0428	6	856	-1.0724394209141	-0.642964943171583	-0.237574805741083	0.17965	0.72475	0.5451	TRUE
1	2.5	0.9	8	3	8	20000	"OptStop H0, n8 H0"	0.0428	7	856	-1.12271051085851	-0.692825596043957	-0.285204821429328	0.17965	0.72475	0.5451	TRUE
1	2.5	0.9	8	3	8	20000	"OptStop H0, n8 H0"	0.0428	8	856	-1.01261119054132	-0.57870827773181	-0.299197966743577	0.17965	0.72475	0.5451	TRUE
1	2.5	0.9	8	3	8	20000	"OptStop H1, n8 indecisive"	0.01495	2	299	0.606515407640841	0.635444048132613	0.650046090939294	0.17965	0.72475	0.5451	TRUE
1	2.5	0.9	8	3	8	20000	"OptStop H1, n8 indecisive"	0.01495	3	299	0.947910648776375	0.976238856291424	1.00697413357844	0.17965	0.72475	0.5451	TRUE
1	2.5	0.9	8	3	8	20000	"OptStop H1, n8 indecisive"	0.01495	4	299	0.615041404152397	1.04759722948278	1.27539984405747	0.17965	0.72475	0.5451	TRUE
1	2.5	0.9	8	3	8	20000	"OptStop H1, n8 indecisive"	0.01495	5	299	0.391617941795847	0.852125331179179	1.26426842147555	0.17965	0.72475	0.5451	TRUE
1	2.5	0.9	8	3	8	20000	"OptStop H1, n8 indecisive"	0.01495	6	299	0.32226231815954	0.771503297943065	1.1864483777318	0.17965	0.72475	0.5451	TRUE
1	2.5	0.9	8	3	8	20000	"OptStop H1, n8 indecisive"	0.01495	7	299	0.280827514574866	0.558435772717212	0.954259696171382	0.17965	0.72475	0.5451	TRUE
1	2.5	0.9	8	3	8	20000	"OptStop H1, n8 indecisive"	0.01495	8	299	0.391665169984433	0.610858064335571	0.774278582774039	0.17965	0.72475	0.5451	TRUE
1	2.5	0.9	8	3	8	20000	"OptStop H1, n8 H0"	0.00155	2	31	0.614236444585806	0.631075951162986	0.647312623088919	0.17965	0.72475	0.5451	TRUE
1	2.5	0.9	8	3	8	20000	"OptStop H1, n8 H0"	0.00155	3	31	0.948460054251177	0.98173172390578	1.0089571035815	0.17965	0.72475	0.5451	TRUE
1	2.5	0.9	8	3	8	20000	"OptStop H1, n8 H0"	0.00155	4	31	0.251525581142832	1.02760439084343	1.29838722178029	0.17965	0.72475	0.5451	TRUE
1	2.5	0.9	8	3	8	20000	"OptStop H1, n8 H0"	0.00155	5	31	-0.231610636513234	0.160933943729884	0.618674663717328	0.17965	0.72475	0.5451	TRUE
1	2.5	0.9	8	3	8	20000	"OptStop H1, n8 H0"	0.00155	6	31	-0.464121913485557	0.0239375207057065	0.555459543681118	0.17965	0.72475	0.5451	TRUE
1	2.5	0.9	8	3	8	20000	"OptStop H1, n8 H0"	0.00155	7	31	-0.688613748008163	-0.240956191380197	0.314976349404796	0.17965	0.72475	0.5451	TRUE
1	2.5	0.9	8	3	8	20000	"OptStop H1, n8 H0"	0.00155	8	31	-0.408457821763482	-0.29777290025505	-0.198853000382394	0.17965	0.72475	0.5451	TRUE
