"bf_crit"	"r_val"	"df_type"	"bound"	"bins.left"	"bins.right"	"bins.cost"	"bins.mass"	"h0_point_cost"	"h1_total_cost"	"expected_cost"	"interval_mass"	"residual_mass"
3	0.707106781186547	"opt_stop"	"upper"	0	0.01	0.82465	0.00450128151135432	0.17535	0.260764069757223	0.218057034878611	0.852636933241057	0.147363066758943
3	0.707106781186547	"opt_stop"	"upper"	0.01	0.02	0.8237	0.00449948195845373	0.17535	0.260764069757223	0.218057034878611	0.852636933241057	0.147363066758943
3	0.707106781186547	"opt_stop"	"upper"	0.02	0.03	0.82345	0.00449588716554206	0.17535	0.260764069757223	0.218057034878611	0.852636933241057	0.147363066758943
3	0.707106781186547	"opt_stop"	"upper"	0.03	0.04	0.81755	0.00449050573258936	0.17535	0.260764069757223	0.218057034878611	0.852636933241057	0.147363066758943
3	0.707106781186547	"opt_stop"	"upper"	0.04	0.05	0.8186	0.00448335049531756	0.17535	0.260764069757223	0.218057034878611	0.852636933241057	0.147363066758943
3	0.707106781186547	"opt_stop"	"upper"	0.05	0.06	0.8156	0.0044744384489207	0.17535	0.260764069757223	0.218057034878611	0.852636933241057	0.147363066758943
3	0.707106781186547	"opt_stop"	"upper"	0.06	0.07	0.80765	0.00446379064767821	0.17535	0.260764069757223	0.218057034878611	0.852636933241057	0.147363066758943
3	0.707106781186547	"opt_stop"	"upper"	0.07	0.08	0.80755	0.0044514320815614	0.17535	0.260764069757223	0.218057034878611	0.852636933241057	0.147363066758943
3	0.707106781186547	"opt_stop"	"upper"	0.08	0.09	0.80195	0.00443739153117217	0.17535	0.260764069757223	0.218057034878611	0.852636933241057	0.147363066758943
3	0.707106781186547	"opt_stop"	"upper"	0.09	0.1	0.7972	0.00442170140256826	0.17535	0.260764069757223	0.218057034878611	0.852636933241057	0.147363066758943
3	0.707106781186547	"opt_stop"	"upper"	0.1	0.11	0.79115	0.0044043975437168	0.17535	0.260764069757223	0.218057034878611	0.852636933241057	0.147363066758943
3	0.707106781186547	"opt_stop"	"upper"	0.11	0.12	0.78805	0.00438551904447992	0.17535	0.260764069757223	0.218057034878611	0.852636933241057	0.147363066758943
3	0.707106781186547	"opt_stop"	"upper"	0.12	0.13	0.77485	0.0043651080221625	0.17535	0.260764069757223	0.218057034878611	0.852636933241057	0.147363066758943
3	0.707106781186547	"opt_stop"	"upper"	0.13	0.14	0.7703	0.00434320939475097	0.17535	0.260764069757223	0.218057034878611	0.852636933241057	0.147363066758943
3	0.707106781186547	"opt_stop"	"upper"	0.14	0.15	0.75955	0.00431987064403239	0.17535	0.260764069757223	0.218057034878611	0.852636933241057	0.147363066758943
3	0.707106781186547	"opt_stop"	"upper"	0.15	0.16	0.74675	0.00429514157081767	0.17535	0.260764069757223	0.218057034878611	0.852636933241057	0.147363066758943
3	0.707106781186547	"opt_stop"	"upper"	0.16	0.17	0.73495	0.00426907404449084	0.17535	0.260764069757223	0.218057034878611	0.852636933241057	0.147363066758943
3	0.707106781186547	"opt_stop"	"upper"	0.17	0.18	0.72535	0.00424172174907589	0.17535	0.260764069757223	0.218057034878611	0.852636933241057	0.147363066758943
3	0.707106781186547	"opt_stop"	"upper"	0.18	0.19	0.71525	0.00421313992795302	0.17535	0.260764069757223	0.218057034878611	0.852636933241057	0.147363066758943
3	0.707106781186547	"opt_stop"	"upper"	0.19	0.2	0.6988	0.00418338512927319	0.17535	0.260764069757223	0.218057034878611	0.852636933241057	0.147363066758943
3	0.707106781186547	"opt_stop"	"upper"	0.2	0.21	0.691	0.00415251495401492	0.17535	0.260764069757223	0.218057034878611	0.852636933241057	0.147363066758943
3	0.707106781186547	"opt_stop"	"upper"	0.21	0.22	0.67255	0.00412058780849478	0.17535	0.260764069757223	0.218057034878611	0.852636933241057	0.147363066758943
3	0.707106781186547	"opt_stop"	"upper"	0.22	0.23	0.6614	0.00408766266300542	0.17535	0.260764069757223	0.218057034878611	0.852636933241057	0.147363066758943
3	0.707106781186547	"opt_stop"	"upper"	0.23	0.24	0.64745	0.00405379881809953	0.17535	0.260764069757223	0.218057034878611	0.852636933241057	0.147363066758943
3	0.707106781186547	"opt_stop"	"upper"	0.24	0.25	0.63685	0.00401905567986716	0.17535	0.260764069757223	0.218057034878611	0.852636933241057	0.147363066758943
3	0.707106781186547	"opt_stop"	"upper"	0.25	0.26	0.61455	0.00398349254539054	0.17535	0.260764069757223	0.218057034878611	0.852636933241057	0.147363066758943
3	0.707106781186547	"opt_stop"	"upper"	0.26	0.27	0.6027	0.0039471683993777	0.17535	0.260764069757223	0.218057034878611	0.852636933241057	0.147363066758943
3	0.707106781186547	"opt_stop"	"upper"	0.27	0.28	0.5876	0.0039101417228099	0.17535	0.260764069757223	0.218057034878611	0.852636933241057	0.147363066758943
3	0.707106781186547	"opt_stop"	"upper"	0.28	0.29	0.5725	0.00387247031425986	0.17535	0.260764069757223	0.218057034878611	0.852636933241057	0.147363066758943
3	0.707106781186547	"opt_stop"	"upper"	0.29	0.3	0.5555	0.00383421112437399	0.17535	0.260764069757223	0.218057034878611	0.852636933241057	0.147363066758943
3	0.707106781186547	"opt_stop"	"upper"	0.3	0.31	0.53305	0.00379542010385214	0.17535	0.260764069757223	0.218057034878611	0.852636933241057	0.147363066758943
3	0.707106781186547	"opt_stop"	"upper"	0.31	0.32	0.52355	0.0037561520651076	0.17535	0.260764069757223	0.218057034878611	0.852636933241057	0.147363066758943
3	0.707106781186547	"opt_stop"	"upper"	0.32	0.33	0.5042	0.0037164605576494	0.17535	0.260764069757223	0.218057034878611	0.852636933241057	0.147363066758943
3	0.707106781186547	"opt_stop"	"upper"	0.33	0.34	0.49645	0.00367639775710027	0.17535	0.260764069757223	0.218057034878611	0.852636933241057	0.147363066758943
3	0.707106781186547	"opt_stop"	"upper"	0.34	0.35	0.464	0.00363601436764771	0.17535	0.260764069757223	0.218057034878611	0.852636933241057	0.147363066758943
3	0.707106781186547	"opt_stop"	"upper"	0.35	0.36	0.4539	0.00359535953762313	0.17535	0.260764069757223	0.218057034878611	0.852636933241057	0.147363066758943
3	0.707106781186547	"opt_stop"	"upper"	0.36	0.37	0.43655	0.00355448078780674	0.17535	0.260764069757223	0.218057034878611	0.852636933241057	0.147363066758943
3	0.707106781186547	"opt_stop"	"upper"	0.37	0.38	0.4233	0.00351342395198839	0.17535	0.260764069757223	0.218057034878611	0.852636933241057	0.147363066758943
3	0.707106781186547	"opt_stop"	"upper"	0.38	0.39	0.40615	0.00347223312923983	0.17535	0.260764069757223	0.218057034878611	0.852636933241057	0.147363066758943
3	0.707106781186547	"opt_stop"	"upper"	0.39	0.4	0.38295	0.0034309506473047	0.17535	0.260764069757223	0.218057034878611	0.852636933241057	0.147363066758943
3	0.707106781186547	"opt_stop"	"upper"	0.4	0.41	0.3763	0.00338961703647089	0.17535	0.260764069757223	0.218057034878611	0.852636933241057	0.147363066758943
3	0.707106781186547	"opt_stop"	"upper"	0.41	0.42	0.35715	0.00334827101326107	0.17535	0.260764069757223	0.218057034878611	0.852636933241057	0.147363066758943
3	0.707106781186547	"opt_stop"	"upper"	0.42	0.43	0.3475	0.00330694947325083	0.17535	0.260764069757223	0.218057034878611	0.852636933241057	0.147363066758943
3	0.707106781186547	"opt_stop"	"upper"	0.43	0.44	0.3264	0.00326568749231892	0.17535	0.260764069757223	0.218057034878611	0.852636933241057	0.147363066758943
3	0.707106781186547	"opt_stop"	"upper"	0.44	0.45	0.3126	0.00322451833563064	0.17535	0.260764069757223	0.218057034878611	0.852636933241057	0.147363066758943
3	0.707106781186547	"opt_stop"	"upper"	0.45	0.46	0.29935	0.00318347347365244	0.17535	0.260764069757223	0.218057034878611	0.852636933241057	0.147363066758943
3	0.707106781186547	"opt_stop"	"upper"	0.46	0.47	0.28875	0.00314258260451983	0.17535	0.260764069757223	0.218057034878611	0.852636933241057	0.147363066758943
3	0.707106781186547	"opt_stop"	"upper"	0.47	0.48	0.27245	0.00310187368208414	0.17535	0.260764069757223	0.218057034878611	0.852636933241057	0.147363066758943
3	0.707106781186547	"opt_stop"	"upper"	0.48	0.49	0.2591	0.00306137294899522	0.17535	0.260764069757223	0.218057034878611	0.852636933241057	0.147363066758943
3	0.707106781186547	"opt_stop"	"upper"	0.49	0.5	0.2455	0.00302110497419494	0.17535	0.260764069757223	0.218057034878611	0.852636933241057	0.147363066758943
3	0.707106781186547	"opt_stop"	"upper"	0.5	0.51	0.23855	0.00298109269423352	0.17535	0.260764069757223	0.218057034878611	0.852636933241057	0.147363066758943
3	0.707106781186547	"opt_stop"	"upper"	0.51	0.52	0.2237	0.00294135745783941	0.17535	0.260764069757223	0.218057034878611	0.852636933241057	0.147363066758943
3	0.707106781186547	"opt_stop"	"upper"	0.52	0.53	0.20825	0.00290191907322168	0.17535	0.260764069757223	0.218057034878611	0.852636933241057	0.147363066758943
3	0.707106781186547	"opt_stop"	"upper"	0.53	0.54	0.20115	0.00286279585760063	0.17535	0.260764069757223	0.218057034878611	0.852636933241057	0.147363066758943
3	0.707106781186547	"opt_stop"	"upper"	0.54	0.55	0.18965	0.00282400468851374	0.17535	0.260764069757223	0.218057034878611	0.852636933241057	0.147363066758943
3	0.707106781186547	"opt_stop"	"upper"	0.55	0.56	0.1797	0.00278556105646488	0.17535	0.260764069757223	0.218057034878611	0.852636933241057	0.147363066758943
3	0.707106781186547	"opt_stop"	"upper"	0.56	0.57	0.16785	0.00274747911852713	0.17535	0.260764069757223	0.218057034878611	0.852636933241057	0.147363066758943
3	0.707106781186547	"opt_stop"	"upper"	0.57	0.58	0.15835	0.00270977175254339	0.17535	0.260764069757223	0.218057034878611	0.852636933241057	0.147363066758943
3	0.707106781186547	"opt_stop"	"upper"	0.58	0.59	0.153	0.0026724506115946	0.17535	0.260764069757223	0.218057034878611	0.852636933241057	0.147363066758943
3	0.707106781186547	"opt_stop"	"upper"	0.59	0.6	0.14695	0.00263552617844953	0.17535	0.260764069757223	0.218057034878611	0.852636933241057	0.147363066758943
3	0.707106781186547	"opt_stop"	"upper"	0.6	0.61	0.1324	0.00259900781972977	0.17535	0.260764069757223	0.218057034878611	0.852636933241057	0.147363066758943
3	0.707106781186547	"opt_stop"	"upper"	0.61	0.62	0.12385	0.0025629038395566	0.17535	0.260764069757223	0.218057034878611	0.852636933241057	0.147363066758943
3	0.707106781186547	"opt_stop"	"upper"	0.62	0.63	0.1198	0.00252722153247886	0.17535	0.260764069757223	0.218057034878611	0.852636933241057	0.147363066758943
3	0.707106781186547	"opt_stop"	"upper"	0.63	0.64	0.11185	0.00249196723549794	0.17535	0.260764069757223	0.218057034878611	0.852636933241057	0.147363066758943
3	0.707106781186547	"opt_stop"	"upper"	0.64	0.65	0.107	0.00245714637903893	0.17535	0.260764069757223	0.218057034878611	0.852636933241057	0.147363066758943
3	0.707106781186547	"opt_stop"	"upper"	0.65	0.66	0.09875	0.00242276353673399	0.17535	0.260764069757223	0.218057034878611	0.852636933241057	0.147363066758943
3	0.707106781186547	"opt_stop"	"upper"	0.66	0.67	0.08955	0.00238882247390815	0.17535	0.260764069757223	0.218057034878611	0.852636933241057	0.147363066758943
3	0.707106781186547	"opt_stop"	"upper"	0.67	0.68	0.08505	0.00235532619467604	0.17535	0.260764069757223	0.218057034878611	0.852636933241057	0.147363066758943
3	0.707106781186547	"opt_stop"	"upper"	0.68	0.69	0.07875	0.00232227698757459	0.17535	0.260764069757223	0.218057034878611	0.852636933241057	0.147363066758943
3	0.707106781186547	"opt_stop"	"upper"	0.69	0.7	0.07085	0.00228967646967748	0.17535	0.260764069757223	0.218057034878611	0.852636933241057	0.147363066758943
3	0.707106781186547	"opt_stop"	"upper"	0.7	0.71	0.06915	0.00225752562914328	0.17535	0.260764069757223	0.218057034878611	0.852636933241057	0.147363066758943
3	0.707106781186547	"opt_stop"	"upper"	0.71	0.72	0.06415	0.00222582486617429	0.17535	0.260764069757223	0.218057034878611	0.852636933241057	0.147363066758943
3	0.707106781186547	"opt_stop"	"upper"	0.72	0.73	0.05915	0.00219457403236178	0.17535	0.260764069757223	0.218057034878611	0.852636933241057	0.147363066758943
3	0.707106781186547	"opt_stop"	"upper"	0.73	0.74	0.05785	0.00216377246841604	0.17535	0.260764069757223	0.218057034878611	0.852636933241057	0.147363066758943
3	0.707106781186547	"opt_stop"	"upper"	0.74	0.75	0.05245	0.00213341904027875	0.17535	0.260764069757223	0.218057034878611	0.852636933241057	0.147363066758943
3	0.707106781186547	"opt_stop"	"upper"	0.75	0.76	0.0451	0.00210351217363292	0.17535	0.260764069757223	0.218057034878611	0.852636933241057	0.147363066758943
3	0.707106781186547	"opt_stop"	"upper"	0.76	0.77	0.0448	0.00207404988682247	0.17535	0.260764069757223	0.218057034878611	0.852636933241057	0.147363066758943
3	0.707106781186547	"opt_stop"	"upper"	0.77	0.78	0.04095	0.00204502982221078	0.17535	0.260764069757223	0.218057034878611	0.852636933241057	0.147363066758943
3	0.707106781186547	"opt_stop"	"upper"	0.78	0.79	0.0386	0.00201644927600275	0.17535	0.260764069757223	0.218057034878611	0.852636933241057	0.147363066758943
3	0.707106781186547	"opt_stop"	"upper"	0.79	0.8	0.03755	0.00198830522656746	0.17535	0.260764069757223	0.218057034878611	0.852636933241057	0.147363066758943
3	0.707106781186547	"opt_stop"	"upper"	0.8	0.81	0.02915	0.00196059436129559	0.17535	0.260764069757223	0.218057034878611	0.852636933241057	0.147363066758943
3	0.707106781186547	"opt_stop"	"upper"	0.81	0.82	0.03085	0.0019333131020346	0.17535	0.260764069757223	0.218057034878611	0.852636933241057	0.147363066758943
3	0.707106781186547	"opt_stop"	"upper"	0.82	0.83	0.0273	0.0019064576291441	0.17535	0.260764069757223	0.218057034878611	0.852636933241057	0.147363066758943
3	0.707106781186547	"opt_stop"	"upper"	0.83	0.84	0.02495	0.00188002390421305	0.17535	0.260764069757223	0.218057034878611	0.852636933241057	0.147363066758943
3	0.707106781186547	"opt_stop"	"upper"	0.84	0.85	0.02245	0.00185400769149069	0.17535	0.260764069757223	0.218057034878611	0.852636933241057	0.147363066758943
3	0.707106781186547	"opt_stop"	"upper"	0.85	0.86	0.0215	0.00182840457807221	0.17535	0.260764069757223	0.218057034878611	0.852636933241057	0.147363066758943
3	0.707106781186547	"opt_stop"	"upper"	0.86	0.87	0.01865	0.00180320999289163	0.17535	0.260764069757223	0.218057034878611	0.852636933241057	0.147363066758943
3	0.707106781186547	"opt_stop"	"upper"	0.87	0.88	0.0193	0.00177841922456745	0.17535	0.260764069757223	0.218057034878611	0.852636933241057	0.147363066758943
3	0.707106781186547	"opt_stop"	"upper"	0.88	0.89	0.01775	0.00175402743814934	0.17535	0.260764069757223	0.218057034878611	0.852636933241057	0.147363066758943
3	0.707106781186547	"opt_stop"	"upper"	0.89	0.9	0.016	0.00173002969081315	0.17535	0.260764069757223	0.218057034878611	0.852636933241057	0.147363066758943
3	0.707106781186547	"opt_stop"	"upper"	0.9	0.91	0.01425	0.00170642094655349	0.17535	0.260764069757223	0.218057034878611	0.852636933241057	0.147363066758943
3	0.707106781186547	"opt_stop"	"upper"	0.91	0.92	0.0137	0.0016831960899174	0.17535	0.260764069757223	0.218057034878611	0.852636933241057	0.147363066758943
3	0.707106781186547	"opt_stop"	"upper"	0.92	0.93	0.01075	0.00166034993882525	0.17535	0.260764069757223	0.218057034878611	0.852636933241057	0.147363066758943
3	0.707106781186547	"opt_stop"	"upper"	0.93	0.94	0.0113	0.00163787725652575	0.17535	0.260764069757223	0.218057034878611	0.852636933241057	0.147363066758943
3	0.707106781186547	"opt_stop"	"upper"	0.94	0.95	0.00955	0.00161577276272462	0.17535	0.260764069757223	0.218057034878611	0.852636933241057	0.147363066758943
3	0.707106781186547	"opt_stop"	"upper"	0.95	0.96	0.009	0.00159403114393153	0.17535	0.260764069757223	0.218057034878611	0.852636933241057	0.147363066758943
3	0.707106781186547	"opt_stop"	"upper"	0.96	0.97	0.0084	0.00157264706306615	0.17535	0.260764069757223	0.218057034878611	0.852636933241057	0.147363066758943
3	0.707106781186547	"opt_stop"	"upper"	0.97	0.98	0.0075	0.00155161516836166	0.17535	0.260764069757223	0.218057034878611	0.852636933241057	0.147363066758943
3	0.707106781186547	"opt_stop"	"upper"	0.98	0.99	0.00685	0.0015309301016031	0.17535	0.260764069757223	0.218057034878611	0.852636933241057	0.147363066758943
3	0.707106781186547	"opt_stop"	"upper"	0.99	1	0.006	0.00151058650574065	0.17535	0.260764069757223	0.218057034878611	0.852636933241057	0.147363066758943
3	0.707106781186547	"opt_stop"	"upper"	1	2	0.006	0.0877398280459109	0.17535	0.260764069757223	0.218057034878611	0.852636933241057	0.147363066758943
3	0.707106781186547	"opt_stop"	"upper"	2	3	0	0.0344919145899214	0.17535	0.260764069757223	0.218057034878611	0.852636933241057	0.147363066758943
3	0.707106781186547	"opt_stop"	"lower"	0	0.01	0.8237	0.00450128151135432	0.17535	0.25411126086437	0.214730630432185	0.852636933241057	0.147363066758943
3	0.707106781186547	"opt_stop"	"lower"	0.01	0.02	0.82345	0.00449948195845373	0.17535	0.25411126086437	0.214730630432185	0.852636933241057	0.147363066758943
3	0.707106781186547	"opt_stop"	"lower"	0.02	0.03	0.81755	0.00449588716554206	0.17535	0.25411126086437	0.214730630432185	0.852636933241057	0.147363066758943
3	0.707106781186547	"opt_stop"	"lower"	0.03	0.04	0.8186	0.00449050573258936	0.17535	0.25411126086437	0.214730630432185	0.852636933241057	0.147363066758943
3	0.707106781186547	"opt_stop"	"lower"	0.04	0.05	0.8156	0.00448335049531756	0.17535	0.25411126086437	0.214730630432185	0.852636933241057	0.147363066758943
3	0.707106781186547	"opt_stop"	"lower"	0.05	0.06	0.80765	0.0044744384489207	0.17535	0.25411126086437	0.214730630432185	0.852636933241057	0.147363066758943
3	0.707106781186547	"opt_stop"	"lower"	0.06	0.07	0.80755	0.00446379064767821	0.17535	0.25411126086437	0.214730630432185	0.852636933241057	0.147363066758943
3	0.707106781186547	"opt_stop"	"lower"	0.07	0.08	0.80195	0.0044514320815614	0.17535	0.25411126086437	0.214730630432185	0.852636933241057	0.147363066758943
3	0.707106781186547	"opt_stop"	"lower"	0.08	0.09	0.7972	0.00443739153117217	0.17535	0.25411126086437	0.214730630432185	0.852636933241057	0.147363066758943
3	0.707106781186547	"opt_stop"	"lower"	0.09	0.1	0.79115	0.00442170140256826	0.17535	0.25411126086437	0.214730630432185	0.852636933241057	0.147363066758943
3	0.707106781186547	"opt_stop"	"lower"	0.1	0.11	0.78805	0.0044043975437168	0.17535	0.25411126086437	0.214730630432185	0.852636933241057	0.147363066758943
3	0.707106781186547	"opt_stop"	"lower"	0.11	0.12	0.77485	0.00438551904447992	0.17535	0.25411126086437	0.214730630432185	0.852636933241057	0.147363066758943
3	0.707106781186547	"opt_stop"	"lower"	0.12	0.13	0.7703	0.0043651080221625	0.17535	0.25411126086437	0.214730630432185	0.852636933241057	0.147363066758943
3	0.707106781186547	"opt_stop"	"lower"	0.13	0.14	0.75955	0.00434320939475097	0.17535	0.25411126086437	0.214730630432185	0.852636933241057	0.147363066758943
3	0.707106781186547	"opt_stop"	"lower"	0.14	0.15	0.74675	0.00431987064403239	0.17535	0.25411126086437	0.214730630432185	0.852636933241057	0.147363066758943
3	0.707106781186547	"opt_stop"	"lower"	0.15	0.16	0.73495	0.00429514157081767	0.17535	0.25411126086437	0.214730630432185	0.852636933241057	0.147363066758943
3	0.707106781186547	"opt_stop"	"lower"	0.16	0.17	0.72535	0.00426907404449084	0.17535	0.25411126086437	0.214730630432185	0.852636933241057	0.147363066758943
3	0.707106781186547	"opt_stop"	"lower"	0.17	0.18	0.71525	0.00424172174907589	0.17535	0.25411126086437	0.214730630432185	0.852636933241057	0.147363066758943
3	0.707106781186547	"opt_stop"	"lower"	0.18	0.19	0.6988	0.00421313992795302	0.17535	0.25411126086437	0.214730630432185	0.852636933241057	0.147363066758943
3	0.707106781186547	"opt_stop"	"lower"	0.19	0.2	0.691	0.00418338512927319	0.17535	0.25411126086437	0.214730630432185	0.852636933241057	0.147363066758943
3	0.707106781186547	"opt_stop"	"lower"	0.2	0.21	0.67255	0.00415251495401492	0.17535	0.25411126086437	0.214730630432185	0.852636933241057	0.147363066758943
3	0.707106781186547	"opt_stop"	"lower"	0.21	0.22	0.6614	0.00412058780849478	0.17535	0.25411126086437	0.214730630432185	0.852636933241057	0.147363066758943
3	0.707106781186547	"opt_stop"	"lower"	0.22	0.23	0.64745	0.00408766266300542	0.17535	0.25411126086437	0.214730630432185	0.852636933241057	0.147363066758943
3	0.707106781186547	"opt_stop"	"lower"	0.23	0.24	0.63685	0.00405379881809953	0.17535	0.25411126086437	0.214730630432185	0.852636933241057	0.147363066758943
3	0.707106781186547	"opt_stop"	"lower"	0.24	0.25	0.61455	0.00401905567986716	0.17535	0.25411126086437	0.214730630432185	0.852636933241057	0.147363066758943
3	0.707106781186547	"opt_stop"	"lower"	0.25	0.26	0.6027	0.00398349254539054	0.17535	0.25411126086437	0.214730630432185	0.852636933241057	0.147363066758943
3	0.707106781186547	"opt_stop"	"lower"	0.26	0.27	0.5876	0.0039471683993777	0.17535	0.25411126086437	0.214730630432185	0.852636933241057	0.147363066758943
3	0.707106781186547	"opt_stop"	"lower"	0.27	0.28	0.5725	0.0039101417228099	0.17535	0.25411126086437	0.214730630432185	0.852636933241057	0.147363066758943
3	0.707106781186547	"opt_stop"	"lower"	0.28	0.29	0.5555	0.00387247031425986	0.17535	0.25411126086437	0.214730630432185	0.852636933241057	0.147363066758943
3	0.707106781186547	"opt_stop"	"lower"	0.29	0.3	0.53305	0.00383421112437399	0.17535	0.25411126086437	0.214730630432185	0.852636933241057	0.147363066758943
3	0.707106781186547	"opt_stop"	"lower"	0.3	0.31	0.52355	0.00379542010385214	0.17535	0.25411126086437	0.214730630432185	0.852636933241057	0.147363066758943
3	0.707106781186547	"opt_stop"	"lower"	0.31	0.32	0.5042	0.0037561520651076	0.17535	0.25411126086437	0.214730630432185	0.852636933241057	0.147363066758943
3	0.707106781186547	"opt_stop"	"lower"	0.32	0.33	0.49645	0.0037164605576494	0.17535	0.25411126086437	0.214730630432185	0.852636933241057	0.147363066758943
3	0.707106781186547	"opt_stop"	"lower"	0.33	0.34	0.464	0.00367639775710027	0.17535	0.25411126086437	0.214730630432185	0.852636933241057	0.147363066758943
3	0.707106781186547	"opt_stop"	"lower"	0.34	0.35	0.4539	0.00363601436764771	0.17535	0.25411126086437	0.214730630432185	0.852636933241057	0.147363066758943
3	0.707106781186547	"opt_stop"	"lower"	0.35	0.36	0.43655	0.00359535953762313	0.17535	0.25411126086437	0.214730630432185	0.852636933241057	0.147363066758943
3	0.707106781186547	"opt_stop"	"lower"	0.36	0.37	0.4233	0.00355448078780674	0.17535	0.25411126086437	0.214730630432185	0.852636933241057	0.147363066758943
3	0.707106781186547	"opt_stop"	"lower"	0.37	0.38	0.40615	0.00351342395198839	0.17535	0.25411126086437	0.214730630432185	0.852636933241057	0.147363066758943
3	0.707106781186547	"opt_stop"	"lower"	0.38	0.39	0.38295	0.00347223312923983	0.17535	0.25411126086437	0.214730630432185	0.852636933241057	0.147363066758943
3	0.707106781186547	"opt_stop"	"lower"	0.39	0.4	0.3763	0.0034309506473047	0.17535	0.25411126086437	0.214730630432185	0.852636933241057	0.147363066758943
3	0.707106781186547	"opt_stop"	"lower"	0.4	0.41	0.35715	0.00338961703647089	0.17535	0.25411126086437	0.214730630432185	0.852636933241057	0.147363066758943
3	0.707106781186547	"opt_stop"	"lower"	0.41	0.42	0.3475	0.00334827101326107	0.17535	0.25411126086437	0.214730630432185	0.852636933241057	0.147363066758943
3	0.707106781186547	"opt_stop"	"lower"	0.42	0.43	0.3264	0.00330694947325083	0.17535	0.25411126086437	0.214730630432185	0.852636933241057	0.147363066758943
3	0.707106781186547	"opt_stop"	"lower"	0.43	0.44	0.3126	0.00326568749231892	0.17535	0.25411126086437	0.214730630432185	0.852636933241057	0.147363066758943
3	0.707106781186547	"opt_stop"	"lower"	0.44	0.45	0.29935	0.00322451833563064	0.17535	0.25411126086437	0.214730630432185	0.852636933241057	0.147363066758943
3	0.707106781186547	"opt_stop"	"lower"	0.45	0.46	0.28875	0.00318347347365244	0.17535	0.25411126086437	0.214730630432185	0.852636933241057	0.147363066758943
3	0.707106781186547	"opt_stop"	"lower"	0.46	0.47	0.27245	0.00314258260451983	0.17535	0.25411126086437	0.214730630432185	0.852636933241057	0.147363066758943
3	0.707106781186547	"opt_stop"	"lower"	0.47	0.48	0.2591	0.00310187368208414	0.17535	0.25411126086437	0.214730630432185	0.852636933241057	0.147363066758943
3	0.707106781186547	"opt_stop"	"lower"	0.48	0.49	0.2455	0.00306137294899522	0.17535	0.25411126086437	0.214730630432185	0.852636933241057	0.147363066758943
3	0.707106781186547	"opt_stop"	"lower"	0.49	0.5	0.23855	0.00302110497419494	0.17535	0.25411126086437	0.214730630432185	0.852636933241057	0.147363066758943
3	0.707106781186547	"opt_stop"	"lower"	0.5	0.51	0.2237	0.00298109269423352	0.17535	0.25411126086437	0.214730630432185	0.852636933241057	0.147363066758943
3	0.707106781186547	"opt_stop"	"lower"	0.51	0.52	0.20825	0.00294135745783941	0.17535	0.25411126086437	0.214730630432185	0.852636933241057	0.147363066758943
3	0.707106781186547	"opt_stop"	"lower"	0.52	0.53	0.20115	0.00290191907322168	0.17535	0.25411126086437	0.214730630432185	0.852636933241057	0.147363066758943
3	0.707106781186547	"opt_stop"	"lower"	0.53	0.54	0.18965	0.00286279585760063	0.17535	0.25411126086437	0.214730630432185	0.852636933241057	0.147363066758943
3	0.707106781186547	"opt_stop"	"lower"	0.54	0.55	0.1797	0.00282400468851374	0.17535	0.25411126086437	0.214730630432185	0.852636933241057	0.147363066758943
3	0.707106781186547	"opt_stop"	"lower"	0.55	0.56	0.16785	0.00278556105646488	0.17535	0.25411126086437	0.214730630432185	0.852636933241057	0.147363066758943
3	0.707106781186547	"opt_stop"	"lower"	0.56	0.57	0.15835	0.00274747911852713	0.17535	0.25411126086437	0.214730630432185	0.852636933241057	0.147363066758943
3	0.707106781186547	"opt_stop"	"lower"	0.57	0.58	0.153	0.00270977175254339	0.17535	0.25411126086437	0.214730630432185	0.852636933241057	0.147363066758943
3	0.707106781186547	"opt_stop"	"lower"	0.58	0.59	0.14695	0.0026724506115946	0.17535	0.25411126086437	0.214730630432185	0.852636933241057	0.147363066758943
3	0.707106781186547	"opt_stop"	"lower"	0.59	0.6	0.1324	0.00263552617844953	0.17535	0.25411126086437	0.214730630432185	0.852636933241057	0.147363066758943
3	0.707106781186547	"opt_stop"	"lower"	0.6	0.61	0.12385	0.00259900781972977	0.17535	0.25411126086437	0.214730630432185	0.852636933241057	0.147363066758943
3	0.707106781186547	"opt_stop"	"lower"	0.61	0.62	0.1198	0.0025629038395566	0.17535	0.25411126086437	0.214730630432185	0.852636933241057	0.147363066758943
3	0.707106781186547	"opt_stop"	"lower"	0.62	0.63	0.11185	0.00252722153247886	0.17535	0.25411126086437	0.214730630432185	0.852636933241057	0.147363066758943
3	0.707106781186547	"opt_stop"	"lower"	0.63	0.64	0.107	0.00249196723549794	0.17535	0.25411126086437	0.214730630432185	0.852636933241057	0.147363066758943
3	0.707106781186547	"opt_stop"	"lower"	0.64	0.65	0.09875	0.00245714637903893	0.17535	0.25411126086437	0.214730630432185	0.852636933241057	0.147363066758943
3	0.707106781186547	"opt_stop"	"lower"	0.65	0.66	0.08955	0.00242276353673399	0.17535	0.25411126086437	0.214730630432185	0.852636933241057	0.147363066758943
3	0.707106781186547	"opt_stop"	"lower"	0.66	0.67	0.08505	0.00238882247390815	0.17535	0.25411126086437	0.214730630432185	0.852636933241057	0.147363066758943
3	0.707106781186547	"opt_stop"	"lower"	0.67	0.68	0.07875	0.00235532619467604	0.17535	0.25411126086437	0.214730630432185	0.852636933241057	0.147363066758943
3	0.707106781186547	"opt_stop"	"lower"	0.68	0.69	0.07085	0.00232227698757459	0.17535	0.25411126086437	0.214730630432185	0.852636933241057	0.147363066758943
3	0.707106781186547	"opt_stop"	"lower"	0.69	0.7	0.06915	0.00228967646967748	0.17535	0.25411126086437	0.214730630432185	0.852636933241057	0.147363066758943
3	0.707106781186547	"opt_stop"	"lower"	0.7	0.71	0.06415	0.00225752562914328	0.17535	0.25411126086437	0.214730630432185	0.852636933241057	0.147363066758943
3	0.707106781186547	"opt_stop"	"lower"	0.71	0.72	0.05915	0.00222582486617429	0.17535	0.25411126086437	0.214730630432185	0.852636933241057	0.147363066758943
3	0.707106781186547	"opt_stop"	"lower"	0.72	0.73	0.05785	0.00219457403236178	0.17535	0.25411126086437	0.214730630432185	0.852636933241057	0.147363066758943
3	0.707106781186547	"opt_stop"	"lower"	0.73	0.74	0.05245	0.00216377246841604	0.17535	0.25411126086437	0.214730630432185	0.852636933241057	0.147363066758943
3	0.707106781186547	"opt_stop"	"lower"	0.74	0.75	0.0451	0.00213341904027875	0.17535	0.25411126086437	0.214730630432185	0.852636933241057	0.147363066758943
3	0.707106781186547	"opt_stop"	"lower"	0.75	0.76	0.0448	0.00210351217363292	0.17535	0.25411126086437	0.214730630432185	0.852636933241057	0.147363066758943
3	0.707106781186547	"opt_stop"	"lower"	0.76	0.77	0.04095	0.00207404988682247	0.17535	0.25411126086437	0.214730630432185	0.852636933241057	0.147363066758943
3	0.707106781186547	"opt_stop"	"lower"	0.77	0.78	0.0386	0.00204502982221078	0.17535	0.25411126086437	0.214730630432185	0.852636933241057	0.147363066758943
3	0.707106781186547	"opt_stop"	"lower"	0.78	0.79	0.03755	0.00201644927600275	0.17535	0.25411126086437	0.214730630432185	0.852636933241057	0.147363066758943
3	0.707106781186547	"opt_stop"	"lower"	0.79	0.8	0.02915	0.00198830522656746	0.17535	0.25411126086437	0.214730630432185	0.852636933241057	0.147363066758943
3	0.707106781186547	"opt_stop"	"lower"	0.8	0.81	0.03085	0.00196059436129559	0.17535	0.25411126086437	0.214730630432185	0.852636933241057	0.147363066758943
3	0.707106781186547	"opt_stop"	"lower"	0.81	0.82	0.0273	0.0019333131020346	0.17535	0.25411126086437	0.214730630432185	0.852636933241057	0.147363066758943
3	0.707106781186547	"opt_stop"	"lower"	0.82	0.83	0.02495	0.0019064576291441	0.17535	0.25411126086437	0.214730630432185	0.852636933241057	0.147363066758943
3	0.707106781186547	"opt_stop"	"lower"	0.83	0.84	0.02245	0.00188002390421305	0.17535	0.25411126086437	0.214730630432185	0.852636933241057	0.147363066758943
3	0.707106781186547	"opt_stop"	"lower"	0.84	0.85	0.0215	0.00185400769149069	0.17535	0.25411126086437	0.214730630432185	0.852636933241057	0.147363066758943
3	0.707106781186547	"opt_stop"	"lower"	0.85	0.86	0.01865	0.00182840457807221	0.17535	0.25411126086437	0.214730630432185	0.852636933241057	0.147363066758943
3	0.707106781186547	"opt_stop"	"lower"	0.86	0.87	0.0193	0.00180320999289163	0.17535	0.25411126086437	0.214730630432185	0.852636933241057	0.147363066758943
3	0.707106781186547	"opt_stop"	"lower"	0.87	0.88	0.01775	0.00177841922456745	0.17535	0.25411126086437	0.214730630432185	0.852636933241057	0.147363066758943
3	0.707106781186547	"opt_stop"	"lower"	0.88	0.89	0.016	0.00175402743814934	0.17535	0.25411126086437	0.214730630432185	0.852636933241057	0.147363066758943
3	0.707106781186547	"opt_stop"	"lower"	0.89	0.9	0.01425	0.00173002969081315	0.17535	0.25411126086437	0.214730630432185	0.852636933241057	0.147363066758943
3	0.707106781186547	"opt_stop"	"lower"	0.9	0.91	0.0137	0.00170642094655349	0.17535	0.25411126086437	0.214730630432185	0.852636933241057	0.147363066758943
3	0.707106781186547	"opt_stop"	"lower"	0.91	0.92	0.01075	0.0016831960899174	0.17535	0.25411126086437	0.214730630432185	0.852636933241057	0.147363066758943
3	0.707106781186547	"opt_stop"	"lower"	0.92	0.93	0.0113	0.00166034993882525	0.17535	0.25411126086437	0.214730630432185	0.852636933241057	0.147363066758943
3	0.707106781186547	"opt_stop"	"lower"	0.93	0.94	0.00955	0.00163787725652575	0.17535	0.25411126086437	0.214730630432185	0.852636933241057	0.147363066758943
3	0.707106781186547	"opt_stop"	"lower"	0.94	0.95	0.009	0.00161577276272462	0.17535	0.25411126086437	0.214730630432185	0.852636933241057	0.147363066758943
3	0.707106781186547	"opt_stop"	"lower"	0.95	0.96	0.0084	0.00159403114393153	0.17535	0.25411126086437	0.214730630432185	0.852636933241057	0.147363066758943
3	0.707106781186547	"opt_stop"	"lower"	0.96	0.97	0.0075	0.00157264706306615	0.17535	0.25411126086437	0.214730630432185	0.852636933241057	0.147363066758943
3	0.707106781186547	"opt_stop"	"lower"	0.97	0.98	0.00685	0.00155161516836166	0.17535	0.25411126086437	0.214730630432185	0.852636933241057	0.147363066758943
3	0.707106781186547	"opt_stop"	"lower"	0.98	0.99	0.006	0.0015309301016031	0.17535	0.25411126086437	0.214730630432185	0.852636933241057	0.147363066758943
3	0.707106781186547	"opt_stop"	"lower"	0.99	1	0.006	0.00151058650574065	0.17535	0.25411126086437	0.214730630432185	0.852636933241057	0.147363066758943
3	0.707106781186547	"opt_stop"	"lower"	1	2	0	0.0877398280459109	0.17535	0.25411126086437	0.214730630432185	0.852636933241057	0.147363066758943
3	0.707106781186547	"opt_stop"	"lower"	2	3	0	0.0344919145899214	0.17535	0.25411126086437	0.214730630432185	0.852636933241057	0.147363066758943
3	0.707106781186547	"stop_avg"	"upper"	0	0.01	0.58344214875	0.00450128151135432	0.15292213375	0.275724710852649	0.214323422301324	0.852636933241057	0.147363066758943
3	0.707106781186547	"stop_avg"	"upper"	0.01	0.02	0.5772237525	0.00449948195845373	0.15292213375	0.275724710852649	0.214323422301324	0.852636933241057	0.147363066758943
3	0.707106781186547	"stop_avg"	"upper"	0.02	0.03	0.5815259575	0.00449588716554206	0.15292213375	0.275724710852649	0.214323422301324	0.852636933241057	0.147363066758943
3	0.707106781186547	"stop_avg"	"upper"	0.03	0.04	0.5803036125	0.00449050573258936	0.15292213375	0.275724710852649	0.214323422301324	0.852636933241057	0.147363066758943
3	0.707106781186547	"stop_avg"	"upper"	0.04	0.05	0.58421996375	0.00448335049531756	0.15292213375	0.275724710852649	0.214323422301324	0.852636933241057	0.147363066758943
3	0.707106781186547	"stop_avg"	"upper"	0.05	0.06	0.57546654	0.0044744384489207	0.15292213375	0.275724710852649	0.214323422301324	0.852636933241057	0.147363066758943
3	0.707106781186547	"stop_avg"	"upper"	0.06	0.07	0.576377845	0.00446379064767821	0.15292213375	0.275724710852649	0.214323422301324	0.852636933241057	0.147363066758943
3	0.707106781186547	"stop_avg"	"upper"	0.07	0.08	0.58206068	0.0044514320815614	0.15292213375	0.275724710852649	0.214323422301324	0.852636933241057	0.147363066758943
3	0.707106781186547	"stop_avg"	"upper"	0.08	0.09	0.57195517	0.00443739153117217	0.15292213375	0.275724710852649	0.214323422301324	0.852636933241057	0.147363066758943
3	0.707106781186547	"stop_avg"	"upper"	0.09	0.1	0.576128405	0.00442170140256826	0.15292213375	0.275724710852649	0.214323422301324	0.852636933241057	0.147363066758943
3	0.707106781186547	"stop_avg"	"upper"	0.1	0.15	0.580401505	0.0218181046491426	0.15292213375	0.275724710852649	0.214323422301324	0.852636933241057	0.147363066758943
3	0.707106781186547	"stop_avg"	"upper"	0.15	0.2	0.56178680125	0.0212024624216106	0.15292213375	0.275724710852649	0.214323422301324	0.852636933241057	0.147363066758943
3	0.707106781186547	"stop_avg"	"upper"	0.2	0.25	0.5356616	0.0204336199234818	0.15292213375	0.275724710852649	0.214323422301324	0.852636933241057	0.147363066758943
3	0.707106781186547	"stop_avg"	"upper"	0.25	0.3	0.50227803	0.019547484106212	0.15292213375	0.275724710852649	0.214323422301324	0.852636933241057	0.147363066758943
3	0.707106781186547	"stop_avg"	"upper"	0.3	0.35	0.4434698375	0.0185804448513571	0.15292213375	0.275724710852649	0.214323422301324	0.852636933241057	0.147363066758943
3	0.707106781186547	"stop_avg"	"upper"	0.35	0.4	0.39812119	0.0175664480539628	0.15292213375	0.275724710852649	0.214323422301324	0.852636933241057	0.147363066758943
3	0.707106781186547	"stop_avg"	"upper"	0.4	0.45	0.3535568	0.0165350433509324	0.15292213375	0.275724710852649	0.214323422301324	0.852636933241057	0.147363066758943
3	0.707106781186547	"stop_avg"	"upper"	0.45	0.5	0.310932625	0.0155104076834466	0.15292213375	0.275724710852649	0.214323422301324	0.852636933241057	0.147363066758943
3	0.707106781186547	"stop_avg"	"upper"	0.5	0.55	0.269500325	0.014511169771409	0.15292213375	0.275724710852649	0.214323422301324	0.852636933241057	0.147363066758943
3	0.707106781186547	"stop_avg"	"upper"	0.55	0.6	0.2360566775	0.0135507887175795	0.15292213375	0.275724710852649	0.214323422301324	0.852636933241057	0.147363066758943
3	0.707106781186547	"stop_avg"	"upper"	0.6	0.65	0.2168070825	0.0126382468063021	0.15292213375	0.275724710852649	0.214323422301324	0.852636933241057	0.147363066758943
3	0.707106781186547	"stop_avg"	"upper"	0.65	0.7	0.192692525	0.0117788656625702	0.15292213375	0.275724710852649	0.214323422301324	0.852636933241057	0.147363066758943
3	0.707106781186547	"stop_avg"	"upper"	0.7	0.75	0.1804091825	0.0109751160363741	0.15292213375	0.275724710852649	0.214323422301324	0.852636933241057	0.147363066758943
3	0.707106781186547	"stop_avg"	"upper"	0.75	0.8	0.163944	0.0102273463852364	0.15292213375	0.275724710852649	0.214323422301324	0.852636933241057	0.147363066758943
3	0.707106781186547	"stop_avg"	"upper"	0.8	0.85	0.15480668	0.00953439668817802	0.15292213375	0.275724710852649	0.214323422301324	0.852636933241057	0.147363066758943
3	0.707106781186547	"stop_avg"	"upper"	0.85	0.9	0.1440672425	0.00889409092449378	0.15292213375	0.275724710852649	0.214323422301324	0.852636933241057	0.147363066758943
3	0.707106781186547	"stop_avg"	"upper"	0.9	0.95	0.13857934875	0.00830361699454651	0.15292213375	0.275724710852649	0.214323422301324	0.852636933241057	0.147363066758943
3	0.707106781186547	"stop_avg"	"upper"	0.95	1	0.139508625	0.00775980998270309	0.15292213375	0.275724710852649	0.214323422301324	0.852636933241057	0.147363066758943
3	0.707106781186547	"stop_avg"	"upper"	1	2	0.1360918475	0.0877398280459109	0.15292213375	0.275724710852649	0.214323422301324	0.852636933241057	0.147363066758943
3	0.707106781186547	"stop_avg"	"upper"	2	3	0.08571359125	0.0344919145899214	0.15292213375	0.275724710852649	0.214323422301324	0.852636933241057	0.147363066758943
3	0.707106781186547	"stop_avg"	"lower"	0	0.01	0.5772237525	0.00450128151135432	0.15292213375	0.240740698460702	0.196831416105351	0.852636933241057	0.147363066758943
3	0.707106781186547	"stop_avg"	"lower"	0.01	0.02	0.5815259575	0.00449948195845373	0.15292213375	0.240740698460702	0.196831416105351	0.852636933241057	0.147363066758943
3	0.707106781186547	"stop_avg"	"lower"	0.02	0.03	0.5803036125	0.00449588716554206	0.15292213375	0.240740698460702	0.196831416105351	0.852636933241057	0.147363066758943
3	0.707106781186547	"stop_avg"	"lower"	0.03	0.04	0.58421996375	0.00449050573258936	0.15292213375	0.240740698460702	0.196831416105351	0.852636933241057	0.147363066758943
3	0.707106781186547	"stop_avg"	"lower"	0.04	0.05	0.57546654	0.00448335049531756	0.15292213375	0.240740698460702	0.196831416105351	0.852636933241057	0.147363066758943
3	0.707106781186547	"stop_avg"	"lower"	0.05	0.06	0.576377845	0.0044744384489207	0.15292213375	0.240740698460702	0.196831416105351	0.852636933241057	0.147363066758943
3	0.707106781186547	"stop_avg"	"lower"	0.06	0.07	0.58206068	0.00446379064767821	0.15292213375	0.240740698460702	0.196831416105351	0.852636933241057	0.147363066758943
3	0.707106781186547	"stop_avg"	"lower"	0.07	0.08	0.57195517	0.0044514320815614	0.15292213375	0.240740698460702	0.196831416105351	0.852636933241057	0.147363066758943
3	0.707106781186547	"stop_avg"	"lower"	0.08	0.09	0.576128405	0.00443739153117217	0.15292213375	0.240740698460702	0.196831416105351	0.852636933241057	0.147363066758943
3	0.707106781186547	"stop_avg"	"lower"	0.09	0.1	0.580401505	0.00442170140256826	0.15292213375	0.240740698460702	0.196831416105351	0.852636933241057	0.147363066758943
3	0.707106781186547	"stop_avg"	"lower"	0.1	0.15	0.56178680125	0.0218181046491426	0.15292213375	0.240740698460702	0.196831416105351	0.852636933241057	0.147363066758943
3	0.707106781186547	"stop_avg"	"lower"	0.15	0.2	0.5356616	0.0212024624216106	0.15292213375	0.240740698460702	0.196831416105351	0.852636933241057	0.147363066758943
3	0.707106781186547	"stop_avg"	"lower"	0.2	0.25	0.50227803	0.0204336199234818	0.15292213375	0.240740698460702	0.196831416105351	0.852636933241057	0.147363066758943
3	0.707106781186547	"stop_avg"	"lower"	0.25	0.3	0.4434698375	0.019547484106212	0.15292213375	0.240740698460702	0.196831416105351	0.852636933241057	0.147363066758943
3	0.707106781186547	"stop_avg"	"lower"	0.3	0.35	0.39812119	0.0185804448513571	0.15292213375	0.240740698460702	0.196831416105351	0.852636933241057	0.147363066758943
3	0.707106781186547	"stop_avg"	"lower"	0.35	0.4	0.3535568	0.0175664480539628	0.15292213375	0.240740698460702	0.196831416105351	0.852636933241057	0.147363066758943
3	0.707106781186547	"stop_avg"	"lower"	0.4	0.45	0.310932625	0.0165350433509324	0.15292213375	0.240740698460702	0.196831416105351	0.852636933241057	0.147363066758943
3	0.707106781186547	"stop_avg"	"lower"	0.45	0.5	0.269500325	0.0155104076834466	0.15292213375	0.240740698460702	0.196831416105351	0.852636933241057	0.147363066758943
3	0.707106781186547	"stop_avg"	"lower"	0.5	0.55	0.2360566775	0.014511169771409	0.15292213375	0.240740698460702	0.196831416105351	0.852636933241057	0.147363066758943
3	0.707106781186547	"stop_avg"	"lower"	0.55	0.6	0.2168070825	0.0135507887175795	0.15292213375	0.240740698460702	0.196831416105351	0.852636933241057	0.147363066758943
3	0.707106781186547	"stop_avg"	"lower"	0.6	0.65	0.192692525	0.0126382468063021	0.15292213375	0.240740698460702	0.196831416105351	0.852636933241057	0.147363066758943
3	0.707106781186547	"stop_avg"	"lower"	0.65	0.7	0.1804091825	0.0117788656625702	0.15292213375	0.240740698460702	0.196831416105351	0.852636933241057	0.147363066758943
3	0.707106781186547	"stop_avg"	"lower"	0.7	0.75	0.163944	0.0109751160363741	0.15292213375	0.240740698460702	0.196831416105351	0.852636933241057	0.147363066758943
3	0.707106781186547	"stop_avg"	"lower"	0.75	0.8	0.15480668	0.0102273463852364	0.15292213375	0.240740698460702	0.196831416105351	0.852636933241057	0.147363066758943
3	0.707106781186547	"stop_avg"	"lower"	0.8	0.85	0.1440672425	0.00953439668817802	0.15292213375	0.240740698460702	0.196831416105351	0.852636933241057	0.147363066758943
3	0.707106781186547	"stop_avg"	"lower"	0.85	0.9	0.13857934875	0.00889409092449378	0.15292213375	0.240740698460702	0.196831416105351	0.852636933241057	0.147363066758943
3	0.707106781186547	"stop_avg"	"lower"	0.9	0.95	0.139508625	0.00830361699454651	0.15292213375	0.240740698460702	0.196831416105351	0.852636933241057	0.147363066758943
3	0.707106781186547	"stop_avg"	"lower"	0.95	1	0.1360918475	0.00775980998270309	0.15292213375	0.240740698460702	0.196831416105351	0.852636933241057	0.147363066758943
3	0.707106781186547	"stop_avg"	"lower"	1	2	0.08571359125	0.0877398280459109	0.15292213375	0.240740698460702	0.196831416105351	0.852636933241057	0.147363066758943
3	0.707106781186547	"stop_avg"	"lower"	2	3	0.06882202625	0.0344919145899214	0.15292213375	0.240740698460702	0.196831416105351	0.852636933241057	0.147363066758943
3	0.707106781186547	"same_dist"	"upper"	0	0.01	0.460018436	0.00450128151135432	0.187905802	0.230397387662547	0.209151594831274	0.852636933241057	0.147363066758943
3	0.707106781186547	"same_dist"	"upper"	0.01	0.02	0.459200437	0.00449948195845373	0.187905802	0.230397387662547	0.209151594831274	0.852636933241057	0.147363066758943
3	0.707106781186547	"same_dist"	"upper"	0.02	0.03	0.460819795	0.00449588716554206	0.187905802	0.230397387662547	0.209151594831274	0.852636933241057	0.147363066758943
3	0.707106781186547	"same_dist"	"upper"	0.03	0.04	0.45764256175	0.00449050573258936	0.187905802	0.230397387662547	0.209151594831274	0.852636933241057	0.147363066758943
3	0.707106781186547	"same_dist"	"upper"	0.04	0.05	0.459135697375	0.00448335049531756	0.187905802	0.230397387662547	0.209151594831274	0.852636933241057	0.147363066758943
3	0.707106781186547	"same_dist"	"upper"	0.05	0.06	0.45630262325	0.0044744384489207	0.187905802	0.230397387662547	0.209151594831274	0.852636933241057	0.147363066758943
3	0.707106781186547	"same_dist"	"upper"	0.06	0.07	0.45487469375	0.00446379064767821	0.187905802	0.230397387662547	0.209151594831274	0.852636933241057	0.147363066758943
3	0.707106781186547	"same_dist"	"upper"	0.07	0.08	0.45495273475	0.0044514320815614	0.187905802	0.230397387662547	0.209151594831274	0.852636933241057	0.147363066758943
3	0.707106781186547	"same_dist"	"upper"	0.08	0.09	0.44888759125	0.00443739153117217	0.187905802	0.230397387662547	0.209151594831274	0.852636933241057	0.147363066758943
3	0.707106781186547	"same_dist"	"upper"	0.09	0.1	0.45060088775	0.00442170140256826	0.187905802	0.230397387662547	0.209151594831274	0.852636933241057	0.147363066758943
3	0.707106781186547	"same_dist"	"upper"	0.1	0.15	0.448660587	0.0218181046491426	0.187905802	0.230397387662547	0.209151594831274	0.852636933241057	0.147363066758943
3	0.707106781186547	"same_dist"	"upper"	0.15	0.2	0.43121454375	0.0212024624216106	0.187905802	0.230397387662547	0.209151594831274	0.852636933241057	0.147363066758943
3	0.707106781186547	"same_dist"	"upper"	0.2	0.25	0.40863352175	0.0204336199234818	0.187905802	0.230397387662547	0.209151594831274	0.852636933241057	0.147363066758943
3	0.707106781186547	"same_dist"	"upper"	0.25	0.3	0.375782971875	0.019547484106212	0.187905802	0.230397387662547	0.209151594831274	0.852636933241057	0.147363066758943
3	0.707106781186547	"same_dist"	"upper"	0.3	0.35	0.34175541375	0.0185804448513571	0.187905802	0.230397387662547	0.209151594831274	0.852636933241057	0.147363066758943
3	0.707106781186547	"same_dist"	"upper"	0.35	0.4	0.30619332725	0.0175664480539628	0.187905802	0.230397387662547	0.209151594831274	0.852636933241057	0.147363066758943
3	0.707106781186547	"same_dist"	"upper"	0.4	0.45	0.273201118	0.0165350433509324	0.187905802	0.230397387662547	0.209151594831274	0.852636933241057	0.147363066758943
3	0.707106781186547	"same_dist"	"upper"	0.45	0.5	0.24301560975	0.0155104076834466	0.187905802	0.230397387662547	0.209151594831274	0.852636933241057	0.147363066758943
3	0.707106781186547	"same_dist"	"upper"	0.5	0.55	0.2191073555	0.014511169771409	0.187905802	0.230397387662547	0.209151594831274	0.852636933241057	0.147363066758943
3	0.707106781186547	"same_dist"	"upper"	0.55	0.6	0.198401488	0.0135507887175795	0.187905802	0.230397387662547	0.209151594831274	0.852636933241057	0.147363066758943
3	0.707106781186547	"same_dist"	"upper"	0.6	0.65	0.183365852	0.0126382468063021	0.187905802	0.230397387662547	0.209151594831274	0.852636933241057	0.147363066758943
3	0.707106781186547	"same_dist"	"upper"	0.65	0.7	0.169173981125	0.0117788656625702	0.187905802	0.230397387662547	0.209151594831274	0.852636933241057	0.147363066758943
3	0.707106781186547	"same_dist"	"upper"	0.7	0.75	0.16014236775	0.0109751160363741	0.187905802	0.230397387662547	0.209151594831274	0.852636933241057	0.147363066758943
3	0.707106781186547	"same_dist"	"upper"	0.75	0.8	0.15331567125	0.0102273463852364	0.187905802	0.230397387662547	0.209151594831274	0.852636933241057	0.147363066758943
3	0.707106781186547	"same_dist"	"upper"	0.8	0.85	0.148439115	0.00953439668817802	0.187905802	0.230397387662547	0.209151594831274	0.852636933241057	0.147363066758943
3	0.707106781186547	"same_dist"	"upper"	0.85	0.9	0.14514059	0.00889409092449378	0.187905802	0.230397387662547	0.209151594831274	0.852636933241057	0.147363066758943
3	0.707106781186547	"same_dist"	"upper"	0.9	0.95	0.14264877875	0.00830361699454651	0.187905802	0.230397387662547	0.209151594831274	0.852636933241057	0.147363066758943
3	0.707106781186547	"same_dist"	"upper"	0.95	1	0.14028618375	0.00775980998270309	0.187905802	0.230397387662547	0.209151594831274	0.852636933241057	0.147363066758943
3	0.707106781186547	"same_dist"	"upper"	1	2	0.139215715	0.0877398280459109	0.187905802	0.230397387662547	0.209151594831274	0.852636933241057	0.147363066758943
3	0.707106781186547	"same_dist"	"upper"	2	3	0.103366447038204	0.0344919145899214	0.187905802	0.230397387662547	0.209151594831274	0.852636933241057	0.147363066758943
3	0.707106781186547	"same_dist"	"lower"	0	0.01	0.459200437	0.00450128151135432	0.187905802	0.200005061538118	0.193955431769059	0.852636933241057	0.147363066758943
3	0.707106781186547	"same_dist"	"lower"	0.01	0.02	0.460819795	0.00449948195845373	0.187905802	0.200005061538118	0.193955431769059	0.852636933241057	0.147363066758943
3	0.707106781186547	"same_dist"	"lower"	0.02	0.03	0.45764256175	0.00449588716554206	0.187905802	0.200005061538118	0.193955431769059	0.852636933241057	0.147363066758943
3	0.707106781186547	"same_dist"	"lower"	0.03	0.04	0.459135697375	0.00449050573258936	0.187905802	0.200005061538118	0.193955431769059	0.852636933241057	0.147363066758943
3	0.707106781186547	"same_dist"	"lower"	0.04	0.05	0.45630262325	0.00448335049531756	0.187905802	0.200005061538118	0.193955431769059	0.852636933241057	0.147363066758943
3	0.707106781186547	"same_dist"	"lower"	0.05	0.06	0.45487469375	0.0044744384489207	0.187905802	0.200005061538118	0.193955431769059	0.852636933241057	0.147363066758943
3	0.707106781186547	"same_dist"	"lower"	0.06	0.07	0.45495273475	0.00446379064767821	0.187905802	0.200005061538118	0.193955431769059	0.852636933241057	0.147363066758943
3	0.707106781186547	"same_dist"	"lower"	0.07	0.08	0.44888759125	0.0044514320815614	0.187905802	0.200005061538118	0.193955431769059	0.852636933241057	0.147363066758943
3	0.707106781186547	"same_dist"	"lower"	0.08	0.09	0.45060088775	0.00443739153117217	0.187905802	0.200005061538118	0.193955431769059	0.852636933241057	0.147363066758943
3	0.707106781186547	"same_dist"	"lower"	0.09	0.1	0.448660587	0.00442170140256826	0.187905802	0.200005061538118	0.193955431769059	0.852636933241057	0.147363066758943
3	0.707106781186547	"same_dist"	"lower"	0.1	0.15	0.43121454375	0.0218181046491426	0.187905802	0.200005061538118	0.193955431769059	0.852636933241057	0.147363066758943
3	0.707106781186547	"same_dist"	"lower"	0.15	0.2	0.40863352175	0.0212024624216106	0.187905802	0.200005061538118	0.193955431769059	0.852636933241057	0.147363066758943
3	0.707106781186547	"same_dist"	"lower"	0.2	0.25	0.375782971875	0.0204336199234818	0.187905802	0.200005061538118	0.193955431769059	0.852636933241057	0.147363066758943
3	0.707106781186547	"same_dist"	"lower"	0.25	0.3	0.34175541375	0.019547484106212	0.187905802	0.200005061538118	0.193955431769059	0.852636933241057	0.147363066758943
3	0.707106781186547	"same_dist"	"lower"	0.3	0.35	0.30619332725	0.0185804448513571	0.187905802	0.200005061538118	0.193955431769059	0.852636933241057	0.147363066758943
3	0.707106781186547	"same_dist"	"lower"	0.35	0.4	0.273201118	0.0175664480539628	0.187905802	0.200005061538118	0.193955431769059	0.852636933241057	0.147363066758943
3	0.707106781186547	"same_dist"	"lower"	0.4	0.45	0.24301560975	0.0165350433509324	0.187905802	0.200005061538118	0.193955431769059	0.852636933241057	0.147363066758943
3	0.707106781186547	"same_dist"	"lower"	0.45	0.5	0.2191073555	0.0155104076834466	0.187905802	0.200005061538118	0.193955431769059	0.852636933241057	0.147363066758943
3	0.707106781186547	"same_dist"	"lower"	0.5	0.55	0.198401488	0.014511169771409	0.187905802	0.200005061538118	0.193955431769059	0.852636933241057	0.147363066758943
3	0.707106781186547	"same_dist"	"lower"	0.55	0.6	0.183365852	0.0135507887175795	0.187905802	0.200005061538118	0.193955431769059	0.852636933241057	0.147363066758943
3	0.707106781186547	"same_dist"	"lower"	0.6	0.65	0.169173981125	0.0126382468063021	0.187905802	0.200005061538118	0.193955431769059	0.852636933241057	0.147363066758943
3	0.707106781186547	"same_dist"	"lower"	0.65	0.7	0.16014236775	0.0117788656625702	0.187905802	0.200005061538118	0.193955431769059	0.852636933241057	0.147363066758943
3	0.707106781186547	"same_dist"	"lower"	0.7	0.75	0.15331567125	0.0109751160363741	0.187905802	0.200005061538118	0.193955431769059	0.852636933241057	0.147363066758943
3	0.707106781186547	"same_dist"	"lower"	0.75	0.8	0.148439115	0.0102273463852364	0.187905802	0.200005061538118	0.193955431769059	0.852636933241057	0.147363066758943
3	0.707106781186547	"same_dist"	"lower"	0.8	0.85	0.14514059	0.00953439668817802	0.187905802	0.200005061538118	0.193955431769059	0.852636933241057	0.147363066758943
3	0.707106781186547	"same_dist"	"lower"	0.85	0.9	0.14264877875	0.00889409092449378	0.187905802	0.200005061538118	0.193955431769059	0.852636933241057	0.147363066758943
3	0.707106781186547	"same_dist"	"lower"	0.9	0.95	0.14028618375	0.00830361699454651	0.187905802	0.200005061538118	0.193955431769059	0.852636933241057	0.147363066758943
3	0.707106781186547	"same_dist"	"lower"	0.95	1	0.139215715	0.00775980998270309	0.187905802	0.200005061538118	0.193955431769059	0.852636933241057	0.147363066758943
3	0.707106781186547	"same_dist"	"lower"	1	2	0.103366447038204	0.0877398280459109	0.187905802	0.200005061538118	0.193955431769059	0.852636933241057	0.147363066758943
3	0.707106781186547	"same_dist"	"lower"	2	3	0.0799289202327327	0.0344919145899214	0.187905802	0.200005061538118	0.193955431769059	0.852636933241057	0.147363066758943
6	0.707106781186547	"opt_stop"	"upper"	0	0.01	0.8998	0.00450128151135432	0.1002	0.148655836691074	0.124427918345537	0.852636933241057	0.147363066758943
6	0.707106781186547	"opt_stop"	"upper"	0.01	0.02	0.89895	0.00449948195845373	0.1002	0.148655836691074	0.124427918345537	0.852636933241057	0.147363066758943
6	0.707106781186547	"opt_stop"	"upper"	0.02	0.03	0.8907	0.00449588716554206	0.1002	0.148655836691074	0.124427918345537	0.852636933241057	0.147363066758943
6	0.707106781186547	"opt_stop"	"upper"	0.03	0.04	0.8831	0.00449050573258936	0.1002	0.148655836691074	0.124427918345537	0.852636933241057	0.147363066758943
6	0.707106781186547	"opt_stop"	"upper"	0.04	0.05	0.87465	0.00448335049531756	0.1002	0.148655836691074	0.124427918345537	0.852636933241057	0.147363066758943
6	0.707106781186547	"opt_stop"	"upper"	0.05	0.06	0.8636	0.0044744384489207	0.1002	0.148655836691074	0.124427918345537	0.852636933241057	0.147363066758943
6	0.707106781186547	"opt_stop"	"upper"	0.06	0.07	0.8491	0.00446379064767821	0.1002	0.148655836691074	0.124427918345537	0.852636933241057	0.147363066758943
6	0.707106781186547	"opt_stop"	"upper"	0.07	0.08	0.82805	0.0044514320815614	0.1002	0.148655836691074	0.124427918345537	0.852636933241057	0.147363066758943
6	0.707106781186547	"opt_stop"	"upper"	0.08	0.09	0.80295	0.00443739153117217	0.1002	0.148655836691074	0.124427918345537	0.852636933241057	0.147363066758943
6	0.707106781186547	"opt_stop"	"upper"	0.09	0.1	0.7662	0.00442170140256826	0.1002	0.148655836691074	0.124427918345537	0.852636933241057	0.147363066758943
6	0.707106781186547	"opt_stop"	"upper"	0.1	0.11	0.7376	0.0044043975437168	0.1002	0.148655836691074	0.124427918345537	0.852636933241057	0.147363066758943
6	0.707106781186547	"opt_stop"	"upper"	0.11	0.12	0.70655	0.00438551904447992	0.1002	0.148655836691074	0.124427918345537	0.852636933241057	0.147363066758943
6	0.707106781186547	"opt_stop"	"upper"	0.12	0.13	0.6649	0.0043651080221625	0.1002	0.148655836691074	0.124427918345537	0.852636933241057	0.147363066758943
6	0.707106781186547	"opt_stop"	"upper"	0.13	0.14	0.63715	0.00434320939475097	0.1002	0.148655836691074	0.124427918345537	0.852636933241057	0.147363066758943
6	0.707106781186547	"opt_stop"	"upper"	0.14	0.15	0.59125	0.00431987064403239	0.1002	0.148655836691074	0.124427918345537	0.852636933241057	0.147363066758943
6	0.707106781186547	"opt_stop"	"upper"	0.15	0.16	0.55245	0.00429514157081767	0.1002	0.148655836691074	0.124427918345537	0.852636933241057	0.147363066758943
6	0.707106781186547	"opt_stop"	"upper"	0.16	0.17	0.511	0.00426907404449084	0.1002	0.148655836691074	0.124427918345537	0.852636933241057	0.147363066758943
6	0.707106781186547	"opt_stop"	"upper"	0.17	0.18	0.4661	0.00424172174907589	0.1002	0.148655836691074	0.124427918345537	0.852636933241057	0.147363066758943
6	0.707106781186547	"opt_stop"	"upper"	0.18	0.19	0.43115	0.00421313992795302	0.1002	0.148655836691074	0.124427918345537	0.852636933241057	0.147363066758943
6	0.707106781186547	"opt_stop"	"upper"	0.19	0.2	0.39105	0.00418338512927319	0.1002	0.148655836691074	0.124427918345537	0.852636933241057	0.147363066758943
6	0.707106781186547	"opt_stop"	"upper"	0.2	0.21	0.3619	0.00415251495401492	0.1002	0.148655836691074	0.124427918345537	0.852636933241057	0.147363066758943
6	0.707106781186547	"opt_stop"	"upper"	0.21	0.22	0.32435	0.00412058780849478	0.1002	0.148655836691074	0.124427918345537	0.852636933241057	0.147363066758943
6	0.707106781186547	"opt_stop"	"upper"	0.22	0.23	0.29355	0.00408766266300542	0.1002	0.148655836691074	0.124427918345537	0.852636933241057	0.147363066758943
6	0.707106781186547	"opt_stop"	"upper"	0.23	0.24	0.2584	0.00405379881809953	0.1002	0.148655836691074	0.124427918345537	0.852636933241057	0.147363066758943
6	0.707106781186547	"opt_stop"	"upper"	0.24	0.25	0.22625	0.00401905567986716	0.1002	0.148655836691074	0.124427918345537	0.852636933241057	0.147363066758943
6	0.707106781186547	"opt_stop"	"upper"	0.25	0.26	0.20525	0.00398349254539054	0.1002	0.148655836691074	0.124427918345537	0.852636933241057	0.147363066758943
6	0.707106781186547	"opt_stop"	"upper"	0.26	0.27	0.17795	0.0039471683993777	0.1002	0.148655836691074	0.124427918345537	0.852636933241057	0.147363066758943
6	0.707106781186547	"opt_stop"	"upper"	0.27	0.28	0.14985	0.0039101417228099	0.1002	0.148655836691074	0.124427918345537	0.852636933241057	0.147363066758943
6	0.707106781186547	"opt_stop"	"upper"	0.28	0.29	0.1355	0.00387247031425986	0.1002	0.148655836691074	0.124427918345537	0.852636933241057	0.147363066758943
6	0.707106781186547	"opt_stop"	"upper"	0.29	0.3	0.1257	0.00383421112437399	0.1002	0.148655836691074	0.124427918345537	0.852636933241057	0.147363066758943
6	0.707106781186547	"opt_stop"	"upper"	0.3	0.31	0.10395	0.00379542010385214	0.1002	0.148655836691074	0.124427918345537	0.852636933241057	0.147363066758943
6	0.707106781186547	"opt_stop"	"upper"	0.31	0.32	0.08895	0.0037561520651076	0.1002	0.148655836691074	0.124427918345537	0.852636933241057	0.147363066758943
6	0.707106781186547	"opt_stop"	"upper"	0.32	0.33	0.07395	0.0037164605576494	0.1002	0.148655836691074	0.124427918345537	0.852636933241057	0.147363066758943
6	0.707106781186547	"opt_stop"	"upper"	0.33	0.34	0.06395	0.00367639775710027	0.1002	0.148655836691074	0.124427918345537	0.852636933241057	0.147363066758943
6	0.707106781186547	"opt_stop"	"upper"	0.34	0.35	0.05605	0.00363601436764771	0.1002	0.148655836691074	0.124427918345537	0.852636933241057	0.147363066758943
6	0.707106781186547	"opt_stop"	"upper"	0.35	0.36	0.04905	0.00359535953762313	0.1002	0.148655836691074	0.124427918345537	0.852636933241057	0.147363066758943
6	0.707106781186547	"opt_stop"	"upper"	0.36	0.37	0.03775	0.00355448078780674	0.1002	0.148655836691074	0.124427918345537	0.852636933241057	0.147363066758943
6	0.707106781186547	"opt_stop"	"upper"	0.37	0.38	0.0335	0.00351342395198839	0.1002	0.148655836691074	0.124427918345537	0.852636933241057	0.147363066758943
6	0.707106781186547	"opt_stop"	"upper"	0.38	0.39	0.0283	0.00347223312923983	0.1002	0.148655836691074	0.124427918345537	0.852636933241057	0.147363066758943
6	0.707106781186547	"opt_stop"	"upper"	0.39	0.4	0.02285	0.0034309506473047	0.1002	0.148655836691074	0.124427918345537	0.852636933241057	0.147363066758943
6	0.707106781186547	"opt_stop"	"upper"	0.4	0.41	0.0195	0.00338961703647089	0.1002	0.148655836691074	0.124427918345537	0.852636933241057	0.147363066758943
6	0.707106781186547	"opt_stop"	"upper"	0.41	0.42	0.0169	0.00334827101326107	0.1002	0.148655836691074	0.124427918345537	0.852636933241057	0.147363066758943
6	0.707106781186547	"opt_stop"	"upper"	0.42	0.43	0.01275	0.00330694947325083	0.1002	0.148655836691074	0.124427918345537	0.852636933241057	0.147363066758943
6	0.707106781186547	"opt_stop"	"upper"	0.43	0.44	0.0096	0.00326568749231892	0.1002	0.148655836691074	0.124427918345537	0.852636933241057	0.147363066758943
6	0.707106781186547	"opt_stop"	"upper"	0.44	0.45	0.0093	0.00322451833563064	0.1002	0.148655836691074	0.124427918345537	0.852636933241057	0.147363066758943
6	0.707106781186547	"opt_stop"	"upper"	0.45	0.46	0.00745	0.00318347347365244	0.1002	0.148655836691074	0.124427918345537	0.852636933241057	0.147363066758943
6	0.707106781186547	"opt_stop"	"upper"	0.46	0.47	0.00615	0.00314258260451983	0.1002	0.148655836691074	0.124427918345537	0.852636933241057	0.147363066758943
6	0.707106781186547	"opt_stop"	"upper"	0.47	0.48	0.005	0.00310187368208414	0.1002	0.148655836691074	0.124427918345537	0.852636933241057	0.147363066758943
6	0.707106781186547	"opt_stop"	"upper"	0.48	0.49	0.00385	0.00306137294899522	0.1002	0.148655836691074	0.124427918345537	0.852636933241057	0.147363066758943
6	0.707106781186547	"opt_stop"	"upper"	0.49	0.5	0.0036	0.00302110497419494	0.1002	0.148655836691074	0.124427918345537	0.852636933241057	0.147363066758943
6	0.707106781186547	"opt_stop"	"upper"	0.5	0.51	0.00265	0.00298109269423352	0.1002	0.148655836691074	0.124427918345537	0.852636933241057	0.147363066758943
6	0.707106781186547	"opt_stop"	"upper"	0.51	0.52	0.0012	0.00294135745783941	0.1002	0.148655836691074	0.124427918345537	0.852636933241057	0.147363066758943
6	0.707106781186547	"opt_stop"	"upper"	0.52	0.53	0.0017	0.00290191907322168	0.1002	0.148655836691074	0.124427918345537	0.852636933241057	0.147363066758943
6	0.707106781186547	"opt_stop"	"upper"	0.53	0.54	0.00125	0.00286279585760063	0.1002	0.148655836691074	0.124427918345537	0.852636933241057	0.147363066758943
6	0.707106781186547	"opt_stop"	"upper"	0.54	0.55	0.0012	0.00282400468851374	0.1002	0.148655836691074	0.124427918345537	0.852636933241057	0.147363066758943
6	0.707106781186547	"opt_stop"	"upper"	0.55	0.56	8e-04	0.00278556105646488	0.1002	0.148655836691074	0.124427918345537	0.852636933241057	0.147363066758943
6	0.707106781186547	"opt_stop"	"upper"	0.56	0.57	6e-04	0.00274747911852713	0.1002	0.148655836691074	0.124427918345537	0.852636933241057	0.147363066758943
6	0.707106781186547	"opt_stop"	"upper"	0.57	0.58	0.00075	0.00270977175254339	0.1002	0.148655836691074	0.124427918345537	0.852636933241057	0.147363066758943
6	0.707106781186547	"opt_stop"	"upper"	0.58	0.59	5e-04	0.0026724506115946	0.1002	0.148655836691074	0.124427918345537	0.852636933241057	0.147363066758943
6	0.707106781186547	"opt_stop"	"upper"	0.59	0.6	0.00015	0.00263552617844953	0.1002	0.148655836691074	0.124427918345537	0.852636933241057	0.147363066758943
6	0.707106781186547	"opt_stop"	"upper"	0.6	0.61	1e-04	0.00259900781972977	0.1002	0.148655836691074	0.124427918345537	0.852636933241057	0.147363066758943
6	0.707106781186547	"opt_stop"	"upper"	0.61	0.62	0.00015	0.0025629038395566	0.1002	0.148655836691074	0.124427918345537	0.852636933241057	0.147363066758943
6	0.707106781186547	"opt_stop"	"upper"	0.62	0.63	0	0.00252722153247886	0.1002	0.148655836691074	0.124427918345537	0.852636933241057	0.147363066758943
6	0.707106781186547	"opt_stop"	"upper"	0.63	0.64	5e-05	0.00249196723549794	0.1002	0.148655836691074	0.124427918345537	0.852636933241057	0.147363066758943
6	0.707106781186547	"opt_stop"	"upper"	0.64	0.65	5e-05	0.00245714637903893	0.1002	0.148655836691074	0.124427918345537	0.852636933241057	0.147363066758943
6	0.707106781186547	"opt_stop"	"upper"	0.65	0.66	0	0.00242276353673399	0.1002	0.148655836691074	0.124427918345537	0.852636933241057	0.147363066758943
6	0.707106781186547	"opt_stop"	"upper"	0.66	0.67	5e-05	0.00238882247390815	0.1002	0.148655836691074	0.124427918345537	0.852636933241057	0.147363066758943
6	0.707106781186547	"opt_stop"	"upper"	0.67	0.68	0	0.00235532619467604	0.1002	0.148655836691074	0.124427918345537	0.852636933241057	0.147363066758943
6	0.707106781186547	"opt_stop"	"upper"	0.68	0.69	0	0.00232227698757459	0.1002	0.148655836691074	0.124427918345537	0.852636933241057	0.147363066758943
6	0.707106781186547	"opt_stop"	"upper"	0.69	0.7	0	0.00228967646967748	0.1002	0.148655836691074	0.124427918345537	0.852636933241057	0.147363066758943
6	0.707106781186547	"opt_stop"	"upper"	0.7	0.71	0	0.00225752562914328	0.1002	0.148655836691074	0.124427918345537	0.852636933241057	0.147363066758943
6	0.707106781186547	"opt_stop"	"upper"	0.71	0.72	0	0.00222582486617429	0.1002	0.148655836691074	0.124427918345537	0.852636933241057	0.147363066758943
6	0.707106781186547	"opt_stop"	"upper"	0.72	0.73	0	0.00219457403236178	0.1002	0.148655836691074	0.124427918345537	0.852636933241057	0.147363066758943
6	0.707106781186547	"opt_stop"	"upper"	0.73	0.74	0	0.00216377246841604	0.1002	0.148655836691074	0.124427918345537	0.852636933241057	0.147363066758943
6	0.707106781186547	"opt_stop"	"upper"	0.74	0.75	0	0.00213341904027875	0.1002	0.148655836691074	0.124427918345537	0.852636933241057	0.147363066758943
6	0.707106781186547	"opt_stop"	"upper"	0.75	0.76	0	0.00210351217363292	0.1002	0.148655836691074	0.124427918345537	0.852636933241057	0.147363066758943
6	0.707106781186547	"opt_stop"	"upper"	0.76	0.77	0	0.00207404988682247	0.1002	0.148655836691074	0.124427918345537	0.852636933241057	0.147363066758943
6	0.707106781186547	"opt_stop"	"upper"	0.77	0.78	0	0.00204502982221078	0.1002	0.148655836691074	0.124427918345537	0.852636933241057	0.147363066758943
6	0.707106781186547	"opt_stop"	"upper"	0.78	0.79	0	0.00201644927600275	0.1002	0.148655836691074	0.124427918345537	0.852636933241057	0.147363066758943
6	0.707106781186547	"opt_stop"	"upper"	0.79	0.8	0	0.00198830522656746	0.1002	0.148655836691074	0.124427918345537	0.852636933241057	0.147363066758943
6	0.707106781186547	"opt_stop"	"upper"	0.8	0.81	0	0.00196059436129559	0.1002	0.148655836691074	0.124427918345537	0.852636933241057	0.147363066758943
6	0.707106781186547	"opt_stop"	"upper"	0.81	0.82	0	0.0019333131020346	0.1002	0.148655836691074	0.124427918345537	0.852636933241057	0.147363066758943
6	0.707106781186547	"opt_stop"	"upper"	0.82	0.83	0	0.0019064576291441	0.1002	0.148655836691074	0.124427918345537	0.852636933241057	0.147363066758943
6	0.707106781186547	"opt_stop"	"upper"	0.83	0.84	0	0.00188002390421305	0.1002	0.148655836691074	0.124427918345537	0.852636933241057	0.147363066758943
6	0.707106781186547	"opt_stop"	"upper"	0.84	0.85	0	0.00185400769149069	0.1002	0.148655836691074	0.124427918345537	0.852636933241057	0.147363066758943
6	0.707106781186547	"opt_stop"	"upper"	0.85	0.86	0	0.00182840457807221	0.1002	0.148655836691074	0.124427918345537	0.852636933241057	0.147363066758943
6	0.707106781186547	"opt_stop"	"upper"	0.86	0.87	0	0.00180320999289163	0.1002	0.148655836691074	0.124427918345537	0.852636933241057	0.147363066758943
6	0.707106781186547	"opt_stop"	"upper"	0.87	0.88	0	0.00177841922456745	0.1002	0.148655836691074	0.124427918345537	0.852636933241057	0.147363066758943
6	0.707106781186547	"opt_stop"	"upper"	0.88	0.89	0	0.00175402743814934	0.1002	0.148655836691074	0.124427918345537	0.852636933241057	0.147363066758943
6	0.707106781186547	"opt_stop"	"upper"	0.89	0.9	0	0.00173002969081315	0.1002	0.148655836691074	0.124427918345537	0.852636933241057	0.147363066758943
6	0.707106781186547	"opt_stop"	"upper"	0.9	0.91	0	0.00170642094655349	0.1002	0.148655836691074	0.124427918345537	0.852636933241057	0.147363066758943
6	0.707106781186547	"opt_stop"	"upper"	0.91	0.92	0	0.0016831960899174	0.1002	0.148655836691074	0.124427918345537	0.852636933241057	0.147363066758943
6	0.707106781186547	"opt_stop"	"upper"	0.92	0.93	0	0.00166034993882525	0.1002	0.148655836691074	0.124427918345537	0.852636933241057	0.147363066758943
6	0.707106781186547	"opt_stop"	"upper"	0.93	0.94	0	0.00163787725652575	0.1002	0.148655836691074	0.124427918345537	0.852636933241057	0.147363066758943
6	0.707106781186547	"opt_stop"	"upper"	0.94	0.95	0	0.00161577276272462	0.1002	0.148655836691074	0.124427918345537	0.852636933241057	0.147363066758943
6	0.707106781186547	"opt_stop"	"upper"	0.95	0.96	0	0.00159403114393153	0.1002	0.148655836691074	0.124427918345537	0.852636933241057	0.147363066758943
6	0.707106781186547	"opt_stop"	"upper"	0.96	0.97	0	0.00157264706306615	0.1002	0.148655836691074	0.124427918345537	0.852636933241057	0.147363066758943
6	0.707106781186547	"opt_stop"	"upper"	0.97	0.98	0	0.00155161516836166	0.1002	0.148655836691074	0.124427918345537	0.852636933241057	0.147363066758943
6	0.707106781186547	"opt_stop"	"upper"	0.98	0.99	0	0.0015309301016031	0.1002	0.148655836691074	0.124427918345537	0.852636933241057	0.147363066758943
6	0.707106781186547	"opt_stop"	"upper"	0.99	1	0	0.00151058650574065	0.1002	0.148655836691074	0.124427918345537	0.852636933241057	0.147363066758943
6	0.707106781186547	"opt_stop"	"upper"	1	2	0	0.0877398280459109	0.1002	0.148655836691074	0.124427918345537	0.852636933241057	0.147363066758943
6	0.707106781186547	"opt_stop"	"upper"	2	3	0	0.0344919145899214	0.1002	0.148655836691074	0.124427918345537	0.852636933241057	0.147363066758943
6	0.707106781186547	"opt_stop"	"lower"	0	0.01	0.89895	0.00450128151135432	0.1002	0.14115704452672	0.12067852226336	0.852636933241057	0.147363066758943
6	0.707106781186547	"opt_stop"	"lower"	0.01	0.02	0.8907	0.00449948195845373	0.1002	0.14115704452672	0.12067852226336	0.852636933241057	0.147363066758943
6	0.707106781186547	"opt_stop"	"lower"	0.02	0.03	0.8831	0.00449588716554206	0.1002	0.14115704452672	0.12067852226336	0.852636933241057	0.147363066758943
6	0.707106781186547	"opt_stop"	"lower"	0.03	0.04	0.87465	0.00449050573258936	0.1002	0.14115704452672	0.12067852226336	0.852636933241057	0.147363066758943
6	0.707106781186547	"opt_stop"	"lower"	0.04	0.05	0.8636	0.00448335049531756	0.1002	0.14115704452672	0.12067852226336	0.852636933241057	0.147363066758943
6	0.707106781186547	"opt_stop"	"lower"	0.05	0.06	0.8491	0.0044744384489207	0.1002	0.14115704452672	0.12067852226336	0.852636933241057	0.147363066758943
6	0.707106781186547	"opt_stop"	"lower"	0.06	0.07	0.82805	0.00446379064767821	0.1002	0.14115704452672	0.12067852226336	0.852636933241057	0.147363066758943
6	0.707106781186547	"opt_stop"	"lower"	0.07	0.08	0.80295	0.0044514320815614	0.1002	0.14115704452672	0.12067852226336	0.852636933241057	0.147363066758943
6	0.707106781186547	"opt_stop"	"lower"	0.08	0.09	0.7662	0.00443739153117217	0.1002	0.14115704452672	0.12067852226336	0.852636933241057	0.147363066758943
6	0.707106781186547	"opt_stop"	"lower"	0.09	0.1	0.7376	0.00442170140256826	0.1002	0.14115704452672	0.12067852226336	0.852636933241057	0.147363066758943
6	0.707106781186547	"opt_stop"	"lower"	0.1	0.11	0.70655	0.0044043975437168	0.1002	0.14115704452672	0.12067852226336	0.852636933241057	0.147363066758943
6	0.707106781186547	"opt_stop"	"lower"	0.11	0.12	0.6649	0.00438551904447992	0.1002	0.14115704452672	0.12067852226336	0.852636933241057	0.147363066758943
6	0.707106781186547	"opt_stop"	"lower"	0.12	0.13	0.63715	0.0043651080221625	0.1002	0.14115704452672	0.12067852226336	0.852636933241057	0.147363066758943
6	0.707106781186547	"opt_stop"	"lower"	0.13	0.14	0.59125	0.00434320939475097	0.1002	0.14115704452672	0.12067852226336	0.852636933241057	0.147363066758943
6	0.707106781186547	"opt_stop"	"lower"	0.14	0.15	0.55245	0.00431987064403239	0.1002	0.14115704452672	0.12067852226336	0.852636933241057	0.147363066758943
6	0.707106781186547	"opt_stop"	"lower"	0.15	0.16	0.511	0.00429514157081767	0.1002	0.14115704452672	0.12067852226336	0.852636933241057	0.147363066758943
6	0.707106781186547	"opt_stop"	"lower"	0.16	0.17	0.4661	0.00426907404449084	0.1002	0.14115704452672	0.12067852226336	0.852636933241057	0.147363066758943
6	0.707106781186547	"opt_stop"	"lower"	0.17	0.18	0.43115	0.00424172174907589	0.1002	0.14115704452672	0.12067852226336	0.852636933241057	0.147363066758943
6	0.707106781186547	"opt_stop"	"lower"	0.18	0.19	0.39105	0.00421313992795302	0.1002	0.14115704452672	0.12067852226336	0.852636933241057	0.147363066758943
6	0.707106781186547	"opt_stop"	"lower"	0.19	0.2	0.3619	0.00418338512927319	0.1002	0.14115704452672	0.12067852226336	0.852636933241057	0.147363066758943
6	0.707106781186547	"opt_stop"	"lower"	0.2	0.21	0.32435	0.00415251495401492	0.1002	0.14115704452672	0.12067852226336	0.852636933241057	0.147363066758943
6	0.707106781186547	"opt_stop"	"lower"	0.21	0.22	0.29355	0.00412058780849478	0.1002	0.14115704452672	0.12067852226336	0.852636933241057	0.147363066758943
6	0.707106781186547	"opt_stop"	"lower"	0.22	0.23	0.2584	0.00408766266300542	0.1002	0.14115704452672	0.12067852226336	0.852636933241057	0.147363066758943
6	0.707106781186547	"opt_stop"	"lower"	0.23	0.24	0.22625	0.00405379881809953	0.1002	0.14115704452672	0.12067852226336	0.852636933241057	0.147363066758943
6	0.707106781186547	"opt_stop"	"lower"	0.24	0.25	0.20525	0.00401905567986716	0.1002	0.14115704452672	0.12067852226336	0.852636933241057	0.147363066758943
6	0.707106781186547	"opt_stop"	"lower"	0.25	0.26	0.17795	0.00398349254539054	0.1002	0.14115704452672	0.12067852226336	0.852636933241057	0.147363066758943
6	0.707106781186547	"opt_stop"	"lower"	0.26	0.27	0.14985	0.0039471683993777	0.1002	0.14115704452672	0.12067852226336	0.852636933241057	0.147363066758943
6	0.707106781186547	"opt_stop"	"lower"	0.27	0.28	0.1355	0.0039101417228099	0.1002	0.14115704452672	0.12067852226336	0.852636933241057	0.147363066758943
6	0.707106781186547	"opt_stop"	"lower"	0.28	0.29	0.1257	0.00387247031425986	0.1002	0.14115704452672	0.12067852226336	0.852636933241057	0.147363066758943
6	0.707106781186547	"opt_stop"	"lower"	0.29	0.3	0.10395	0.00383421112437399	0.1002	0.14115704452672	0.12067852226336	0.852636933241057	0.147363066758943
6	0.707106781186547	"opt_stop"	"lower"	0.3	0.31	0.08895	0.00379542010385214	0.1002	0.14115704452672	0.12067852226336	0.852636933241057	0.147363066758943
6	0.707106781186547	"opt_stop"	"lower"	0.31	0.32	0.07395	0.0037561520651076	0.1002	0.14115704452672	0.12067852226336	0.852636933241057	0.147363066758943
6	0.707106781186547	"opt_stop"	"lower"	0.32	0.33	0.06395	0.0037164605576494	0.1002	0.14115704452672	0.12067852226336	0.852636933241057	0.147363066758943
6	0.707106781186547	"opt_stop"	"lower"	0.33	0.34	0.05605	0.00367639775710027	0.1002	0.14115704452672	0.12067852226336	0.852636933241057	0.147363066758943
6	0.707106781186547	"opt_stop"	"lower"	0.34	0.35	0.04905	0.00363601436764771	0.1002	0.14115704452672	0.12067852226336	0.852636933241057	0.147363066758943
6	0.707106781186547	"opt_stop"	"lower"	0.35	0.36	0.03775	0.00359535953762313	0.1002	0.14115704452672	0.12067852226336	0.852636933241057	0.147363066758943
6	0.707106781186547	"opt_stop"	"lower"	0.36	0.37	0.0335	0.00355448078780674	0.1002	0.14115704452672	0.12067852226336	0.852636933241057	0.147363066758943
6	0.707106781186547	"opt_stop"	"lower"	0.37	0.38	0.0283	0.00351342395198839	0.1002	0.14115704452672	0.12067852226336	0.852636933241057	0.147363066758943
6	0.707106781186547	"opt_stop"	"lower"	0.38	0.39	0.02285	0.00347223312923983	0.1002	0.14115704452672	0.12067852226336	0.852636933241057	0.147363066758943
6	0.707106781186547	"opt_stop"	"lower"	0.39	0.4	0.0195	0.0034309506473047	0.1002	0.14115704452672	0.12067852226336	0.852636933241057	0.147363066758943
6	0.707106781186547	"opt_stop"	"lower"	0.4	0.41	0.0169	0.00338961703647089	0.1002	0.14115704452672	0.12067852226336	0.852636933241057	0.147363066758943
6	0.707106781186547	"opt_stop"	"lower"	0.41	0.42	0.01275	0.00334827101326107	0.1002	0.14115704452672	0.12067852226336	0.852636933241057	0.147363066758943
6	0.707106781186547	"opt_stop"	"lower"	0.42	0.43	0.0096	0.00330694947325083	0.1002	0.14115704452672	0.12067852226336	0.852636933241057	0.147363066758943
6	0.707106781186547	"opt_stop"	"lower"	0.43	0.44	0.0093	0.00326568749231892	0.1002	0.14115704452672	0.12067852226336	0.852636933241057	0.147363066758943
6	0.707106781186547	"opt_stop"	"lower"	0.44	0.45	0.00745	0.00322451833563064	0.1002	0.14115704452672	0.12067852226336	0.852636933241057	0.147363066758943
6	0.707106781186547	"opt_stop"	"lower"	0.45	0.46	0.00615	0.00318347347365244	0.1002	0.14115704452672	0.12067852226336	0.852636933241057	0.147363066758943
6	0.707106781186547	"opt_stop"	"lower"	0.46	0.47	0.005	0.00314258260451983	0.1002	0.14115704452672	0.12067852226336	0.852636933241057	0.147363066758943
6	0.707106781186547	"opt_stop"	"lower"	0.47	0.48	0.00385	0.00310187368208414	0.1002	0.14115704452672	0.12067852226336	0.852636933241057	0.147363066758943
6	0.707106781186547	"opt_stop"	"lower"	0.48	0.49	0.0036	0.00306137294899522	0.1002	0.14115704452672	0.12067852226336	0.852636933241057	0.147363066758943
6	0.707106781186547	"opt_stop"	"lower"	0.49	0.5	0.00265	0.00302110497419494	0.1002	0.14115704452672	0.12067852226336	0.852636933241057	0.147363066758943
6	0.707106781186547	"opt_stop"	"lower"	0.5	0.51	0.0012	0.00298109269423352	0.1002	0.14115704452672	0.12067852226336	0.852636933241057	0.147363066758943
6	0.707106781186547	"opt_stop"	"lower"	0.51	0.52	0.0017	0.00294135745783941	0.1002	0.14115704452672	0.12067852226336	0.852636933241057	0.147363066758943
6	0.707106781186547	"opt_stop"	"lower"	0.52	0.53	0.00125	0.00290191907322168	0.1002	0.14115704452672	0.12067852226336	0.852636933241057	0.147363066758943
6	0.707106781186547	"opt_stop"	"lower"	0.53	0.54	0.0012	0.00286279585760063	0.1002	0.14115704452672	0.12067852226336	0.852636933241057	0.147363066758943
6	0.707106781186547	"opt_stop"	"lower"	0.54	0.55	8e-04	0.00282400468851374	0.1002	0.14115704452672	0.12067852226336	0.852636933241057	0.147363066758943
6	0.707106781186547	"opt_stop"	"lower"	0.55	0.56	6e-04	0.00278556105646488	0.1002	0.14115704452672	0.12067852226336	0.852636933241057	0.147363066758943
6	0.707106781186547	"opt_stop"	"lower"	0.56	0.57	0.00075	0.00274747911852713	0.1002	0.14115704452672	0.12067852226336	0.852636933241057	0.147363066758943
6	0.707106781186547	"opt_stop"	"lower"	0.57	0.58	5e-04	0.00270977175254339	0.1002	0.14115704452672	0.12067852226336	0.852636933241057	0.147363066758943
6	0.707106781186547	"opt_stop"	"lower"	0.58	0.59	0.00015	0.0026724506115946	0.1002	0.14115704452672	0.12067852226336	0.852636933241057	0.147363066758943
6	0.707106781186547	"opt_stop"	"lower"	0.59	0.6	1e-04	0.00263552617844953	0.1002	0.14115704452672	0.12067852226336	0.852636933241057	0.147363066758943
6	0.707106781186547	"opt_stop"	"lower"	0.6	0.61	0.00015	0.00259900781972977	0.1002	0.14115704452672	0.12067852226336	0.852636933241057	0.147363066758943
6	0.707106781186547	"opt_stop"	"lower"	0.61	0.62	0	0.0025629038395566	0.1002	0.14115704452672	0.12067852226336	0.852636933241057	0.147363066758943
6	0.707106781186547	"opt_stop"	"lower"	0.62	0.63	5e-05	0.00252722153247886	0.1002	0.14115704452672	0.12067852226336	0.852636933241057	0.147363066758943
6	0.707106781186547	"opt_stop"	"lower"	0.63	0.64	5e-05	0.00249196723549794	0.1002	0.14115704452672	0.12067852226336	0.852636933241057	0.147363066758943
6	0.707106781186547	"opt_stop"	"lower"	0.64	0.65	0	0.00245714637903893	0.1002	0.14115704452672	0.12067852226336	0.852636933241057	0.147363066758943
6	0.707106781186547	"opt_stop"	"lower"	0.65	0.66	5e-05	0.00242276353673399	0.1002	0.14115704452672	0.12067852226336	0.852636933241057	0.147363066758943
6	0.707106781186547	"opt_stop"	"lower"	0.66	0.67	0	0.00238882247390815	0.1002	0.14115704452672	0.12067852226336	0.852636933241057	0.147363066758943
6	0.707106781186547	"opt_stop"	"lower"	0.67	0.68	0	0.00235532619467604	0.1002	0.14115704452672	0.12067852226336	0.852636933241057	0.147363066758943
6	0.707106781186547	"opt_stop"	"lower"	0.68	0.69	0	0.00232227698757459	0.1002	0.14115704452672	0.12067852226336	0.852636933241057	0.147363066758943
6	0.707106781186547	"opt_stop"	"lower"	0.69	0.7	0	0.00228967646967748	0.1002	0.14115704452672	0.12067852226336	0.852636933241057	0.147363066758943
6	0.707106781186547	"opt_stop"	"lower"	0.7	0.71	0	0.00225752562914328	0.1002	0.14115704452672	0.12067852226336	0.852636933241057	0.147363066758943
6	0.707106781186547	"opt_stop"	"lower"	0.71	0.72	0	0.00222582486617429	0.1002	0.14115704452672	0.12067852226336	0.852636933241057	0.147363066758943
6	0.707106781186547	"opt_stop"	"lower"	0.72	0.73	0	0.00219457403236178	0.1002	0.14115704452672	0.12067852226336	0.852636933241057	0.147363066758943
6	0.707106781186547	"opt_stop"	"lower"	0.73	0.74	0	0.00216377246841604	0.1002	0.14115704452672	0.12067852226336	0.852636933241057	0.147363066758943
6	0.707106781186547	"opt_stop"	"lower"	0.74	0.75	0	0.00213341904027875	0.1002	0.14115704452672	0.12067852226336	0.852636933241057	0.147363066758943
6	0.707106781186547	"opt_stop"	"lower"	0.75	0.76	0	0.00210351217363292	0.1002	0.14115704452672	0.12067852226336	0.852636933241057	0.147363066758943
6	0.707106781186547	"opt_stop"	"lower"	0.76	0.77	0	0.00207404988682247	0.1002	0.14115704452672	0.12067852226336	0.852636933241057	0.147363066758943
6	0.707106781186547	"opt_stop"	"lower"	0.77	0.78	0	0.00204502982221078	0.1002	0.14115704452672	0.12067852226336	0.852636933241057	0.147363066758943
6	0.707106781186547	"opt_stop"	"lower"	0.78	0.79	0	0.00201644927600275	0.1002	0.14115704452672	0.12067852226336	0.852636933241057	0.147363066758943
6	0.707106781186547	"opt_stop"	"lower"	0.79	0.8	0	0.00198830522656746	0.1002	0.14115704452672	0.12067852226336	0.852636933241057	0.147363066758943
6	0.707106781186547	"opt_stop"	"lower"	0.8	0.81	0	0.00196059436129559	0.1002	0.14115704452672	0.12067852226336	0.852636933241057	0.147363066758943
6	0.707106781186547	"opt_stop"	"lower"	0.81	0.82	0	0.0019333131020346	0.1002	0.14115704452672	0.12067852226336	0.852636933241057	0.147363066758943
6	0.707106781186547	"opt_stop"	"lower"	0.82	0.83	0	0.0019064576291441	0.1002	0.14115704452672	0.12067852226336	0.852636933241057	0.147363066758943
6	0.707106781186547	"opt_stop"	"lower"	0.83	0.84	0	0.00188002390421305	0.1002	0.14115704452672	0.12067852226336	0.852636933241057	0.147363066758943
6	0.707106781186547	"opt_stop"	"lower"	0.84	0.85	0	0.00185400769149069	0.1002	0.14115704452672	0.12067852226336	0.852636933241057	0.147363066758943
6	0.707106781186547	"opt_stop"	"lower"	0.85	0.86	0	0.00182840457807221	0.1002	0.14115704452672	0.12067852226336	0.852636933241057	0.147363066758943
6	0.707106781186547	"opt_stop"	"lower"	0.86	0.87	0	0.00180320999289163	0.1002	0.14115704452672	0.12067852226336	0.852636933241057	0.147363066758943
6	0.707106781186547	"opt_stop"	"lower"	0.87	0.88	0	0.00177841922456745	0.1002	0.14115704452672	0.12067852226336	0.852636933241057	0.147363066758943
6	0.707106781186547	"opt_stop"	"lower"	0.88	0.89	0	0.00175402743814934	0.1002	0.14115704452672	0.12067852226336	0.852636933241057	0.147363066758943
6	0.707106781186547	"opt_stop"	"lower"	0.89	0.9	0	0.00173002969081315	0.1002	0.14115704452672	0.12067852226336	0.852636933241057	0.147363066758943
6	0.707106781186547	"opt_stop"	"lower"	0.9	0.91	0	0.00170642094655349	0.1002	0.14115704452672	0.12067852226336	0.852636933241057	0.147363066758943
6	0.707106781186547	"opt_stop"	"lower"	0.91	0.92	0	0.0016831960899174	0.1002	0.14115704452672	0.12067852226336	0.852636933241057	0.147363066758943
6	0.707106781186547	"opt_stop"	"lower"	0.92	0.93	0	0.00166034993882525	0.1002	0.14115704452672	0.12067852226336	0.852636933241057	0.147363066758943
6	0.707106781186547	"opt_stop"	"lower"	0.93	0.94	0	0.00163787725652575	0.1002	0.14115704452672	0.12067852226336	0.852636933241057	0.147363066758943
6	0.707106781186547	"opt_stop"	"lower"	0.94	0.95	0	0.00161577276272462	0.1002	0.14115704452672	0.12067852226336	0.852636933241057	0.147363066758943
6	0.707106781186547	"opt_stop"	"lower"	0.95	0.96	0	0.00159403114393153	0.1002	0.14115704452672	0.12067852226336	0.852636933241057	0.147363066758943
6	0.707106781186547	"opt_stop"	"lower"	0.96	0.97	0	0.00157264706306615	0.1002	0.14115704452672	0.12067852226336	0.852636933241057	0.147363066758943
6	0.707106781186547	"opt_stop"	"lower"	0.97	0.98	0	0.00155161516836166	0.1002	0.14115704452672	0.12067852226336	0.852636933241057	0.147363066758943
6	0.707106781186547	"opt_stop"	"lower"	0.98	0.99	0	0.0015309301016031	0.1002	0.14115704452672	0.12067852226336	0.852636933241057	0.147363066758943
6	0.707106781186547	"opt_stop"	"lower"	0.99	1	0	0.00151058650574065	0.1002	0.14115704452672	0.12067852226336	0.852636933241057	0.147363066758943
6	0.707106781186547	"opt_stop"	"lower"	1	2	0	0.0877398280459109	0.1002	0.14115704452672	0.12067852226336	0.852636933241057	0.147363066758943
6	0.707106781186547	"opt_stop"	"lower"	2	3	0	0.0344919145899214	0.1002	0.14115704452672	0.12067852226336	0.852636933241057	0.147363066758943
6	0.707106781186547	"stop_avg"	"upper"	0	0.01	0.570618486285714	0.00450128151135432	0.0759802522857143	0.159876266262167	0.117928259273941	0.852636933241057	0.147363066758943
6	0.707106781186547	"stop_avg"	"upper"	0.01	0.02	0.573308780571429	0.00449948195845373	0.0759802522857143	0.159876266262167	0.117928259273941	0.852636933241057	0.147363066758943
6	0.707106781186547	"stop_avg"	"upper"	0.02	0.03	0.566916016	0.00449588716554206	0.0759802522857143	0.159876266262167	0.117928259273941	0.852636933241057	0.147363066758943
6	0.707106781186547	"stop_avg"	"upper"	0.03	0.04	0.571356878142857	0.00449050573258936	0.0759802522857143	0.159876266262167	0.117928259273941	0.852636933241057	0.147363066758943
6	0.707106781186547	"stop_avg"	"upper"	0.04	0.05	0.575208627142857	0.00448335049531756	0.0759802522857143	0.159876266262167	0.117928259273941	0.852636933241057	0.147363066758943
6	0.707106781186547	"stop_avg"	"upper"	0.05	0.06	0.587944437571429	0.0044744384489207	0.0759802522857143	0.159876266262167	0.117928259273941	0.852636933241057	0.147363066758943
6	0.707106781186547	"stop_avg"	"upper"	0.06	0.07	0.584900409571429	0.00446379064767821	0.0759802522857143	0.159876266262167	0.117928259273941	0.852636933241057	0.147363066758943
6	0.707106781186547	"stop_avg"	"upper"	0.07	0.08	0.574615744	0.0044514320815614	0.0759802522857143	0.159876266262167	0.117928259273941	0.852636933241057	0.147363066758943
6	0.707106781186547	"stop_avg"	"upper"	0.08	0.09	0.546951865714286	0.00443739153117217	0.0759802522857143	0.159876266262167	0.117928259273941	0.852636933241057	0.147363066758943
6	0.707106781186547	"stop_avg"	"upper"	0.09	0.1	0.533220520285714	0.00442170140256826	0.0759802522857143	0.159876266262167	0.117928259273941	0.852636933241057	0.147363066758943
6	0.707106781186547	"stop_avg"	"upper"	0.1	0.15	0.513797751571428	0.0218181046491426	0.0759802522857143	0.159876266262167	0.117928259273941	0.852636933241057	0.147363066758943
6	0.707106781186547	"stop_avg"	"upper"	0.15	0.2	0.361119583428571	0.0212024624216106	0.0759802522857143	0.159876266262167	0.117928259273941	0.852636933241057	0.147363066758943
6	0.707106781186547	"stop_avg"	"upper"	0.2	0.25	0.245834433285714	0.0204336199234818	0.0759802522857143	0.159876266262167	0.117928259273941	0.852636933241057	0.147363066758943
6	0.707106781186547	"stop_avg"	"upper"	0.25	0.3	0.167999432	0.019547484106212	0.0759802522857143	0.159876266262167	0.117928259273941	0.852636933241057	0.147363066758943
6	0.707106781186547	"stop_avg"	"upper"	0.3	0.35	0.131568320571429	0.0185804448513571	0.0759802522857143	0.159876266262167	0.117928259273941	0.852636933241057	0.147363066758943
6	0.707106781186547	"stop_avg"	"upper"	0.35	0.4	0.103218331428571	0.0175664480539628	0.0759802522857143	0.159876266262167	0.117928259273941	0.852636933241057	0.147363066758943
6	0.707106781186547	"stop_avg"	"upper"	0.4	0.45	0.0847685535714286	0.0165350433509324	0.0759802522857143	0.159876266262167	0.117928259273941	0.852636933241057	0.147363066758943
6	0.707106781186547	"stop_avg"	"upper"	0.45	0.5	0.0808116821428571	0.0155104076834466	0.0759802522857143	0.159876266262167	0.117928259273941	0.852636933241057	0.147363066758943
6	0.707106781186547	"stop_avg"	"upper"	0.5	0.55	0.0791901792857143	0.014511169771409	0.0759802522857143	0.159876266262167	0.117928259273941	0.852636933241057	0.147363066758943
6	0.707106781186547	"stop_avg"	"upper"	0.55	0.6	0.0800704708571428	0.0135507887175795	0.0759802522857143	0.159876266262167	0.117928259273941	0.852636933241057	0.147363066758943
6	0.707106781186547	"stop_avg"	"upper"	0.6	0.65	0.079422171	0.0126382468063021	0.0759802522857143	0.159876266262167	0.117928259273941	0.852636933241057	0.147363066758943
6	0.707106781186547	"stop_avg"	"upper"	0.65	0.7	0.0792759682857143	0.0117788656625702	0.0759802522857143	0.159876266262167	0.117928259273941	0.852636933241057	0.147363066758943
6	0.707106781186547	"stop_avg"	"upper"	0.7	0.75	0.0779525768571429	0.0109751160363741	0.0759802522857143	0.159876266262167	0.117928259273941	0.852636933241057	0.147363066758943
6	0.707106781186547	"stop_avg"	"upper"	0.75	0.8	0.0779452588571429	0.0102273463852364	0.0759802522857143	0.159876266262167	0.117928259273941	0.852636933241057	0.147363066758943
6	0.707106781186547	"stop_avg"	"upper"	0.8	0.85	0.0777939748571428	0.00953439668817802	0.0759802522857143	0.159876266262167	0.117928259273941	0.852636933241057	0.147363066758943
6	0.707106781186547	"stop_avg"	"upper"	0.85	0.9	0.0783664442857143	0.00889409092449378	0.0759802522857143	0.159876266262167	0.117928259273941	0.852636933241057	0.147363066758943
6	0.707106781186547	"stop_avg"	"upper"	0.9	0.95	0.0788562658571428	0.00830361699454651	0.0759802522857143	0.159876266262167	0.117928259273941	0.852636933241057	0.147363066758943
6	0.707106781186547	"stop_avg"	"upper"	0.95	1	0.0795303285714286	0.00775980998270309	0.0759802522857143	0.159876266262167	0.117928259273941	0.852636933241057	0.147363066758943
6	0.707106781186547	"stop_avg"	"upper"	1	2	0.0800751614285714	0.0877398280459109	0.0759802522857143	0.159876266262167	0.117928259273941	0.852636933241057	0.147363066758943
6	0.707106781186547	"stop_avg"	"upper"	2	3	0.0534741671428571	0.0344919145899214	0.0759802522857143	0.159876266262167	0.117928259273941	0.852636933241057	0.147363066758943
6	0.707106781186547	"stop_avg"	"lower"	0	0.01	0.573308780571429	0.00450128151135432	0.0759802522857143	0.129773129696801	0.102876690991258	0.852636933241057	0.147363066758943
6	0.707106781186547	"stop_avg"	"lower"	0.01	0.02	0.566916016	0.00449948195845373	0.0759802522857143	0.129773129696801	0.102876690991258	0.852636933241057	0.147363066758943
6	0.707106781186547	"stop_avg"	"lower"	0.02	0.03	0.571356878142857	0.00449588716554206	0.0759802522857143	0.129773129696801	0.102876690991258	0.852636933241057	0.147363066758943
6	0.707106781186547	"stop_avg"	"lower"	0.03	0.04	0.575208627142857	0.00449050573258936	0.0759802522857143	0.129773129696801	0.102876690991258	0.852636933241057	0.147363066758943
6	0.707106781186547	"stop_avg"	"lower"	0.04	0.05	0.587944437571429	0.00448335049531756	0.0759802522857143	0.129773129696801	0.102876690991258	0.852636933241057	0.147363066758943
6	0.707106781186547	"stop_avg"	"lower"	0.05	0.06	0.584900409571429	0.0044744384489207	0.0759802522857143	0.129773129696801	0.102876690991258	0.852636933241057	0.147363066758943
6	0.707106781186547	"stop_avg"	"lower"	0.06	0.07	0.574615744	0.00446379064767821	0.0759802522857143	0.129773129696801	0.102876690991258	0.852636933241057	0.147363066758943
6	0.707106781186547	"stop_avg"	"lower"	0.07	0.08	0.546951865714286	0.0044514320815614	0.0759802522857143	0.129773129696801	0.102876690991258	0.852636933241057	0.147363066758943
6	0.707106781186547	"stop_avg"	"lower"	0.08	0.09	0.533220520285714	0.00443739153117217	0.0759802522857143	0.129773129696801	0.102876690991258	0.852636933241057	0.147363066758943
6	0.707106781186547	"stop_avg"	"lower"	0.09	0.1	0.513797751571428	0.00442170140256826	0.0759802522857143	0.129773129696801	0.102876690991258	0.852636933241057	0.147363066758943
6	0.707106781186547	"stop_avg"	"lower"	0.1	0.15	0.361119583428571	0.0218181046491426	0.0759802522857143	0.129773129696801	0.102876690991258	0.852636933241057	0.147363066758943
6	0.707106781186547	"stop_avg"	"lower"	0.15	0.2	0.245834433285714	0.0212024624216106	0.0759802522857143	0.129773129696801	0.102876690991258	0.852636933241057	0.147363066758943
6	0.707106781186547	"stop_avg"	"lower"	0.2	0.25	0.167999432	0.0204336199234818	0.0759802522857143	0.129773129696801	0.102876690991258	0.852636933241057	0.147363066758943
6	0.707106781186547	"stop_avg"	"lower"	0.25	0.3	0.131568320571429	0.019547484106212	0.0759802522857143	0.129773129696801	0.102876690991258	0.852636933241057	0.147363066758943
6	0.707106781186547	"stop_avg"	"lower"	0.3	0.35	0.103218331428571	0.0185804448513571	0.0759802522857143	0.129773129696801	0.102876690991258	0.852636933241057	0.147363066758943
6	0.707106781186547	"stop_avg"	"lower"	0.35	0.4	0.0847685535714286	0.0175664480539628	0.0759802522857143	0.129773129696801	0.102876690991258	0.852636933241057	0.147363066758943
6	0.707106781186547	"stop_avg"	"lower"	0.4	0.45	0.0808116821428571	0.0165350433509324	0.0759802522857143	0.129773129696801	0.102876690991258	0.852636933241057	0.147363066758943
6	0.707106781186547	"stop_avg"	"lower"	0.45	0.5	0.0791901792857143	0.0155104076834466	0.0759802522857143	0.129773129696801	0.102876690991258	0.852636933241057	0.147363066758943
6	0.707106781186547	"stop_avg"	"lower"	0.5	0.55	0.0800704708571428	0.014511169771409	0.0759802522857143	0.129773129696801	0.102876690991258	0.852636933241057	0.147363066758943
6	0.707106781186547	"stop_avg"	"lower"	0.55	0.6	0.079422171	0.0135507887175795	0.0759802522857143	0.129773129696801	0.102876690991258	0.852636933241057	0.147363066758943
6	0.707106781186547	"stop_avg"	"lower"	0.6	0.65	0.0792759682857143	0.0126382468063021	0.0759802522857143	0.129773129696801	0.102876690991258	0.852636933241057	0.147363066758943
6	0.707106781186547	"stop_avg"	"lower"	0.65	0.7	0.0779525768571429	0.0117788656625702	0.0759802522857143	0.129773129696801	0.102876690991258	0.852636933241057	0.147363066758943
6	0.707106781186547	"stop_avg"	"lower"	0.7	0.75	0.0779452588571429	0.0109751160363741	0.0759802522857143	0.129773129696801	0.102876690991258	0.852636933241057	0.147363066758943
6	0.707106781186547	"stop_avg"	"lower"	0.75	0.8	0.0777939748571428	0.0102273463852364	0.0759802522857143	0.129773129696801	0.102876690991258	0.852636933241057	0.147363066758943
6	0.707106781186547	"stop_avg"	"lower"	0.8	0.85	0.0783664442857143	0.00953439668817802	0.0759802522857143	0.129773129696801	0.102876690991258	0.852636933241057	0.147363066758943
6	0.707106781186547	"stop_avg"	"lower"	0.85	0.9	0.0788562658571428	0.00889409092449378	0.0759802522857143	0.129773129696801	0.102876690991258	0.852636933241057	0.147363066758943
6	0.707106781186547	"stop_avg"	"lower"	0.9	0.95	0.0795303285714286	0.00830361699454651	0.0759802522857143	0.129773129696801	0.102876690991258	0.852636933241057	0.147363066758943
6	0.707106781186547	"stop_avg"	"lower"	0.95	1	0.0800751614285714	0.00775980998270309	0.0759802522857143	0.129773129696801	0.102876690991258	0.852636933241057	0.147363066758943
6	0.707106781186547	"stop_avg"	"lower"	1	2	0.0534741671428571	0.0877398280459109	0.0759802522857143	0.129773129696801	0.102876690991258	0.852636933241057	0.147363066758943
6	0.707106781186547	"stop_avg"	"lower"	2	3	0.0409921571428571	0.0344919145899214	0.0759802522857143	0.129773129696801	0.102876690991258	0.852636933241057	0.147363066758943
6	0.707106781186547	"same_dist"	"upper"	0	0.01	0.417085159571429	0.00450128151135432	0.101630457571429	0.131519980478692	0.11657521902506	0.852636933241057	0.147363066758943
6	0.707106781186547	"same_dist"	"upper"	0.01	0.02	0.416736088285714	0.00449948195845373	0.101630457571429	0.131519980478692	0.11657521902506	0.852636933241057	0.147363066758943
6	0.707106781186547	"same_dist"	"upper"	0.02	0.03	0.413616875714286	0.00449588716554206	0.101630457571429	0.131519980478692	0.11657521902506	0.852636933241057	0.147363066758943
6	0.707106781186547	"same_dist"	"upper"	0.03	0.04	0.409780896142857	0.00449050573258936	0.101630457571429	0.131519980478692	0.11657521902506	0.852636933241057	0.147363066758943
6	0.707106781186547	"same_dist"	"upper"	0.04	0.05	0.407673621285714	0.00448335049531756	0.101630457571429	0.131519980478692	0.11657521902506	0.852636933241057	0.147363066758943
6	0.707106781186547	"same_dist"	"upper"	0.05	0.06	0.399917641428571	0.0044744384489207	0.101630457571429	0.131519980478692	0.11657521902506	0.852636933241057	0.147363066758943
6	0.707106781186547	"same_dist"	"upper"	0.06	0.07	0.395351741	0.00446379064767821	0.101630457571429	0.131519980478692	0.11657521902506	0.852636933241057	0.147363066758943
6	0.707106781186547	"same_dist"	"upper"	0.07	0.08	0.381984096142857	0.0044514320815614	0.101630457571429	0.131519980478692	0.11657521902506	0.852636933241057	0.147363066758943
6	0.707106781186547	"same_dist"	"upper"	0.08	0.09	0.367668091	0.00443739153117217	0.101630457571429	0.131519980478692	0.11657521902506	0.852636933241057	0.147363066758943
6	0.707106781186547	"same_dist"	"upper"	0.09	0.1	0.353727399714286	0.00442170140256826	0.101630457571429	0.131519980478692	0.11657521902506	0.852636933241057	0.147363066758943
6	0.707106781186547	"same_dist"	"upper"	0.1	0.15	0.338079763285714	0.0218181046491426	0.101630457571429	0.131519980478692	0.11657521902506	0.852636933241057	0.147363066758943
6	0.707106781186547	"same_dist"	"upper"	0.15	0.2	0.256352112	0.0212024624216106	0.101630457571429	0.131519980478692	0.11657521902506	0.852636933241057	0.147363066758943
6	0.707106781186547	"same_dist"	"upper"	0.2	0.25	0.183393662285714	0.0204336199234818	0.101630457571429	0.131519980478692	0.11657521902506	0.852636933241057	0.147363066758943
6	0.707106781186547	"same_dist"	"upper"	0.25	0.3	0.135575118285714	0.019547484106212	0.101630457571429	0.131519980478692	0.11657521902506	0.852636933241057	0.147363066758943
6	0.707106781186547	"same_dist"	"upper"	0.3	0.35	0.109155169428571	0.0185804448513571	0.101630457571429	0.131519980478692	0.11657521902506	0.852636933241057	0.147363066758943
6	0.707106781186547	"same_dist"	"upper"	0.35	0.4	0.0960454791428571	0.0175664480539628	0.101630457571429	0.131519980478692	0.11657521902506	0.852636933241057	0.147363066758943
6	0.707106781186547	"same_dist"	"upper"	0.4	0.45	0.0894249112857143	0.0165350433509324	0.101630457571429	0.131519980478692	0.11657521902506	0.852636933241057	0.147363066758943
6	0.707106781186547	"same_dist"	"upper"	0.45	0.5	0.086603523	0.0155104076834466	0.101630457571429	0.131519980478692	0.11657521902506	0.852636933241057	0.147363066758943
6	0.707106781186547	"same_dist"	"upper"	0.5	0.55	0.0859453131428571	0.014511169771409	0.101630457571429	0.131519980478692	0.11657521902506	0.852636933241057	0.147363066758943
6	0.707106781186547	"same_dist"	"upper"	0.55	0.6	0.0854784268571429	0.0135507887175795	0.101630457571429	0.131519980478692	0.11657521902506	0.852636933241057	0.147363066758943
6	0.707106781186547	"same_dist"	"upper"	0.6	0.65	0.0850257531428572	0.0126382468063021	0.101630457571429	0.131519980478692	0.11657521902506	0.852636933241057	0.147363066758943
6	0.707106781186547	"same_dist"	"upper"	0.65	0.7	0.0846687465714286	0.0117788656625702	0.101630457571429	0.131519980478692	0.11657521902506	0.852636933241057	0.147363066758943
6	0.707106781186547	"same_dist"	"upper"	0.7	0.75	0.0841548147142857	0.0109751160363741	0.101630457571429	0.131519980478692	0.11657521902506	0.852636933241057	0.147363066758943
6	0.707106781186547	"same_dist"	"upper"	0.75	0.8	0.0837261847142857	0.0102273463852364	0.101630457571429	0.131519980478692	0.11657521902506	0.852636933241057	0.147363066758943
6	0.707106781186547	"same_dist"	"upper"	0.8	0.85	0.0831887685714286	0.00953439668817802	0.101630457571429	0.131519980478692	0.11657521902506	0.852636933241057	0.147363066758943
6	0.707106781186547	"same_dist"	"upper"	0.85	0.9	0.0837004507142857	0.00889409092449378	0.101630457571429	0.131519980478692	0.11657521902506	0.852636933241057	0.147363066758943
6	0.707106781186547	"same_dist"	"upper"	0.9	0.95	0.0834703334285714	0.00830361699454651	0.101630457571429	0.131519980478692	0.11657521902506	0.852636933241057	0.147363066758943
6	0.707106781186547	"same_dist"	"upper"	0.95	1	0.0837095208571428	0.00775980998270309	0.101630457571429	0.131519980478692	0.11657521902506	0.852636933241057	0.147363066758943
6	0.707106781186547	"same_dist"	"upper"	1	2	0.0836142707142857	0.0877398280459109	0.101630457571429	0.131519980478692	0.11657521902506	0.852636933241057	0.147363066758943
6	0.707106781186547	"same_dist"	"upper"	2	3	0.0614991319659646	0.0344919145899214	0.101630457571429	0.131519980478692	0.11657521902506	0.852636933241057	0.147363066758943
6	0.707106781186547	"same_dist"	"lower"	0	0.01	0.416736088285714	0.00450128151135432	0.101630457571429	0.108229277318652	0.10492986744504	0.852636933241057	0.147363066758943
6	0.707106781186547	"same_dist"	"lower"	0.01	0.02	0.413616875714286	0.00449948195845373	0.101630457571429	0.108229277318652	0.10492986744504	0.852636933241057	0.147363066758943
6	0.707106781186547	"same_dist"	"lower"	0.02	0.03	0.409780896142857	0.00449588716554206	0.101630457571429	0.108229277318652	0.10492986744504	0.852636933241057	0.147363066758943
6	0.707106781186547	"same_dist"	"lower"	0.03	0.04	0.407673621285714	0.00449050573258936	0.101630457571429	0.108229277318652	0.10492986744504	0.852636933241057	0.147363066758943
6	0.707106781186547	"same_dist"	"lower"	0.04	0.05	0.399917641428571	0.00448335049531756	0.101630457571429	0.108229277318652	0.10492986744504	0.852636933241057	0.147363066758943
6	0.707106781186547	"same_dist"	"lower"	0.05	0.06	0.395351741	0.0044744384489207	0.101630457571429	0.108229277318652	0.10492986744504	0.852636933241057	0.147363066758943
6	0.707106781186547	"same_dist"	"lower"	0.06	0.07	0.381984096142857	0.00446379064767821	0.101630457571429	0.108229277318652	0.10492986744504	0.852636933241057	0.147363066758943
6	0.707106781186547	"same_dist"	"lower"	0.07	0.08	0.367668091	0.0044514320815614	0.101630457571429	0.108229277318652	0.10492986744504	0.852636933241057	0.147363066758943
6	0.707106781186547	"same_dist"	"lower"	0.08	0.09	0.353727399714286	0.00443739153117217	0.101630457571429	0.108229277318652	0.10492986744504	0.852636933241057	0.147363066758943
6	0.707106781186547	"same_dist"	"lower"	0.09	0.1	0.338079763285714	0.00442170140256826	0.101630457571429	0.108229277318652	0.10492986744504	0.852636933241057	0.147363066758943
6	0.707106781186547	"same_dist"	"lower"	0.1	0.15	0.256352112	0.0218181046491426	0.101630457571429	0.108229277318652	0.10492986744504	0.852636933241057	0.147363066758943
6	0.707106781186547	"same_dist"	"lower"	0.15	0.2	0.183393662285714	0.0212024624216106	0.101630457571429	0.108229277318652	0.10492986744504	0.852636933241057	0.147363066758943
6	0.707106781186547	"same_dist"	"lower"	0.2	0.25	0.135575118285714	0.0204336199234818	0.101630457571429	0.108229277318652	0.10492986744504	0.852636933241057	0.147363066758943
6	0.707106781186547	"same_dist"	"lower"	0.25	0.3	0.109155169428571	0.019547484106212	0.101630457571429	0.108229277318652	0.10492986744504	0.852636933241057	0.147363066758943
6	0.707106781186547	"same_dist"	"lower"	0.3	0.35	0.0960454791428571	0.0185804448513571	0.101630457571429	0.108229277318652	0.10492986744504	0.852636933241057	0.147363066758943
6	0.707106781186547	"same_dist"	"lower"	0.35	0.4	0.0894249112857143	0.0175664480539628	0.101630457571429	0.108229277318652	0.10492986744504	0.852636933241057	0.147363066758943
6	0.707106781186547	"same_dist"	"lower"	0.4	0.45	0.086603523	0.0165350433509324	0.101630457571429	0.108229277318652	0.10492986744504	0.852636933241057	0.147363066758943
6	0.707106781186547	"same_dist"	"lower"	0.45	0.5	0.0859453131428571	0.0155104076834466	0.101630457571429	0.108229277318652	0.10492986744504	0.852636933241057	0.147363066758943
6	0.707106781186547	"same_dist"	"lower"	0.5	0.55	0.0854784268571428	0.014511169771409	0.101630457571429	0.108229277318652	0.10492986744504	0.852636933241057	0.147363066758943
6	0.707106781186547	"same_dist"	"lower"	0.55	0.6	0.0850257531428572	0.0135507887175795	0.101630457571429	0.108229277318652	0.10492986744504	0.852636933241057	0.147363066758943
6	0.707106781186547	"same_dist"	"lower"	0.6	0.65	0.0846687465714286	0.0126382468063021	0.101630457571429	0.108229277318652	0.10492986744504	0.852636933241057	0.147363066758943
6	0.707106781186547	"same_dist"	"lower"	0.65	0.7	0.0841548147142857	0.0117788656625702	0.101630457571429	0.108229277318652	0.10492986744504	0.852636933241057	0.147363066758943
6	0.707106781186547	"same_dist"	"lower"	0.7	0.75	0.0837261847142857	0.0109751160363741	0.101630457571429	0.108229277318652	0.10492986744504	0.852636933241057	0.147363066758943
6	0.707106781186547	"same_dist"	"lower"	0.75	0.8	0.0831887685714286	0.0102273463852364	0.101630457571429	0.108229277318652	0.10492986744504	0.852636933241057	0.147363066758943
6	0.707106781186547	"same_dist"	"lower"	0.8	0.85	0.0837004507142857	0.00953439668817802	0.101630457571429	0.108229277318652	0.10492986744504	0.852636933241057	0.147363066758943
6	0.707106781186547	"same_dist"	"lower"	0.85	0.9	0.0834703334285714	0.00889409092449378	0.101630457571429	0.108229277318652	0.10492986744504	0.852636933241057	0.147363066758943
6	0.707106781186547	"same_dist"	"lower"	0.9	0.95	0.0837095208571428	0.00830361699454651	0.101630457571429	0.108229277318652	0.10492986744504	0.852636933241057	0.147363066758943
6	0.707106781186547	"same_dist"	"lower"	0.95	1	0.0836142707142857	0.00775980998270309	0.101630457571429	0.108229277318652	0.10492986744504	0.852636933241057	0.147363066758943
6	0.707106781186547	"same_dist"	"lower"	1	2	0.0614991319659646	0.0877398280459109	0.101630457571429	0.108229277318652	0.10492986744504	0.852636933241057	0.147363066758943
6	0.707106781186547	"same_dist"	"lower"	2	3	0.050060565206829	0.0344919145899214	0.101630457571429	0.108229277318652	0.10492986744504	0.852636933241057	0.147363066758943
10	0.707106781186547	"opt_stop"	"upper"	0	0.01	0.93315	0.00450128151135432	0.06685	0.0957563735706029	0.0813031867853015	0.852636933241057	0.147363066758943
10	0.707106781186547	"opt_stop"	"upper"	0.01	0.02	0.9312	0.00449948195845373	0.06685	0.0957563735706029	0.0813031867853015	0.852636933241057	0.147363066758943
10	0.707106781186547	"opt_stop"	"upper"	0.02	0.03	0.91965	0.00449588716554206	0.06685	0.0957563735706029	0.0813031867853015	0.852636933241057	0.147363066758943
10	0.707106781186547	"opt_stop"	"upper"	0.03	0.04	0.90375	0.00449050573258936	0.06685	0.0957563735706029	0.0813031867853015	0.852636933241057	0.147363066758943
10	0.707106781186547	"opt_stop"	"upper"	0.04	0.05	0.8687	0.00448335049531756	0.06685	0.0957563735706029	0.0813031867853015	0.852636933241057	0.147363066758943
10	0.707106781186547	"opt_stop"	"upper"	0.05	0.06	0.8235	0.0044744384489207	0.06685	0.0957563735706029	0.0813031867853015	0.852636933241057	0.147363066758943
10	0.707106781186547	"opt_stop"	"upper"	0.06	0.07	0.77425	0.00446379064767821	0.06685	0.0957563735706029	0.0813031867853015	0.852636933241057	0.147363066758943
10	0.707106781186547	"opt_stop"	"upper"	0.07	0.08	0.70425	0.0044514320815614	0.06685	0.0957563735706029	0.0813031867853015	0.852636933241057	0.147363066758943
10	0.707106781186547	"opt_stop"	"upper"	0.08	0.09	0.64345	0.00443739153117217	0.06685	0.0957563735706029	0.0813031867853015	0.852636933241057	0.147363066758943
10	0.707106781186547	"opt_stop"	"upper"	0.09	0.1	0.56425	0.00442170140256826	0.06685	0.0957563735706029	0.0813031867853015	0.852636933241057	0.147363066758943
10	0.707106781186547	"opt_stop"	"upper"	0.1	0.11	0.49485	0.0044043975437168	0.06685	0.0957563735706029	0.0813031867853015	0.852636933241057	0.147363066758943
10	0.707106781186547	"opt_stop"	"upper"	0.11	0.12	0.42635	0.00438551904447992	0.06685	0.0957563735706029	0.0813031867853015	0.852636933241057	0.147363066758943
10	0.707106781186547	"opt_stop"	"upper"	0.12	0.13	0.35855	0.0043651080221625	0.06685	0.0957563735706029	0.0813031867853015	0.852636933241057	0.147363066758943
10	0.707106781186547	"opt_stop"	"upper"	0.13	0.14	0.29905	0.00434320939475097	0.06685	0.0957563735706029	0.0813031867853015	0.852636933241057	0.147363066758943
10	0.707106781186547	"opt_stop"	"upper"	0.14	0.15	0.2523	0.00431987064403239	0.06685	0.0957563735706029	0.0813031867853015	0.852636933241057	0.147363066758943
10	0.707106781186547	"opt_stop"	"upper"	0.15	0.16	0.20375	0.00429514157081767	0.06685	0.0957563735706029	0.0813031867853015	0.852636933241057	0.147363066758943
10	0.707106781186547	"opt_stop"	"upper"	0.16	0.17	0.1613	0.00426907404449084	0.06685	0.0957563735706029	0.0813031867853015	0.852636933241057	0.147363066758943
10	0.707106781186547	"opt_stop"	"upper"	0.17	0.18	0.12915	0.00424172174907589	0.06685	0.0957563735706029	0.0813031867853015	0.852636933241057	0.147363066758943
10	0.707106781186547	"opt_stop"	"upper"	0.18	0.19	0.10485	0.00421313992795302	0.06685	0.0957563735706029	0.0813031867853015	0.852636933241057	0.147363066758943
10	0.707106781186547	"opt_stop"	"upper"	0.19	0.2	0.07875	0.00418338512927319	0.06685	0.0957563735706029	0.0813031867853015	0.852636933241057	0.147363066758943
10	0.707106781186547	"opt_stop"	"upper"	0.2	0.21	0.06145	0.00415251495401492	0.06685	0.0957563735706029	0.0813031867853015	0.852636933241057	0.147363066758943
10	0.707106781186547	"opt_stop"	"upper"	0.21	0.22	0.0447	0.00412058780849478	0.06685	0.0957563735706029	0.0813031867853015	0.852636933241057	0.147363066758943
10	0.707106781186547	"opt_stop"	"upper"	0.22	0.23	0.03255	0.00408766266300542	0.06685	0.0957563735706029	0.0813031867853015	0.852636933241057	0.147363066758943
10	0.707106781186547	"opt_stop"	"upper"	0.23	0.24	0.02365	0.00405379881809953	0.06685	0.0957563735706029	0.0813031867853015	0.852636933241057	0.147363066758943
10	0.707106781186547	"opt_stop"	"upper"	0.24	0.25	0.0184	0.00401905567986716	0.06685	0.0957563735706029	0.0813031867853015	0.852636933241057	0.147363066758943
10	0.707106781186547	"opt_stop"	"upper"	0.25	0.26	0.0101	0.00398349254539054	0.06685	0.0957563735706029	0.0813031867853015	0.852636933241057	0.147363066758943
10	0.707106781186547	"opt_stop"	"upper"	0.26	0.27	0.00885	0.0039471683993777	0.06685	0.0957563735706029	0.0813031867853015	0.852636933241057	0.147363066758943
10	0.707106781186547	"opt_stop"	"upper"	0.27	0.28	0.00655	0.0039101417228099	0.06685	0.0957563735706029	0.0813031867853015	0.852636933241057	0.147363066758943
10	0.707106781186547	"opt_stop"	"upper"	0.28	0.29	0.00385	0.00387247031425986	0.06685	0.0957563735706029	0.0813031867853015	0.852636933241057	0.147363066758943
10	0.707106781186547	"opt_stop"	"upper"	0.29	0.3	0.00295	0.00383421112437399	0.06685	0.0957563735706029	0.0813031867853015	0.852636933241057	0.147363066758943
10	0.707106781186547	"opt_stop"	"upper"	0.3	0.31	0.0015	0.00379542010385214	0.06685	0.0957563735706029	0.0813031867853015	0.852636933241057	0.147363066758943
10	0.707106781186547	"opt_stop"	"upper"	0.31	0.32	0.001	0.0037561520651076	0.06685	0.0957563735706029	0.0813031867853015	0.852636933241057	0.147363066758943
10	0.707106781186547	"opt_stop"	"upper"	0.32	0.33	0.00075	0.0037164605576494	0.06685	0.0957563735706029	0.0813031867853015	0.852636933241057	0.147363066758943
10	0.707106781186547	"opt_stop"	"upper"	0.33	0.34	0.00075	0.00367639775710027	0.06685	0.0957563735706029	0.0813031867853015	0.852636933241057	0.147363066758943
10	0.707106781186547	"opt_stop"	"upper"	0.34	0.35	5e-04	0.00363601436764771	0.06685	0.0957563735706029	0.0813031867853015	0.852636933241057	0.147363066758943
10	0.707106781186547	"opt_stop"	"upper"	0.35	0.36	3e-04	0.00359535953762313	0.06685	0.0957563735706029	0.0813031867853015	0.852636933241057	0.147363066758943
10	0.707106781186547	"opt_stop"	"upper"	0.36	0.37	1e-04	0.00355448078780674	0.06685	0.0957563735706029	0.0813031867853015	0.852636933241057	0.147363066758943
10	0.707106781186547	"opt_stop"	"upper"	0.37	0.38	1e-04	0.00351342395198839	0.06685	0.0957563735706029	0.0813031867853015	0.852636933241057	0.147363066758943
10	0.707106781186547	"opt_stop"	"upper"	0.38	0.39	0	0.00347223312923983	0.06685	0.0957563735706029	0.0813031867853015	0.852636933241057	0.147363066758943
10	0.707106781186547	"opt_stop"	"upper"	0.39	0.4	1e-04	0.0034309506473047	0.06685	0.0957563735706029	0.0813031867853015	0.852636933241057	0.147363066758943
10	0.707106781186547	"opt_stop"	"upper"	0.4	0.41	0	0.00338961703647089	0.06685	0.0957563735706029	0.0813031867853015	0.852636933241057	0.147363066758943
10	0.707106781186547	"opt_stop"	"upper"	0.41	0.42	0	0.00334827101326107	0.06685	0.0957563735706029	0.0813031867853015	0.852636933241057	0.147363066758943
10	0.707106781186547	"opt_stop"	"upper"	0.42	0.43	5e-05	0.00330694947325083	0.06685	0.0957563735706029	0.0813031867853015	0.852636933241057	0.147363066758943
10	0.707106781186547	"opt_stop"	"upper"	0.43	0.44	0	0.00326568749231892	0.06685	0.0957563735706029	0.0813031867853015	0.852636933241057	0.147363066758943
10	0.707106781186547	"opt_stop"	"upper"	0.44	0.45	5e-05	0.00322451833563064	0.06685	0.0957563735706029	0.0813031867853015	0.852636933241057	0.147363066758943
10	0.707106781186547	"opt_stop"	"upper"	0.45	0.46	0	0.00318347347365244	0.06685	0.0957563735706029	0.0813031867853015	0.852636933241057	0.147363066758943
10	0.707106781186547	"opt_stop"	"upper"	0.46	0.47	0	0.00314258260451983	0.06685	0.0957563735706029	0.0813031867853015	0.852636933241057	0.147363066758943
10	0.707106781186547	"opt_stop"	"upper"	0.47	0.48	0	0.00310187368208414	0.06685	0.0957563735706029	0.0813031867853015	0.852636933241057	0.147363066758943
10	0.707106781186547	"opt_stop"	"upper"	0.48	0.49	0	0.00306137294899522	0.06685	0.0957563735706029	0.0813031867853015	0.852636933241057	0.147363066758943
10	0.707106781186547	"opt_stop"	"upper"	0.49	0.5	0	0.00302110497419494	0.06685	0.0957563735706029	0.0813031867853015	0.852636933241057	0.147363066758943
10	0.707106781186547	"opt_stop"	"upper"	0.5	0.51	0	0.00298109269423352	0.06685	0.0957563735706029	0.0813031867853015	0.852636933241057	0.147363066758943
10	0.707106781186547	"opt_stop"	"upper"	0.51	0.52	0	0.00294135745783941	0.06685	0.0957563735706029	0.0813031867853015	0.852636933241057	0.147363066758943
10	0.707106781186547	"opt_stop"	"upper"	0.52	0.53	0	0.00290191907322168	0.06685	0.0957563735706029	0.0813031867853015	0.852636933241057	0.147363066758943
10	0.707106781186547	"opt_stop"	"upper"	0.53	0.54	0	0.00286279585760063	0.06685	0.0957563735706029	0.0813031867853015	0.852636933241057	0.147363066758943
10	0.707106781186547	"opt_stop"	"upper"	0.54	0.55	0	0.00282400468851374	0.06685	0.0957563735706029	0.0813031867853015	0.852636933241057	0.147363066758943
10	0.707106781186547	"opt_stop"	"upper"	0.55	0.56	0	0.00278556105646488	0.06685	0.0957563735706029	0.0813031867853015	0.852636933241057	0.147363066758943
10	0.707106781186547	"opt_stop"	"upper"	0.56	0.57	0	0.00274747911852713	0.06685	0.0957563735706029	0.0813031867853015	0.852636933241057	0.147363066758943
10	0.707106781186547	"opt_stop"	"upper"	0.57	0.58	0	0.00270977175254339	0.06685	0.0957563735706029	0.0813031867853015	0.852636933241057	0.147363066758943
10	0.707106781186547	"opt_stop"	"upper"	0.58	0.59	0	0.0026724506115946	0.06685	0.0957563735706029	0.0813031867853015	0.852636933241057	0.147363066758943
10	0.707106781186547	"opt_stop"	"upper"	0.59	0.6	0	0.00263552617844953	0.06685	0.0957563735706029	0.0813031867853015	0.852636933241057	0.147363066758943
10	0.707106781186547	"opt_stop"	"upper"	0.6	0.61	0	0.00259900781972977	0.06685	0.0957563735706029	0.0813031867853015	0.852636933241057	0.147363066758943
10	0.707106781186547	"opt_stop"	"upper"	0.61	0.62	0	0.0025629038395566	0.06685	0.0957563735706029	0.0813031867853015	0.852636933241057	0.147363066758943
10	0.707106781186547	"opt_stop"	"upper"	0.62	0.63	0	0.00252722153247886	0.06685	0.0957563735706029	0.0813031867853015	0.852636933241057	0.147363066758943
10	0.707106781186547	"opt_stop"	"upper"	0.63	0.64	0	0.00249196723549794	0.06685	0.0957563735706029	0.0813031867853015	0.852636933241057	0.147363066758943
10	0.707106781186547	"opt_stop"	"upper"	0.64	0.65	0	0.00245714637903893	0.06685	0.0957563735706029	0.0813031867853015	0.852636933241057	0.147363066758943
10	0.707106781186547	"opt_stop"	"upper"	0.65	0.66	0	0.00242276353673399	0.06685	0.0957563735706029	0.0813031867853015	0.852636933241057	0.147363066758943
10	0.707106781186547	"opt_stop"	"upper"	0.66	0.67	0	0.00238882247390815	0.06685	0.0957563735706029	0.0813031867853015	0.852636933241057	0.147363066758943
10	0.707106781186547	"opt_stop"	"upper"	0.67	0.68	0	0.00235532619467604	0.06685	0.0957563735706029	0.0813031867853015	0.852636933241057	0.147363066758943
10	0.707106781186547	"opt_stop"	"upper"	0.68	0.69	0	0.00232227698757459	0.06685	0.0957563735706029	0.0813031867853015	0.852636933241057	0.147363066758943
10	0.707106781186547	"opt_stop"	"upper"	0.69	0.7	0	0.00228967646967748	0.06685	0.0957563735706029	0.0813031867853015	0.852636933241057	0.147363066758943
10	0.707106781186547	"opt_stop"	"upper"	0.7	0.71	0	0.00225752562914328	0.06685	0.0957563735706029	0.0813031867853015	0.852636933241057	0.147363066758943
10	0.707106781186547	"opt_stop"	"upper"	0.71	0.72	0	0.00222582486617429	0.06685	0.0957563735706029	0.0813031867853015	0.852636933241057	0.147363066758943
10	0.707106781186547	"opt_stop"	"upper"	0.72	0.73	0	0.00219457403236178	0.06685	0.0957563735706029	0.0813031867853015	0.852636933241057	0.147363066758943
10	0.707106781186547	"opt_stop"	"upper"	0.73	0.74	0	0.00216377246841604	0.06685	0.0957563735706029	0.0813031867853015	0.852636933241057	0.147363066758943
10	0.707106781186547	"opt_stop"	"upper"	0.74	0.75	0	0.00213341904027875	0.06685	0.0957563735706029	0.0813031867853015	0.852636933241057	0.147363066758943
10	0.707106781186547	"opt_stop"	"upper"	0.75	0.76	0	0.00210351217363292	0.06685	0.0957563735706029	0.0813031867853015	0.852636933241057	0.147363066758943
10	0.707106781186547	"opt_stop"	"upper"	0.76	0.77	0	0.00207404988682247	0.06685	0.0957563735706029	0.0813031867853015	0.852636933241057	0.147363066758943
10	0.707106781186547	"opt_stop"	"upper"	0.77	0.78	0	0.00204502982221078	0.06685	0.0957563735706029	0.0813031867853015	0.852636933241057	0.147363066758943
10	0.707106781186547	"opt_stop"	"upper"	0.78	0.79	0	0.00201644927600275	0.06685	0.0957563735706029	0.0813031867853015	0.852636933241057	0.147363066758943
10	0.707106781186547	"opt_stop"	"upper"	0.79	0.8	0	0.00198830522656746	0.06685	0.0957563735706029	0.0813031867853015	0.852636933241057	0.147363066758943
10	0.707106781186547	"opt_stop"	"upper"	0.8	0.81	0	0.00196059436129559	0.06685	0.0957563735706029	0.0813031867853015	0.852636933241057	0.147363066758943
10	0.707106781186547	"opt_stop"	"upper"	0.81	0.82	0	0.0019333131020346	0.06685	0.0957563735706029	0.0813031867853015	0.852636933241057	0.147363066758943
10	0.707106781186547	"opt_stop"	"upper"	0.82	0.83	0	0.0019064576291441	0.06685	0.0957563735706029	0.0813031867853015	0.852636933241057	0.147363066758943
10	0.707106781186547	"opt_stop"	"upper"	0.83	0.84	0	0.00188002390421305	0.06685	0.0957563735706029	0.0813031867853015	0.852636933241057	0.147363066758943
10	0.707106781186547	"opt_stop"	"upper"	0.84	0.85	0	0.00185400769149069	0.06685	0.0957563735706029	0.0813031867853015	0.852636933241057	0.147363066758943
10	0.707106781186547	"opt_stop"	"upper"	0.85	0.86	0	0.00182840457807221	0.06685	0.0957563735706029	0.0813031867853015	0.852636933241057	0.147363066758943
10	0.707106781186547	"opt_stop"	"upper"	0.86	0.87	0	0.00180320999289163	0.06685	0.0957563735706029	0.0813031867853015	0.852636933241057	0.147363066758943
10	0.707106781186547	"opt_stop"	"upper"	0.87	0.88	0	0.00177841922456745	0.06685	0.0957563735706029	0.0813031867853015	0.852636933241057	0.147363066758943
10	0.707106781186547	"opt_stop"	"upper"	0.88	0.89	0	0.00175402743814934	0.06685	0.0957563735706029	0.0813031867853015	0.852636933241057	0.147363066758943
10	0.707106781186547	"opt_stop"	"upper"	0.89	0.9	0	0.00173002969081315	0.06685	0.0957563735706029	0.0813031867853015	0.852636933241057	0.147363066758943
10	0.707106781186547	"opt_stop"	"upper"	0.9	0.91	0	0.00170642094655349	0.06685	0.0957563735706029	0.0813031867853015	0.852636933241057	0.147363066758943
10	0.707106781186547	"opt_stop"	"upper"	0.91	0.92	0	0.0016831960899174	0.06685	0.0957563735706029	0.0813031867853015	0.852636933241057	0.147363066758943
10	0.707106781186547	"opt_stop"	"upper"	0.92	0.93	0	0.00166034993882525	0.06685	0.0957563735706029	0.0813031867853015	0.852636933241057	0.147363066758943
10	0.707106781186547	"opt_stop"	"upper"	0.93	0.94	0	0.00163787725652575	0.06685	0.0957563735706029	0.0813031867853015	0.852636933241057	0.147363066758943
10	0.707106781186547	"opt_stop"	"upper"	0.94	0.95	0	0.00161577276272462	0.06685	0.0957563735706029	0.0813031867853015	0.852636933241057	0.147363066758943
10	0.707106781186547	"opt_stop"	"upper"	0.95	0.96	0	0.00159403114393153	0.06685	0.0957563735706029	0.0813031867853015	0.852636933241057	0.147363066758943
10	0.707106781186547	"opt_stop"	"upper"	0.96	0.97	0	0.00157264706306615	0.06685	0.0957563735706029	0.0813031867853015	0.852636933241057	0.147363066758943
10	0.707106781186547	"opt_stop"	"upper"	0.97	0.98	0	0.00155161516836166	0.06685	0.0957563735706029	0.0813031867853015	0.852636933241057	0.147363066758943
10	0.707106781186547	"opt_stop"	"upper"	0.98	0.99	0	0.0015309301016031	0.06685	0.0957563735706029	0.0813031867853015	0.852636933241057	0.147363066758943
10	0.707106781186547	"opt_stop"	"upper"	0.99	1	0	0.00151058650574065	0.06685	0.0957563735706029	0.0813031867853015	0.852636933241057	0.147363066758943
10	0.707106781186547	"opt_stop"	"upper"	1	2	0	0.0877398280459109	0.06685	0.0957563735706029	0.0813031867853015	0.852636933241057	0.147363066758943
10	0.707106781186547	"opt_stop"	"upper"	2	3	0	0.0344919145899214	0.06685	0.0957563735706029	0.0813031867853015	0.852636933241057	0.147363066758943
10	0.707106781186547	"opt_stop"	"lower"	0	0.01	0.9312	0.00450128151135432	0.06685	0.0875955143971894	0.0772227571985947	0.852636933241057	0.147363066758943
10	0.707106781186547	"opt_stop"	"lower"	0.01	0.02	0.91965	0.00449948195845373	0.06685	0.0875955143971894	0.0772227571985947	0.852636933241057	0.147363066758943
10	0.707106781186547	"opt_stop"	"lower"	0.02	0.03	0.90375	0.00449588716554206	0.06685	0.0875955143971894	0.0772227571985947	0.852636933241057	0.147363066758943
10	0.707106781186547	"opt_stop"	"lower"	0.03	0.04	0.8687	0.00449050573258936	0.06685	0.0875955143971894	0.0772227571985947	0.852636933241057	0.147363066758943
10	0.707106781186547	"opt_stop"	"lower"	0.04	0.05	0.8235	0.00448335049531756	0.06685	0.0875955143971894	0.0772227571985947	0.852636933241057	0.147363066758943
10	0.707106781186547	"opt_stop"	"lower"	0.05	0.06	0.77425	0.0044744384489207	0.06685	0.0875955143971894	0.0772227571985947	0.852636933241057	0.147363066758943
10	0.707106781186547	"opt_stop"	"lower"	0.06	0.07	0.70425	0.00446379064767821	0.06685	0.0875955143971894	0.0772227571985947	0.852636933241057	0.147363066758943
10	0.707106781186547	"opt_stop"	"lower"	0.07	0.08	0.64345	0.0044514320815614	0.06685	0.0875955143971894	0.0772227571985947	0.852636933241057	0.147363066758943
10	0.707106781186547	"opt_stop"	"lower"	0.08	0.09	0.56425	0.00443739153117217	0.06685	0.0875955143971894	0.0772227571985947	0.852636933241057	0.147363066758943
10	0.707106781186547	"opt_stop"	"lower"	0.09	0.1	0.49485	0.00442170140256826	0.06685	0.0875955143971894	0.0772227571985947	0.852636933241057	0.147363066758943
10	0.707106781186547	"opt_stop"	"lower"	0.1	0.11	0.42635	0.0044043975437168	0.06685	0.0875955143971894	0.0772227571985947	0.852636933241057	0.147363066758943
10	0.707106781186547	"opt_stop"	"lower"	0.11	0.12	0.35855	0.00438551904447992	0.06685	0.0875955143971894	0.0772227571985947	0.852636933241057	0.147363066758943
10	0.707106781186547	"opt_stop"	"lower"	0.12	0.13	0.29905	0.0043651080221625	0.06685	0.0875955143971894	0.0772227571985947	0.852636933241057	0.147363066758943
10	0.707106781186547	"opt_stop"	"lower"	0.13	0.14	0.2523	0.00434320939475097	0.06685	0.0875955143971894	0.0772227571985947	0.852636933241057	0.147363066758943
10	0.707106781186547	"opt_stop"	"lower"	0.14	0.15	0.20375	0.00431987064403239	0.06685	0.0875955143971894	0.0772227571985947	0.852636933241057	0.147363066758943
10	0.707106781186547	"opt_stop"	"lower"	0.15	0.16	0.1613	0.00429514157081767	0.06685	0.0875955143971894	0.0772227571985947	0.852636933241057	0.147363066758943
10	0.707106781186547	"opt_stop"	"lower"	0.16	0.17	0.12915	0.00426907404449084	0.06685	0.0875955143971894	0.0772227571985947	0.852636933241057	0.147363066758943
10	0.707106781186547	"opt_stop"	"lower"	0.17	0.18	0.10485	0.00424172174907589	0.06685	0.0875955143971894	0.0772227571985947	0.852636933241057	0.147363066758943
10	0.707106781186547	"opt_stop"	"lower"	0.18	0.19	0.07875	0.00421313992795302	0.06685	0.0875955143971894	0.0772227571985947	0.852636933241057	0.147363066758943
10	0.707106781186547	"opt_stop"	"lower"	0.19	0.2	0.06145	0.00418338512927319	0.06685	0.0875955143971894	0.0772227571985947	0.852636933241057	0.147363066758943
10	0.707106781186547	"opt_stop"	"lower"	0.2	0.21	0.0447	0.00415251495401492	0.06685	0.0875955143971894	0.0772227571985947	0.852636933241057	0.147363066758943
10	0.707106781186547	"opt_stop"	"lower"	0.21	0.22	0.03255	0.00412058780849478	0.06685	0.0875955143971894	0.0772227571985947	0.852636933241057	0.147363066758943
10	0.707106781186547	"opt_stop"	"lower"	0.22	0.23	0.02365	0.00408766266300542	0.06685	0.0875955143971894	0.0772227571985947	0.852636933241057	0.147363066758943
10	0.707106781186547	"opt_stop"	"lower"	0.23	0.24	0.0184	0.00405379881809953	0.06685	0.0875955143971894	0.0772227571985947	0.852636933241057	0.147363066758943
10	0.707106781186547	"opt_stop"	"lower"	0.24	0.25	0.0101	0.00401905567986716	0.06685	0.0875955143971894	0.0772227571985947	0.852636933241057	0.147363066758943
10	0.707106781186547	"opt_stop"	"lower"	0.25	0.26	0.00885	0.00398349254539054	0.06685	0.0875955143971894	0.0772227571985947	0.852636933241057	0.147363066758943
10	0.707106781186547	"opt_stop"	"lower"	0.26	0.27	0.00655	0.0039471683993777	0.06685	0.0875955143971894	0.0772227571985947	0.852636933241057	0.147363066758943
10	0.707106781186547	"opt_stop"	"lower"	0.27	0.28	0.00385	0.0039101417228099	0.06685	0.0875955143971894	0.0772227571985947	0.852636933241057	0.147363066758943
10	0.707106781186547	"opt_stop"	"lower"	0.28	0.29	0.00295	0.00387247031425986	0.06685	0.0875955143971894	0.0772227571985947	0.852636933241057	0.147363066758943
10	0.707106781186547	"opt_stop"	"lower"	0.29	0.3	0.0015	0.00383421112437399	0.06685	0.0875955143971894	0.0772227571985947	0.852636933241057	0.147363066758943
10	0.707106781186547	"opt_stop"	"lower"	0.3	0.31	0.001	0.00379542010385214	0.06685	0.0875955143971894	0.0772227571985947	0.852636933241057	0.147363066758943
10	0.707106781186547	"opt_stop"	"lower"	0.31	0.32	0.00075	0.0037561520651076	0.06685	0.0875955143971894	0.0772227571985947	0.852636933241057	0.147363066758943
10	0.707106781186547	"opt_stop"	"lower"	0.32	0.33	0.00075	0.0037164605576494	0.06685	0.0875955143971894	0.0772227571985947	0.852636933241057	0.147363066758943
10	0.707106781186547	"opt_stop"	"lower"	0.33	0.34	5e-04	0.00367639775710027	0.06685	0.0875955143971894	0.0772227571985947	0.852636933241057	0.147363066758943
10	0.707106781186547	"opt_stop"	"lower"	0.34	0.35	3e-04	0.00363601436764771	0.06685	0.0875955143971894	0.0772227571985947	0.852636933241057	0.147363066758943
10	0.707106781186547	"opt_stop"	"lower"	0.35	0.36	1e-04	0.00359535953762313	0.06685	0.0875955143971894	0.0772227571985947	0.852636933241057	0.147363066758943
10	0.707106781186547	"opt_stop"	"lower"	0.36	0.37	1e-04	0.00355448078780674	0.06685	0.0875955143971894	0.0772227571985947	0.852636933241057	0.147363066758943
10	0.707106781186547	"opt_stop"	"lower"	0.37	0.38	0	0.00351342395198839	0.06685	0.0875955143971894	0.0772227571985947	0.852636933241057	0.147363066758943
10	0.707106781186547	"opt_stop"	"lower"	0.38	0.39	1e-04	0.00347223312923983	0.06685	0.0875955143971894	0.0772227571985947	0.852636933241057	0.147363066758943
10	0.707106781186547	"opt_stop"	"lower"	0.39	0.4	0	0.0034309506473047	0.06685	0.0875955143971894	0.0772227571985947	0.852636933241057	0.147363066758943
10	0.707106781186547	"opt_stop"	"lower"	0.4	0.41	0	0.00338961703647089	0.06685	0.0875955143971894	0.0772227571985947	0.852636933241057	0.147363066758943
10	0.707106781186547	"opt_stop"	"lower"	0.41	0.42	5e-05	0.00334827101326107	0.06685	0.0875955143971894	0.0772227571985947	0.852636933241057	0.147363066758943
10	0.707106781186547	"opt_stop"	"lower"	0.42	0.43	0	0.00330694947325083	0.06685	0.0875955143971894	0.0772227571985947	0.852636933241057	0.147363066758943
10	0.707106781186547	"opt_stop"	"lower"	0.43	0.44	5e-05	0.00326568749231892	0.06685	0.0875955143971894	0.0772227571985947	0.852636933241057	0.147363066758943
10	0.707106781186547	"opt_stop"	"lower"	0.44	0.45	0	0.00322451833563064	0.06685	0.0875955143971894	0.0772227571985947	0.852636933241057	0.147363066758943
10	0.707106781186547	"opt_stop"	"lower"	0.45	0.46	0	0.00318347347365244	0.06685	0.0875955143971894	0.0772227571985947	0.852636933241057	0.147363066758943
10	0.707106781186547	"opt_stop"	"lower"	0.46	0.47	0	0.00314258260451983	0.06685	0.0875955143971894	0.0772227571985947	0.852636933241057	0.147363066758943
10	0.707106781186547	"opt_stop"	"lower"	0.47	0.48	0	0.00310187368208414	0.06685	0.0875955143971894	0.0772227571985947	0.852636933241057	0.147363066758943
10	0.707106781186547	"opt_stop"	"lower"	0.48	0.49	0	0.00306137294899522	0.06685	0.0875955143971894	0.0772227571985947	0.852636933241057	0.147363066758943
10	0.707106781186547	"opt_stop"	"lower"	0.49	0.5	0	0.00302110497419494	0.06685	0.0875955143971894	0.0772227571985947	0.852636933241057	0.147363066758943
10	0.707106781186547	"opt_stop"	"lower"	0.5	0.51	0	0.00298109269423352	0.06685	0.0875955143971894	0.0772227571985947	0.852636933241057	0.147363066758943
10	0.707106781186547	"opt_stop"	"lower"	0.51	0.52	0	0.00294135745783941	0.06685	0.0875955143971894	0.0772227571985947	0.852636933241057	0.147363066758943
10	0.707106781186547	"opt_stop"	"lower"	0.52	0.53	0	0.00290191907322168	0.06685	0.0875955143971894	0.0772227571985947	0.852636933241057	0.147363066758943
10	0.707106781186547	"opt_stop"	"lower"	0.53	0.54	0	0.00286279585760063	0.06685	0.0875955143971894	0.0772227571985947	0.852636933241057	0.147363066758943
10	0.707106781186547	"opt_stop"	"lower"	0.54	0.55	0	0.00282400468851374	0.06685	0.0875955143971894	0.0772227571985947	0.852636933241057	0.147363066758943
10	0.707106781186547	"opt_stop"	"lower"	0.55	0.56	0	0.00278556105646488	0.06685	0.0875955143971894	0.0772227571985947	0.852636933241057	0.147363066758943
10	0.707106781186547	"opt_stop"	"lower"	0.56	0.57	0	0.00274747911852713	0.06685	0.0875955143971894	0.0772227571985947	0.852636933241057	0.147363066758943
10	0.707106781186547	"opt_stop"	"lower"	0.57	0.58	0	0.00270977175254339	0.06685	0.0875955143971894	0.0772227571985947	0.852636933241057	0.147363066758943
10	0.707106781186547	"opt_stop"	"lower"	0.58	0.59	0	0.0026724506115946	0.06685	0.0875955143971894	0.0772227571985947	0.852636933241057	0.147363066758943
10	0.707106781186547	"opt_stop"	"lower"	0.59	0.6	0	0.00263552617844953	0.06685	0.0875955143971894	0.0772227571985947	0.852636933241057	0.147363066758943
10	0.707106781186547	"opt_stop"	"lower"	0.6	0.61	0	0.00259900781972977	0.06685	0.0875955143971894	0.0772227571985947	0.852636933241057	0.147363066758943
10	0.707106781186547	"opt_stop"	"lower"	0.61	0.62	0	0.0025629038395566	0.06685	0.0875955143971894	0.0772227571985947	0.852636933241057	0.147363066758943
10	0.707106781186547	"opt_stop"	"lower"	0.62	0.63	0	0.00252722153247886	0.06685	0.0875955143971894	0.0772227571985947	0.852636933241057	0.147363066758943
10	0.707106781186547	"opt_stop"	"lower"	0.63	0.64	0	0.00249196723549794	0.06685	0.0875955143971894	0.0772227571985947	0.852636933241057	0.147363066758943
10	0.707106781186547	"opt_stop"	"lower"	0.64	0.65	0	0.00245714637903893	0.06685	0.0875955143971894	0.0772227571985947	0.852636933241057	0.147363066758943
10	0.707106781186547	"opt_stop"	"lower"	0.65	0.66	0	0.00242276353673399	0.06685	0.0875955143971894	0.0772227571985947	0.852636933241057	0.147363066758943
10	0.707106781186547	"opt_stop"	"lower"	0.66	0.67	0	0.00238882247390815	0.06685	0.0875955143971894	0.0772227571985947	0.852636933241057	0.147363066758943
10	0.707106781186547	"opt_stop"	"lower"	0.67	0.68	0	0.00235532619467604	0.06685	0.0875955143971894	0.0772227571985947	0.852636933241057	0.147363066758943
10	0.707106781186547	"opt_stop"	"lower"	0.68	0.69	0	0.00232227698757459	0.06685	0.0875955143971894	0.0772227571985947	0.852636933241057	0.147363066758943
10	0.707106781186547	"opt_stop"	"lower"	0.69	0.7	0	0.00228967646967748	0.06685	0.0875955143971894	0.0772227571985947	0.852636933241057	0.147363066758943
10	0.707106781186547	"opt_stop"	"lower"	0.7	0.71	0	0.00225752562914328	0.06685	0.0875955143971894	0.0772227571985947	0.852636933241057	0.147363066758943
10	0.707106781186547	"opt_stop"	"lower"	0.71	0.72	0	0.00222582486617429	0.06685	0.0875955143971894	0.0772227571985947	0.852636933241057	0.147363066758943
10	0.707106781186547	"opt_stop"	"lower"	0.72	0.73	0	0.00219457403236178	0.06685	0.0875955143971894	0.0772227571985947	0.852636933241057	0.147363066758943
10	0.707106781186547	"opt_stop"	"lower"	0.73	0.74	0	0.00216377246841604	0.06685	0.0875955143971894	0.0772227571985947	0.852636933241057	0.147363066758943
10	0.707106781186547	"opt_stop"	"lower"	0.74	0.75	0	0.00213341904027875	0.06685	0.0875955143971894	0.0772227571985947	0.852636933241057	0.147363066758943
10	0.707106781186547	"opt_stop"	"lower"	0.75	0.76	0	0.00210351217363292	0.06685	0.0875955143971894	0.0772227571985947	0.852636933241057	0.147363066758943
10	0.707106781186547	"opt_stop"	"lower"	0.76	0.77	0	0.00207404988682247	0.06685	0.0875955143971894	0.0772227571985947	0.852636933241057	0.147363066758943
10	0.707106781186547	"opt_stop"	"lower"	0.77	0.78	0	0.00204502982221078	0.06685	0.0875955143971894	0.0772227571985947	0.852636933241057	0.147363066758943
10	0.707106781186547	"opt_stop"	"lower"	0.78	0.79	0	0.00201644927600275	0.06685	0.0875955143971894	0.0772227571985947	0.852636933241057	0.147363066758943
10	0.707106781186547	"opt_stop"	"lower"	0.79	0.8	0	0.00198830522656746	0.06685	0.0875955143971894	0.0772227571985947	0.852636933241057	0.147363066758943
10	0.707106781186547	"opt_stop"	"lower"	0.8	0.81	0	0.00196059436129559	0.06685	0.0875955143971894	0.0772227571985947	0.852636933241057	0.147363066758943
10	0.707106781186547	"opt_stop"	"lower"	0.81	0.82	0	0.0019333131020346	0.06685	0.0875955143971894	0.0772227571985947	0.852636933241057	0.147363066758943
10	0.707106781186547	"opt_stop"	"lower"	0.82	0.83	0	0.0019064576291441	0.06685	0.0875955143971894	0.0772227571985947	0.852636933241057	0.147363066758943
10	0.707106781186547	"opt_stop"	"lower"	0.83	0.84	0	0.00188002390421305	0.06685	0.0875955143971894	0.0772227571985947	0.852636933241057	0.147363066758943
10	0.707106781186547	"opt_stop"	"lower"	0.84	0.85	0	0.00185400769149069	0.06685	0.0875955143971894	0.0772227571985947	0.852636933241057	0.147363066758943
10	0.707106781186547	"opt_stop"	"lower"	0.85	0.86	0	0.00182840457807221	0.06685	0.0875955143971894	0.0772227571985947	0.852636933241057	0.147363066758943
10	0.707106781186547	"opt_stop"	"lower"	0.86	0.87	0	0.00180320999289163	0.06685	0.0875955143971894	0.0772227571985947	0.852636933241057	0.147363066758943
10	0.707106781186547	"opt_stop"	"lower"	0.87	0.88	0	0.00177841922456745	0.06685	0.0875955143971894	0.0772227571985947	0.852636933241057	0.147363066758943
10	0.707106781186547	"opt_stop"	"lower"	0.88	0.89	0	0.00175402743814934	0.06685	0.0875955143971894	0.0772227571985947	0.852636933241057	0.147363066758943
10	0.707106781186547	"opt_stop"	"lower"	0.89	0.9	0	0.00173002969081315	0.06685	0.0875955143971894	0.0772227571985947	0.852636933241057	0.147363066758943
10	0.707106781186547	"opt_stop"	"lower"	0.9	0.91	0	0.00170642094655349	0.06685	0.0875955143971894	0.0772227571985947	0.852636933241057	0.147363066758943
10	0.707106781186547	"opt_stop"	"lower"	0.91	0.92	0	0.0016831960899174	0.06685	0.0875955143971894	0.0772227571985947	0.852636933241057	0.147363066758943
10	0.707106781186547	"opt_stop"	"lower"	0.92	0.93	0	0.00166034993882525	0.06685	0.0875955143971894	0.0772227571985947	0.852636933241057	0.147363066758943
10	0.707106781186547	"opt_stop"	"lower"	0.93	0.94	0	0.00163787725652575	0.06685	0.0875955143971894	0.0772227571985947	0.852636933241057	0.147363066758943
10	0.707106781186547	"opt_stop"	"lower"	0.94	0.95	0	0.00161577276272462	0.06685	0.0875955143971894	0.0772227571985947	0.852636933241057	0.147363066758943
10	0.707106781186547	"opt_stop"	"lower"	0.95	0.96	0	0.00159403114393153	0.06685	0.0875955143971894	0.0772227571985947	0.852636933241057	0.147363066758943
10	0.707106781186547	"opt_stop"	"lower"	0.96	0.97	0	0.00157264706306615	0.06685	0.0875955143971894	0.0772227571985947	0.852636933241057	0.147363066758943
10	0.707106781186547	"opt_stop"	"lower"	0.97	0.98	0	0.00155161516836166	0.06685	0.0875955143971894	0.0772227571985947	0.852636933241057	0.147363066758943
10	0.707106781186547	"opt_stop"	"lower"	0.98	0.99	0	0.0015309301016031	0.06685	0.0875955143971894	0.0772227571985947	0.852636933241057	0.147363066758943
10	0.707106781186547	"opt_stop"	"lower"	0.99	1	0	0.00151058650574065	0.06685	0.0875955143971894	0.0772227571985947	0.852636933241057	0.147363066758943
10	0.707106781186547	"opt_stop"	"lower"	1	2	0	0.0877398280459109	0.06685	0.0875955143971894	0.0772227571985947	0.852636933241057	0.147363066758943
10	0.707106781186547	"opt_stop"	"lower"	2	3	0	0.0344919145899214	0.06685	0.0875955143971894	0.0772227571985947	0.852636933241057	0.147363066758943
10	0.707106781186547	"stop_avg"	"upper"	0	0.01	0.569673299090909	0.00450128151135432	0.0448036090909091	0.0996984745110133	0.0722510418009612	0.852636933241057	0.147363066758943
10	0.707106781186547	"stop_avg"	"upper"	0.01	0.02	0.566256170727273	0.00449948195845373	0.0448036090909091	0.0996984745110133	0.0722510418009612	0.852636933241057	0.147363066758943
10	0.707106781186547	"stop_avg"	"upper"	0.02	0.03	0.610999865818182	0.00449588716554206	0.0448036090909091	0.0996984745110133	0.0722510418009612	0.852636933241057	0.147363066758943
10	0.707106781186547	"stop_avg"	"upper"	0.03	0.04	0.610727119181818	0.00449050573258936	0.0448036090909091	0.0996984745110133	0.0722510418009612	0.852636933241057	0.147363066758943
10	0.707106781186547	"stop_avg"	"upper"	0.04	0.05	0.586798241181818	0.00448335049531756	0.0448036090909091	0.0996984745110133	0.0722510418009612	0.852636933241057	0.147363066758943
10	0.707106781186547	"stop_avg"	"upper"	0.05	0.06	0.540386777818182	0.0044744384489207	0.0448036090909091	0.0996984745110133	0.0722510418009612	0.852636933241057	0.147363066758943
10	0.707106781186547	"stop_avg"	"upper"	0.06	0.07	0.496222619636364	0.00446379064767821	0.0448036090909091	0.0996984745110133	0.0722510418009612	0.852636933241057	0.147363066758943
10	0.707106781186547	"stop_avg"	"upper"	0.07	0.08	0.421072079818182	0.0044514320815614	0.0448036090909091	0.0996984745110133	0.0722510418009612	0.852636933241057	0.147363066758943
10	0.707106781186547	"stop_avg"	"upper"	0.08	0.09	0.365137129181818	0.00443739153117217	0.0448036090909091	0.0996984745110133	0.0722510418009612	0.852636933241057	0.147363066758943
10	0.707106781186547	"stop_avg"	"upper"	0.09	0.1	0.309502540909091	0.00442170140256826	0.0448036090909091	0.0996984745110133	0.0722510418009612	0.852636933241057	0.147363066758943
10	0.707106781186547	"stop_avg"	"upper"	0.1	0.15	0.251046158545455	0.0218181046491426	0.0448036090909091	0.0996984745110133	0.0722510418009612	0.852636933241057	0.147363066758943
10	0.707106781186547	"stop_avg"	"upper"	0.15	0.2	0.113719079272727	0.0212024624216106	0.0448036090909091	0.0996984745110133	0.0722510418009612	0.852636933241057	0.147363066758943
10	0.707106781186547	"stop_avg"	"upper"	0.2	0.25	0.0721324436363636	0.0204336199234818	0.0448036090909091	0.0996984745110133	0.0722510418009612	0.852636933241057	0.147363066758943
10	0.707106781186547	"stop_avg"	"upper"	0.25	0.3	0.0572947256363636	0.019547484106212	0.0448036090909091	0.0996984745110133	0.0722510418009612	0.852636933241057	0.147363066758943
10	0.707106781186547	"stop_avg"	"upper"	0.3	0.35	0.0529379501818182	0.0185804448513571	0.0448036090909091	0.0996984745110133	0.0722510418009612	0.852636933241057	0.147363066758943
10	0.707106781186547	"stop_avg"	"upper"	0.35	0.4	0.0508635829090909	0.0175664480539628	0.0448036090909091	0.0996984745110133	0.0722510418009612	0.852636933241057	0.147363066758943
10	0.707106781186547	"stop_avg"	"upper"	0.4	0.45	0.0519151294545455	0.0165350433509324	0.0448036090909091	0.0996984745110133	0.0722510418009612	0.852636933241057	0.147363066758943
10	0.707106781186547	"stop_avg"	"upper"	0.45	0.5	0.0509497232727273	0.0155104076834466	0.0448036090909091	0.0996984745110133	0.0722510418009612	0.852636933241057	0.147363066758943
10	0.707106781186547	"stop_avg"	"upper"	0.5	0.55	0.0502519734545455	0.014511169771409	0.0448036090909091	0.0996984745110133	0.0722510418009612	0.852636933241057	0.147363066758943
10	0.707106781186547	"stop_avg"	"upper"	0.55	0.6	0.0501889090909091	0.0135507887175795	0.0448036090909091	0.0996984745110133	0.0722510418009612	0.852636933241057	0.147363066758943
10	0.707106781186547	"stop_avg"	"upper"	0.6	0.65	0.0499879909090909	0.0126382468063021	0.0448036090909091	0.0996984745110133	0.0722510418009612	0.852636933241057	0.147363066758943
10	0.707106781186547	"stop_avg"	"upper"	0.65	0.7	0.0502100378181818	0.0117788656625702	0.0448036090909091	0.0996984745110133	0.0722510418009612	0.852636933241057	0.147363066758943
10	0.707106781186547	"stop_avg"	"upper"	0.7	0.75	0.0498105817272727	0.0109751160363741	0.0448036090909091	0.0996984745110133	0.0722510418009612	0.852636933241057	0.147363066758943
10	0.707106781186547	"stop_avg"	"upper"	0.75	0.8	0.0492086870909091	0.0102273463852364	0.0448036090909091	0.0996984745110133	0.0722510418009612	0.852636933241057	0.147363066758943
10	0.707106781186547	"stop_avg"	"upper"	0.8	0.85	0.0494016792727273	0.00953439668817802	0.0448036090909091	0.0996984745110133	0.0722510418009612	0.852636933241057	0.147363066758943
10	0.707106781186547	"stop_avg"	"upper"	0.85	0.9	0.0491986240909091	0.00889409092449378	0.0448036090909091	0.0996984745110133	0.0722510418009612	0.852636933241057	0.147363066758943
10	0.707106781186547	"stop_avg"	"upper"	0.9	0.95	0.048727488	0.00830361699454651	0.0448036090909091	0.0996984745110133	0.0722510418009612	0.852636933241057	0.147363066758943
10	0.707106781186547	"stop_avg"	"upper"	0.95	1	0.0494443736363636	0.00775980998270309	0.0448036090909091	0.0996984745110133	0.0722510418009612	0.852636933241057	0.147363066758943
10	0.707106781186547	"stop_avg"	"upper"	1	2	0.0498220529090909	0.0877398280459109	0.0448036090909091	0.0996984745110133	0.0722510418009612	0.852636933241057	0.147363066758943
10	0.707106781186547	"stop_avg"	"upper"	2	3	0.0350800690909091	0.0344919145899214	0.0448036090909091	0.0996984745110133	0.0722510418009612	0.852636933241057	0.147363066758943
10	0.707106781186547	"stop_avg"	"lower"	0	0.01	0.566256170727273	0.00450128151135432	0.0448036090909091	0.0809249196482783	0.0628642643695937	0.852636933241057	0.147363066758943
10	0.707106781186547	"stop_avg"	"lower"	0.01	0.02	0.610999865818182	0.00449948195845373	0.0448036090909091	0.0809249196482783	0.0628642643695937	0.852636933241057	0.147363066758943
10	0.707106781186547	"stop_avg"	"lower"	0.02	0.03	0.610727119181818	0.00449588716554206	0.0448036090909091	0.0809249196482783	0.0628642643695937	0.852636933241057	0.147363066758943
10	0.707106781186547	"stop_avg"	"lower"	0.03	0.04	0.586798241181818	0.00449050573258936	0.0448036090909091	0.0809249196482783	0.0628642643695937	0.852636933241057	0.147363066758943
10	0.707106781186547	"stop_avg"	"lower"	0.04	0.05	0.540386777818182	0.00448335049531756	0.0448036090909091	0.0809249196482783	0.0628642643695937	0.852636933241057	0.147363066758943
10	0.707106781186547	"stop_avg"	"lower"	0.05	0.06	0.496222619636364	0.0044744384489207	0.0448036090909091	0.0809249196482783	0.0628642643695937	0.852636933241057	0.147363066758943
10	0.707106781186547	"stop_avg"	"lower"	0.06	0.07	0.421072079818182	0.00446379064767821	0.0448036090909091	0.0809249196482783	0.0628642643695937	0.852636933241057	0.147363066758943
10	0.707106781186547	"stop_avg"	"lower"	0.07	0.08	0.365137129181818	0.0044514320815614	0.0448036090909091	0.0809249196482783	0.0628642643695937	0.852636933241057	0.147363066758943
10	0.707106781186547	"stop_avg"	"lower"	0.08	0.09	0.309502540909091	0.00443739153117217	0.0448036090909091	0.0809249196482783	0.0628642643695937	0.852636933241057	0.147363066758943
10	0.707106781186547	"stop_avg"	"lower"	0.09	0.1	0.251046158545455	0.00442170140256826	0.0448036090909091	0.0809249196482783	0.0628642643695937	0.852636933241057	0.147363066758943
10	0.707106781186547	"stop_avg"	"lower"	0.1	0.15	0.113719079272727	0.0218181046491426	0.0448036090909091	0.0809249196482783	0.0628642643695937	0.852636933241057	0.147363066758943
10	0.707106781186547	"stop_avg"	"lower"	0.15	0.2	0.0721324436363636	0.0212024624216106	0.0448036090909091	0.0809249196482783	0.0628642643695937	0.852636933241057	0.147363066758943
10	0.707106781186547	"stop_avg"	"lower"	0.2	0.25	0.0572947256363636	0.0204336199234818	0.0448036090909091	0.0809249196482783	0.0628642643695937	0.852636933241057	0.147363066758943
10	0.707106781186547	"stop_avg"	"lower"	0.25	0.3	0.0529379501818182	0.019547484106212	0.0448036090909091	0.0809249196482783	0.0628642643695937	0.852636933241057	0.147363066758943
10	0.707106781186547	"stop_avg"	"lower"	0.3	0.35	0.0508635829090909	0.0185804448513571	0.0448036090909091	0.0809249196482783	0.0628642643695937	0.852636933241057	0.147363066758943
10	0.707106781186547	"stop_avg"	"lower"	0.35	0.4	0.0519151294545455	0.0175664480539628	0.0448036090909091	0.0809249196482783	0.0628642643695937	0.852636933241057	0.147363066758943
10	0.707106781186547	"stop_avg"	"lower"	0.4	0.45	0.0509497232727273	0.0165350433509324	0.0448036090909091	0.0809249196482783	0.0628642643695937	0.852636933241057	0.147363066758943
10	0.707106781186547	"stop_avg"	"lower"	0.45	0.5	0.0502519734545455	0.0155104076834466	0.0448036090909091	0.0809249196482783	0.0628642643695937	0.852636933241057	0.147363066758943
10	0.707106781186547	"stop_avg"	"lower"	0.5	0.55	0.0501889090909091	0.014511169771409	0.0448036090909091	0.0809249196482783	0.0628642643695937	0.852636933241057	0.147363066758943
10	0.707106781186547	"stop_avg"	"lower"	0.55	0.6	0.0499879909090909	0.0135507887175795	0.0448036090909091	0.0809249196482783	0.0628642643695937	0.852636933241057	0.147363066758943
10	0.707106781186547	"stop_avg"	"lower"	0.6	0.65	0.0502100378181818	0.0126382468063021	0.0448036090909091	0.0809249196482783	0.0628642643695937	0.852636933241057	0.147363066758943
10	0.707106781186547	"stop_avg"	"lower"	0.65	0.7	0.0498105817272727	0.0117788656625702	0.0448036090909091	0.0809249196482783	0.0628642643695937	0.852636933241057	0.147363066758943
10	0.707106781186547	"stop_avg"	"lower"	0.7	0.75	0.0492086870909091	0.0109751160363741	0.0448036090909091	0.0809249196482783	0.0628642643695937	0.852636933241057	0.147363066758943
10	0.707106781186547	"stop_avg"	"lower"	0.75	0.8	0.0494016792727273	0.0102273463852364	0.0448036090909091	0.0809249196482783	0.0628642643695937	0.852636933241057	0.147363066758943
10	0.707106781186547	"stop_avg"	"lower"	0.8	0.85	0.0491986240909091	0.00953439668817802	0.0448036090909091	0.0809249196482783	0.0628642643695937	0.852636933241057	0.147363066758943
10	0.707106781186547	"stop_avg"	"lower"	0.85	0.9	0.048727488	0.00889409092449378	0.0448036090909091	0.0809249196482783	0.0628642643695937	0.852636933241057	0.147363066758943
10	0.707106781186547	"stop_avg"	"lower"	0.9	0.95	0.0494443736363636	0.00830361699454651	0.0448036090909091	0.0809249196482783	0.0628642643695937	0.852636933241057	0.147363066758943
10	0.707106781186547	"stop_avg"	"lower"	0.95	1	0.0498220529090909	0.00775980998270309	0.0448036090909091	0.0809249196482783	0.0628642643695937	0.852636933241057	0.147363066758943
10	0.707106781186547	"stop_avg"	"lower"	1	2	0.0350800690909091	0.0877398280459109	0.0448036090909091	0.0809249196482783	0.0628642643695937	0.852636933241057	0.147363066758943
10	0.707106781186547	"stop_avg"	"lower"	2	3	0.02920524	0.0344919145899214	0.0448036090909091	0.0809249196482783	0.0628642643695937	0.852636933241057	0.147363066758943
10	0.707106781186547	"same_dist"	"upper"	0	0.01	0.404003881090909	0.00450128151135432	0.0610898450909091	0.0827657503527301	0.0719277977218196	0.852636933241057	0.147363066758943
10	0.707106781186547	"same_dist"	"upper"	0.01	0.02	0.398121772454545	0.00449948195845373	0.0610898450909091	0.0827657503527301	0.0719277977218196	0.852636933241057	0.147363066758943
10	0.707106781186547	"same_dist"	"upper"	0.02	0.03	0.391023941363636	0.00449588716554206	0.0610898450909091	0.0827657503527301	0.0719277977218196	0.852636933241057	0.147363066758943
10	0.707106781186547	"same_dist"	"upper"	0.03	0.04	0.378789135181818	0.00449050573258936	0.0610898450909091	0.0827657503527301	0.0719277977218196	0.852636933241057	0.147363066758943
10	0.707106781186547	"same_dist"	"upper"	0.04	0.05	0.359748223090909	0.00448335049531756	0.0610898450909091	0.0827657503527301	0.0719277977218196	0.852636933241057	0.147363066758943
10	0.707106781186547	"same_dist"	"upper"	0.05	0.06	0.335049539454545	0.0044744384489207	0.0610898450909091	0.0827657503527301	0.0719277977218196	0.852636933241057	0.147363066758943
10	0.707106781186547	"same_dist"	"upper"	0.06	0.07	0.310876108727273	0.00446379064767821	0.0610898450909091	0.0827657503527301	0.0719277977218196	0.852636933241057	0.147363066758943
10	0.707106781186547	"same_dist"	"upper"	0.07	0.08	0.274319753090909	0.0044514320815614	0.0610898450909091	0.0827657503527301	0.0719277977218196	0.852636933241057	0.147363066758943
10	0.707106781186547	"same_dist"	"upper"	0.08	0.09	0.245488761090909	0.00443739153117217	0.0610898450909091	0.0827657503527301	0.0719277977218196	0.852636933241057	0.147363066758943
10	0.707106781186547	"same_dist"	"upper"	0.09	0.1	0.215510671636364	0.00442170140256826	0.0610898450909091	0.0827657503527301	0.0719277977218196	0.852636933241057	0.147363066758943
10	0.707106781186547	"same_dist"	"upper"	0.1	0.15	0.187260708772727	0.0218181046491426	0.0610898450909091	0.0827657503527301	0.0719277977218196	0.852636933241057	0.147363066758943
10	0.707106781186547	"same_dist"	"upper"	0.15	0.2	0.0972465212727273	0.0212024624216106	0.0610898450909091	0.0827657503527301	0.0719277977218196	0.852636933241057	0.147363066758943
10	0.707106781186547	"same_dist"	"upper"	0.2	0.25	0.065277107	0.0204336199234818	0.0610898450909091	0.0827657503527301	0.0719277977218196	0.852636933241057	0.147363066758943
10	0.707106781186547	"same_dist"	"upper"	0.25	0.3	0.0570491684545454	0.019547484106212	0.0610898450909091	0.0827657503527301	0.0719277977218196	0.852636933241057	0.147363066758943
10	0.707106781186547	"same_dist"	"upper"	0.3	0.35	0.0553112102727273	0.0185804448513571	0.0610898450909091	0.0827657503527301	0.0719277977218196	0.852636933241057	0.147363066758943
10	0.707106781186547	"same_dist"	"upper"	0.35	0.4	0.0545241647272727	0.0175664480539628	0.0610898450909091	0.0827657503527301	0.0719277977218196	0.852636933241057	0.147363066758943
10	0.707106781186547	"same_dist"	"upper"	0.4	0.45	0.0546684898181818	0.0165350433509324	0.0610898450909091	0.0827657503527301	0.0719277977218196	0.852636933241057	0.147363066758943
10	0.707106781186547	"same_dist"	"upper"	0.45	0.5	0.0543063705454545	0.0155104076834466	0.0610898450909091	0.0827657503527301	0.0719277977218196	0.852636933241057	0.147363066758943
10	0.707106781186547	"same_dist"	"upper"	0.5	0.55	0.0535611214545455	0.014511169771409	0.0610898450909091	0.0827657503527301	0.0719277977218196	0.852636933241057	0.147363066758943
10	0.707106781186547	"same_dist"	"upper"	0.55	0.6	0.0537543905454545	0.0135507887175795	0.0610898450909091	0.0827657503527301	0.0719277977218196	0.852636933241057	0.147363066758943
10	0.707106781186547	"same_dist"	"upper"	0.6	0.65	0.053540473	0.0126382468063021	0.0610898450909091	0.0827657503527301	0.0719277977218196	0.852636933241057	0.147363066758943
10	0.707106781186547	"same_dist"	"upper"	0.65	0.7	0.0532610680909091	0.0117788656625702	0.0610898450909091	0.0827657503527301	0.0719277977218196	0.852636933241057	0.147363066758943
10	0.707106781186547	"same_dist"	"upper"	0.7	0.75	0.0531452828181818	0.0109751160363741	0.0610898450909091	0.0827657503527301	0.0719277977218196	0.852636933241057	0.147363066758943
10	0.707106781186547	"same_dist"	"upper"	0.75	0.8	0.0526324190909091	0.0102273463852364	0.0610898450909091	0.0827657503527301	0.0719277977218196	0.852636933241057	0.147363066758943
10	0.707106781186547	"same_dist"	"upper"	0.8	0.85	0.052439534	0.00953439668817802	0.0610898450909091	0.0827657503527301	0.0719277977218196	0.852636933241057	0.147363066758943
10	0.707106781186547	"same_dist"	"upper"	0.85	0.9	0.0522729079090909	0.00889409092449378	0.0610898450909091	0.0827657503527301	0.0719277977218196	0.852636933241057	0.147363066758943
10	0.707106781186547	"same_dist"	"upper"	0.9	0.95	0.0519668474545455	0.00830361699454651	0.0610898450909091	0.0827657503527301	0.0719277977218196	0.852636933241057	0.147363066758943
10	0.707106781186547	"same_dist"	"upper"	0.95	1	0.052747177	0.00775980998270309	0.0610898450909091	0.0827657503527301	0.0719277977218196	0.852636933241057	0.147363066758943
10	0.707106781186547	"same_dist"	"upper"	1	2	0.0526064031818182	0.0877398280459109	0.0610898450909091	0.0827657503527301	0.0719277977218196	0.852636933241057	0.147363066758943
10	0.707106781186547	"same_dist"	"upper"	2	3	0.0403325156471155	0.0344919145899214	0.0610898450909091	0.0827657503527301	0.0719277977218196	0.852636933241057	0.147363066758943
10	0.707106781186547	"same_dist"	"lower"	0	0.01	0.398121772454545	0.00450128151135432	0.0610898450909091	0.0674881448617203	0.0642889949763147	0.852636933241057	0.147363066758943
10	0.707106781186547	"same_dist"	"lower"	0.01	0.02	0.391023941363636	0.00449948195845373	0.0610898450909091	0.0674881448617203	0.0642889949763147	0.852636933241057	0.147363066758943
10	0.707106781186547	"same_dist"	"lower"	0.02	0.03	0.378789135181818	0.00449588716554206	0.0610898450909091	0.0674881448617203	0.0642889949763147	0.852636933241057	0.147363066758943
10	0.707106781186547	"same_dist"	"lower"	0.03	0.04	0.359748223090909	0.00449050573258936	0.0610898450909091	0.0674881448617203	0.0642889949763147	0.852636933241057	0.147363066758943
10	0.707106781186547	"same_dist"	"lower"	0.04	0.05	0.335049539454545	0.00448335049531756	0.0610898450909091	0.0674881448617203	0.0642889949763147	0.852636933241057	0.147363066758943
10	0.707106781186547	"same_dist"	"lower"	0.05	0.06	0.310876108727273	0.0044744384489207	0.0610898450909091	0.0674881448617203	0.0642889949763147	0.852636933241057	0.147363066758943
10	0.707106781186547	"same_dist"	"lower"	0.06	0.07	0.274319753090909	0.00446379064767821	0.0610898450909091	0.0674881448617203	0.0642889949763147	0.852636933241057	0.147363066758943
10	0.707106781186547	"same_dist"	"lower"	0.07	0.08	0.245488761090909	0.0044514320815614	0.0610898450909091	0.0674881448617203	0.0642889949763147	0.852636933241057	0.147363066758943
10	0.707106781186547	"same_dist"	"lower"	0.08	0.09	0.215510671636364	0.00443739153117217	0.0610898450909091	0.0674881448617203	0.0642889949763147	0.852636933241057	0.147363066758943
10	0.707106781186547	"same_dist"	"lower"	0.09	0.1	0.187260708772727	0.00442170140256826	0.0610898450909091	0.0674881448617203	0.0642889949763147	0.852636933241057	0.147363066758943
10	0.707106781186547	"same_dist"	"lower"	0.1	0.15	0.0972465212727273	0.0218181046491426	0.0610898450909091	0.0674881448617203	0.0642889949763147	0.852636933241057	0.147363066758943
10	0.707106781186547	"same_dist"	"lower"	0.15	0.2	0.065277107	0.0212024624216106	0.0610898450909091	0.0674881448617203	0.0642889949763147	0.852636933241057	0.147363066758943
10	0.707106781186547	"same_dist"	"lower"	0.2	0.25	0.0570491684545455	0.0204336199234818	0.0610898450909091	0.0674881448617203	0.0642889949763147	0.852636933241057	0.147363066758943
10	0.707106781186547	"same_dist"	"lower"	0.25	0.3	0.0553112102727273	0.019547484106212	0.0610898450909091	0.0674881448617203	0.0642889949763147	0.852636933241057	0.147363066758943
10	0.707106781186547	"same_dist"	"lower"	0.3	0.35	0.0545241647272727	0.0185804448513571	0.0610898450909091	0.0674881448617203	0.0642889949763147	0.852636933241057	0.147363066758943
10	0.707106781186547	"same_dist"	"lower"	0.35	0.4	0.0546684898181818	0.0175664480539628	0.0610898450909091	0.0674881448617203	0.0642889949763147	0.852636933241057	0.147363066758943
10	0.707106781186547	"same_dist"	"lower"	0.4	0.45	0.0543063705454545	0.0165350433509324	0.0610898450909091	0.0674881448617203	0.0642889949763147	0.852636933241057	0.147363066758943
10	0.707106781186547	"same_dist"	"lower"	0.45	0.5	0.0535611214545455	0.0155104076834466	0.0610898450909091	0.0674881448617203	0.0642889949763147	0.852636933241057	0.147363066758943
10	0.707106781186547	"same_dist"	"lower"	0.5	0.55	0.0537543905454545	0.014511169771409	0.0610898450909091	0.0674881448617203	0.0642889949763147	0.852636933241057	0.147363066758943
10	0.707106781186547	"same_dist"	"lower"	0.55	0.6	0.053540473	0.0135507887175795	0.0610898450909091	0.0674881448617203	0.0642889949763147	0.852636933241057	0.147363066758943
10	0.707106781186547	"same_dist"	"lower"	0.6	0.65	0.0532610680909091	0.0126382468063021	0.0610898450909091	0.0674881448617203	0.0642889949763147	0.852636933241057	0.147363066758943
10	0.707106781186547	"same_dist"	"lower"	0.65	0.7	0.0531452828181818	0.0117788656625702	0.0610898450909091	0.0674881448617203	0.0642889949763147	0.852636933241057	0.147363066758943
10	0.707106781186547	"same_dist"	"lower"	0.7	0.75	0.0526324190909091	0.0109751160363741	0.0610898450909091	0.0674881448617203	0.0642889949763147	0.852636933241057	0.147363066758943
10	0.707106781186547	"same_dist"	"lower"	0.75	0.8	0.052439534	0.0102273463852364	0.0610898450909091	0.0674881448617203	0.0642889949763147	0.852636933241057	0.147363066758943
10	0.707106781186547	"same_dist"	"lower"	0.8	0.85	0.0522729079090909	0.00953439668817802	0.0610898450909091	0.0674881448617203	0.0642889949763147	0.852636933241057	0.147363066758943
10	0.707106781186547	"same_dist"	"lower"	0.85	0.9	0.0519668474545455	0.00889409092449378	0.0610898450909091	0.0674881448617203	0.0642889949763147	0.852636933241057	0.147363066758943
10	0.707106781186547	"same_dist"	"lower"	0.9	0.95	0.052747177	0.00830361699454651	0.0610898450909091	0.0674881448617203	0.0642889949763147	0.852636933241057	0.147363066758943
10	0.707106781186547	"same_dist"	"lower"	0.95	1	0.0526064031818182	0.00775980998270309	0.0610898450909091	0.0674881448617203	0.0642889949763147	0.852636933241057	0.147363066758943
10	0.707106781186547	"same_dist"	"lower"	1	2	0.0403325156471155	0.0877398280459109	0.0610898450909091	0.0674881448617203	0.0642889949763147	0.852636933241057	0.147363066758943
10	0.707106781186547	"same_dist"	"lower"	2	3	0.0336429698454236	0.0344919145899214	0.0610898450909091	0.0674881448617203	0.0642889949763147	0.852636933241057	0.147363066758943
