"trueDelta"	"eCrit_upper"	"eCrit_lower"	"n"	"n_reps"	"h1_n"	"h0_n"	"ind_n"	"h1_prob"	"h0_prob"	"ind_prob"
0	20	0.05	2	500	0	0	500	0	0	1
0	20	0.05	3	500	0	0	500	0	0	1
0	20	0.05	4	500	0	0	500	0	0	1
0	20	0.05	5	500	0	0	500	0	0	1
0	20	0.05	6	500	0	0	500	0	0	1
0	20	0.05	7	500	0	2	498	0	0.004	0.996
0	20	0.05	8	500	0	6	494	0	0.012	0.988
0	20	0.05	9	500	0	17	483	0	0.034	0.966
0	20	0.05	10	500	0	24	476	0	0.048	0.952
0	20	0.05	11	500	0	34	466	0	0.068	0.932
0	20	0.05	12	500	1	46	453	0.002	0.092	0.906
0	20	0.05	13	500	1	52	447	0.002	0.104	0.894
0	20	0.05	14	500	2	62	436	0.004	0.124	0.872
0	20	0.05	15	500	2	73	425	0.004	0.146	0.85
0	20	0.05	16	500	1	78	421	0.002	0.156	0.842
0	20	0.05	17	500	0	112	388	0	0.224	0.776
0	20	0.05	18	500	2	94	404	0.004	0.188	0.808
0	20	0.05	19	500	3	106	391	0.006	0.212	0.782
0	20	0.05	20	500	1	125	374	0.002	0.25	0.748
0	20	0.05	21	500	4	125	371	0.008	0.25	0.742
0	20	0.05	22	500	3	146	351	0.006	0.292	0.702
0	20	0.05	23	500	5	164	331	0.01	0.328	0.662
0	20	0.05	24	500	2	178	320	0.004	0.356	0.64
0	20	0.05	25	500	1	198	301	0.002	0.396	0.602
0	20	0.05	26	500	5	180	315	0.01	0.36	0.63
0	20	0.05	27	500	3	190	307	0.006	0.38	0.614
0	20	0.05	28	500	0	201	299	0	0.402	0.598
0	20	0.05	29	500	5	208	287	0.01	0.416	0.574
0	20	0.05	30	500	5	226	269	0.01	0.452	0.538
0	20	0.05	31	500	5	240	255	0.01	0.48	0.51
0	20	0.05	32	500	6	254	240	0.012	0.508	0.48
0	20	0.05	33	500	4	230	266	0.008	0.46	0.532
0	20	0.05	34	500	4	255	241	0.008	0.51	0.482
0	20	0.05	35	500	3	274	223	0.006	0.548	0.446
0	20	0.05	36	500	4	272	224	0.008	0.544	0.448
0	20	0.05	37	500	3	274	223	0.006	0.548	0.446
0	20	0.05	38	500	4	291	205	0.008	0.582	0.41
0	20	0.05	39	500	1	303	196	0.002	0.606	0.392
0	20	0.05	40	500	2	304	194	0.004	0.608	0.388
0	20	0.05	41	500	2	312	186	0.004	0.624	0.372
0	20	0.05	42	500	5	310	185	0.01	0.62	0.37
0	20	0.05	43	500	2	301	197	0.004	0.602	0.394
0	20	0.05	44	500	6	314	180	0.012	0.628	0.36
0	20	0.05	45	500	4	331	165	0.008	0.662	0.33
0	20	0.05	46	500	5	333	162	0.01	0.666	0.324
0	20	0.05	47	500	0	329	171	0	0.658	0.342
0	20	0.05	48	500	3	340	157	0.006	0.68	0.314
0	20	0.05	49	500	7	332	161	0.014	0.664	0.322
0	20	0.05	50	500	5	336	159	0.01	0.672	0.318
0	20	0.05	51	500	2	358	140	0.004	0.716	0.28
0	20	0.05	52	500	2	347	151	0.004	0.694	0.302
0	20	0.05	53	500	1	385	114	0.002	0.77	0.228
0	20	0.05	54	500	4	364	132	0.008	0.728	0.264
0	20	0.05	55	500	2	363	135	0.004	0.726	0.27
0	20	0.05	56	500	3	360	137	0.006	0.72	0.274
0	20	0.05	57	500	7	347	146	0.014	0.694	0.292
0	20	0.05	58	500	2	386	112	0.004	0.772	0.224
0	20	0.05	59	500	4	385	111	0.008	0.77	0.222
0	20	0.05	60	500	3	388	109	0.006	0.776	0.218
0	20	0.05	61	500	3	381	116	0.006	0.762	0.232
0	20	0.05	62	500	2	392	106	0.004	0.784	0.212
0	20	0.05	63	500	2	384	114	0.004	0.768	0.228
0	20	0.05	64	500	3	399	98	0.006	0.798	0.196
0	20	0.05	65	500	1	407	92	0.002	0.814	0.184
0	20	0.05	66	500	2	398	100	0.004	0.796	0.2
0	20	0.05	67	500	5	410	85	0.01	0.82	0.17
0	20	0.05	68	500	4	405	91	0.008	0.81	0.182
0	20	0.05	69	500	1	410	89	0.002	0.82	0.178
0	20	0.05	70	500	1	413	86	0.002	0.826	0.172
0	20	0.05	71	500	1	419	80	0.002	0.838	0.16
0	20	0.05	72	500	3	411	86	0.006	0.822	0.172
0	20	0.05	73	500	2	420	78	0.004	0.84	0.156
0	20	0.05	74	500	3	426	71	0.006	0.852	0.142
0	20	0.05	75	500	0	414	86	0	0.828	0.172
0	20	0.05	76	500	5	426	69	0.01	0.852	0.138
0	20	0.05	77	500	4	429	67	0.008	0.858	0.134
0	20	0.05	78	500	2	432	66	0.004	0.864	0.132
0	20	0.05	79	500	2	442	56	0.004	0.884	0.112
0	20	0.05	80	500	1	425	74	0.002	0.85	0.148
0	20	0.05	81	500	2	432	66	0.004	0.864	0.132
0	20	0.05	82	500	1	446	53	0.002	0.892	0.106
0	20	0.05	83	500	1	447	52	0.002	0.894	0.104
0	20	0.05	84	500	4	431	65	0.008	0.862	0.13
0	20	0.05	85	500	1	440	59	0.002	0.88	0.118
0	20	0.05	86	500	2	441	57	0.004	0.882	0.114
0	20	0.05	87	500	4	443	53	0.008	0.886	0.106
0	20	0.05	88	500	0	451	49	0	0.902	0.098
0	20	0.05	89	500	3	453	44	0.006	0.906	0.088
0	20	0.05	90	500	2	448	50	0.004	0.896	0.1
0	20	0.05	91	500	0	450	50	0	0.9	0.1
0	20	0.05	92	500	1	448	51	0.002	0.896	0.102
0	20	0.05	93	500	4	456	40	0.008	0.912	0.08
0	20	0.05	94	500	1	465	34	0.002	0.93	0.068
0	20	0.05	95	500	1	445	54	0.002	0.89	0.108
0	20	0.05	96	500	0	452	48	0	0.904	0.096
0	20	0.05	97	500	0	449	51	0	0.898	0.102
0	20	0.05	98	500	3	452	45	0.006	0.904	0.09
0	20	0.05	99	500	3	443	54	0.006	0.886	0.108
0	20	0.05	100	500	1	464	35	0.002	0.928	0.07
0	20	0.05	101	500	1	455	44	0.002	0.91	0.088
0	20	0.05	102	500	2	461	37	0.004	0.922	0.074
0	20	0.05	103	500	5	451	44	0.01	0.902	0.088
0	20	0.05	104	500	1	460	39	0.002	0.92	0.078
0	20	0.05	105	500	2	462	36	0.004	0.924	0.072
0	20	0.05	106	500	0	461	39	0	0.922	0.078
0	20	0.05	107	500	2	463	35	0.004	0.926	0.07
0	20	0.05	108	500	0	460	40	0	0.92	0.08
0	20	0.05	109	500	1	468	31	0.002	0.936	0.062
0	20	0.05	110	500	1	464	35	0.002	0.928	0.07
0	20	0.05	111	500	0	473	27	0	0.946	0.054
0	20	0.05	112	500	1	475	24	0.002	0.95	0.048
0	20	0.05	113	500	1	458	41	0.002	0.916	0.082
0	20	0.05	114	500	1	469	30	0.002	0.938	0.06
0	20	0.05	115	500	3	471	26	0.006	0.942	0.052
0	20	0.05	116	500	2	473	25	0.004	0.946	0.05
0	20	0.05	117	500	4	477	19	0.008	0.954	0.038
0	20	0.05	118	500	0	478	22	0	0.956	0.044
0	20	0.05	119	500	4	472	24	0.008	0.944	0.048
0	20	0.05	120	500	0	477	23	0	0.954	0.046
0	20	0.05	121	500	2	474	24	0.004	0.948	0.048
0	20	0.05	122	500	0	472	28	0	0.944	0.056
0	20	0.05	123	500	1	476	23	0.002	0.952	0.046
0	20	0.05	124	500	0	481	19	0	0.962	0.038
0	20	0.05	125	500	0	465	35	0	0.93	0.07
0	20	0.05	126	500	1	484	15	0.002	0.968	0.03
0	20	0.05	127	500	1	475	24	0.002	0.95	0.048
0	20	0.05	128	500	0	478	22	0	0.956	0.044
0	20	0.05	129	500	1	484	15	0.002	0.968	0.03
0	20	0.05	130	500	0	484	16	0	0.968	0.032
0	20	0.05	131	500	3	484	13	0.006	0.968	0.026
0	20	0.05	132	500	2	477	21	0.004	0.954	0.042
0	20	0.05	133	500	0	489	11	0	0.978	0.022
0	20	0.05	134	500	0	484	16	0	0.968	0.032
0	20	0.05	135	500	0	493	7	0	0.986	0.014
0	20	0.05	136	500	1	483	16	0.002	0.966	0.032
0	20	0.05	137	500	1	479	20	0.002	0.958	0.04
0	20	0.05	138	500	0	487	13	0	0.974	0.026
0	20	0.05	139	500	2	485	13	0.004	0.97	0.026
0	20	0.05	140	500	0	484	16	0	0.968	0.032
0	20	0.05	141	500	0	488	12	0	0.976	0.024
0	20	0.05	142	500	1	489	10	0.002	0.978	0.02
0	20	0.05	143	500	4	484	12	0.008	0.968	0.024
0	20	0.05	144	500	1	490	9	0.002	0.98	0.018
0	20	0.05	145	500	0	490	10	0	0.98	0.02
0	20	0.05	146	500	1	483	16	0.002	0.966	0.032
0	20	0.05	147	500	0	490	10	0	0.98	0.02
0	20	0.05	148	500	0	492	8	0	0.984	0.016
0	20	0.05	149	500	1	494	5	0.002	0.988	0.01
0	20	0.05	150	500	0	488	12	0	0.976	0.024
0	20	0.05	151	500	0	487	13	0	0.974	0.026
0	20	0.05	152	500	0	482	18	0	0.964	0.036
0	20	0.05	153	500	1	493	6	0.002	0.986	0.012
0	20	0.05	154	500	1	485	14	0.002	0.97	0.028
0	20	0.05	155	500	0	489	11	0	0.978	0.022
0	20	0.05	156	500	1	486	13	0.002	0.972	0.026
0	20	0.05	157	500	1	492	7	0.002	0.984	0.014
0	20	0.05	158	500	3	489	8	0.006	0.978	0.016
0	20	0.05	159	500	0	495	5	0	0.99	0.01
0	20	0.05	160	500	0	487	13	0	0.974	0.026
0	20	0.05	161	500	0	491	9	0	0.982	0.018
0	20	0.05	162	500	0	489	11	0	0.978	0.022
0	20	0.05	163	500	1	491	8	0.002	0.982	0.016
0	20	0.05	164	500	0	495	5	0	0.99	0.01
0	20	0.05	165	500	1	491	8	0.002	0.982	0.016
0	20	0.05	166	500	0	485	15	0	0.97	0.03
0	20	0.05	167	500	0	488	12	0	0.976	0.024
0	20	0.05	168	500	0	489	11	0	0.978	0.022
0	20	0.05	169	500	1	496	3	0.002	0.992	0.006
0	20	0.05	170	500	0	495	5	0	0.99	0.01
0	20	0.05	171	500	0	494	6	0	0.988	0.012
0	20	0.05	172	500	0	496	4	0	0.992	0.008
0	20	0.05	173	500	0	496	4	0	0.992	0.008
0	20	0.05	174	500	0	490	10	0	0.98	0.02
0	20	0.05	175	500	0	495	5	0	0.99	0.01
0	20	0.05	176	500	1	493	6	0.002	0.986	0.012
0	20	0.05	177	500	0	498	2	0	0.996	0.004
0	20	0.05	178	500	0	498	2	0	0.996	0.004
0	20	0.05	179	500	0	496	4	0	0.992	0.008
0	20	0.05	180	500	0	497	3	0	0.994	0.006
0	20	0.05	181	500	0	493	7	0	0.986	0.014
0	20	0.05	182	500	1	493	6	0.002	0.986	0.012
0	20	0.05	183	500	0	495	5	0	0.99	0.01
0	20	0.05	184	500	0	495	5	0	0.99	0.01
0	20	0.05	185	500	0	495	5	0	0.99	0.01
0	20	0.05	186	500	1	491	8	0.002	0.982	0.016
0	20	0.05	187	500	0	494	6	0	0.988	0.012
0	20	0.05	188	500	0	496	4	0	0.992	0.008
0	20	0.05	189	500	0	497	3	0	0.994	0.006
0	20	0.05	190	500	0	494	6	0	0.988	0.012
0	20	0.05	191	500	0	497	3	0	0.994	0.006
0	20	0.05	192	500	0	498	2	0	0.996	0.004
0	20	0.05	193	500	0	497	3	0	0.994	0.006
0	20	0.05	194	500	1	496	3	0.002	0.992	0.006
0	20	0.05	195	500	0	495	5	0	0.99	0.01
0	20	0.05	196	500	0	498	2	0	0.996	0.004
0	20	0.05	197	500	0	497	3	0	0.994	0.006
0	20	0.05	198	500	0	497	3	0	0.994	0.006
0	20	0.05	199	500	0	495	5	0	0.99	0.01
0	20	0.05	200	500	1	498	1	0.002	0.996	0.002
0	20	0.05	201	500	0	494	6	0	0.988	0.012
0	20	0.05	202	500	1	497	2	0.002	0.994	0.004
0	20	0.05	203	500	0	498	2	0	0.996	0.004
0	20	0.05	204	500	0	497	3	0	0.994	0.006
0	20	0.05	205	500	0	499	1	0	0.998	0.002
0	20	0.05	206	500	1	496	3	0.002	0.992	0.006
0	20	0.05	207	500	0	499	1	0	0.998	0.002
0	20	0.05	208	500	1	499	0	0.002	0.998	0
0	20	0.05	209	500	0	499	1	0	0.998	0.002
0	20	0.05	210	500	0	496	4	0	0.992	0.008
0	20	0.05	211	500	1	497	2	0.002	0.994	0.004
0	20	0.05	212	500	0	496	4	0	0.992	0.008
0	20	0.05	213	500	0	500	0	0	1	0
0	20	0.05	214	500	0	497	3	0	0.994	0.006
0	20	0.05	215	500	0	497	3	0	0.994	0.006
0	20	0.05	216	500	0	498	2	0	0.996	0.004
0	20	0.05	217	500	0	499	1	0	0.998	0.002
0	20	0.05	218	500	0	497	3	0	0.994	0.006
0	20	0.05	219	500	0	499	1	0	0.998	0.002
0	20	0.05	220	500	0	500	0	0	1	0
0	20	0.05	221	500	0	499	1	0	0.998	0.002
0	20	0.05	222	500	0	498	2	0	0.996	0.004
0	20	0.05	223	500	0	499	1	0	0.998	0.002
0	20	0.05	224	500	0	495	5	0	0.99	0.01
0	20	0.05	225	500	0	500	0	0	1	0
0	20	0.05	226	500	0	497	3	0	0.994	0.006
0	20	0.05	227	500	1	496	3	0.002	0.992	0.006
0	20	0.05	228	500	0	499	1	0	0.998	0.002
0	20	0.05	229	500	0	499	1	0	0.998	0.002
0	20	0.05	230	500	0	495	5	0	0.99	0.01
0	20	0.05	231	500	0	496	4	0	0.992	0.008
0	20	0.05	232	500	0	496	4	0	0.992	0.008
0	20	0.05	233	500	0	499	1	0	0.998	0.002
0	20	0.05	234	500	0	499	1	0	0.998	0.002
0	20	0.05	235	500	0	498	2	0	0.996	0.004
0	20	0.05	236	500	0	499	1	0	0.998	0.002
0	20	0.05	237	500	0	499	1	0	0.998	0.002
0	20	0.05	238	500	1	499	0	0.002	0.998	0
0	20	0.05	239	500	0	500	0	0	1	0
0	20	0.05	240	500	0	500	0	0	1	0
0	20	0.05	241	500	0	498	2	0	0.996	0.004
0	20	0.05	242	500	0	499	1	0	0.998	0.002
0	20	0.05	243	500	0	500	0	0	1	0
0	20	0.05	244	500	1	497	2	0.002	0.994	0.004
0	20	0.05	245	500	0	500	0	0	1	0
0	20	0.05	246	500	0	497	3	0	0.994	0.006
0	20	0.05	247	500	0	499	1	0	0.998	0.002
0	20	0.05	248	500	0	497	3	0	0.994	0.006
0	20	0.05	249	500	0	498	2	0	0.996	0.004
0	20	0.05	250	500	0	498	2	0	0.996	0.004
0	20	0.05	251	500	0	499	1	0	0.998	0.002
0	20	0.05	252	500	0	500	0	0	1	0
0	20	0.05	253	500	0	500	0	0	1	0
0	20	0.05	254	500	0	500	0	0	1	0
0	20	0.05	255	500	0	500	0	0	1	0
0	20	0.05	256	500	0	500	0	0	1	0
0	20	0.05	257	500	0	500	0	0	1	0
0	20	0.05	258	500	0	499	1	0	0.998	0.002
0	20	0.05	259	500	0	499	1	0	0.998	0.002
0	20	0.05	260	500	0	500	0	0	1	0
0	20	0.05	261	500	1	498	1	0.002	0.996	0.002
0	20	0.05	262	500	0	499	1	0	0.998	0.002
0	20	0.05	263	500	0	500	0	0	1	0
0	20	0.05	264	500	0	497	3	0	0.994	0.006
0	20	0.05	265	500	0	500	0	0	1	0
0	20	0.05	266	500	0	500	0	0	1	0
0	20	0.05	267	500	0	499	1	0	0.998	0.002
0	20	0.05	268	500	0	500	0	0	1	0
0	20	0.05	269	500	0	500	0	0	1	0
0	20	0.05	270	500	0	499	1	0	0.998	0.002
0	20	0.05	271	500	0	499	1	0	0.998	0.002
0	20	0.05	272	500	0	498	2	0	0.996	0.004
0	20	0.05	273	500	0	500	0	0	1	0
0	20	0.05	274	500	0	500	0	0	1	0
0	20	0.05	275	500	0	497	3	0	0.994	0.006
0	20	0.05	276	500	0	499	1	0	0.998	0.002
0	20	0.05	277	500	0	499	1	0	0.998	0.002
0	20	0.05	278	500	0	500	0	0	1	0
0	20	0.05	279	500	0	500	0	0	1	0
0	20	0.05	280	500	0	500	0	0	1	0
0	20	0.05	281	500	0	499	1	0	0.998	0.002
0	20	0.05	282	500	0	500	0	0	1	0
0	20	0.05	283	500	0	500	0	0	1	0
0	20	0.05	284	500	0	499	1	0	0.998	0.002
0	20	0.05	285	500	0	500	0	0	1	0
0	20	0.05	286	500	0	499	1	0	0.998	0.002
0	20	0.05	287	500	0	500	0	0	1	0
0	20	0.05	288	500	0	498	2	0	0.996	0.004
0	20	0.05	289	500	0	498	2	0	0.996	0.004
0	20	0.05	290	500	0	500	0	0	1	0
0	20	0.05	291	500	0	498	2	0	0.996	0.004
0	20	0.05	292	500	0	500	0	0	1	0
0	20	0.05	293	500	0	500	0	0	1	0
0	20	0.05	294	500	0	497	3	0	0.994	0.006
0	20	0.05	295	500	0	500	0	0	1	0
0	20	0.05	296	500	0	500	0	0	1	0
0	20	0.05	297	500	0	499	1	0	0.998	0.002
0	20	0.05	298	500	0	500	0	0	1	0
0	20	0.05	299	500	0	500	0	0	1	0
0	20	0.05	300	500	0	500	0	0	1	0
0	20	0.05	301	500	0	499	1	0	0.998	0.002
0	20	0.05	302	500	0	498	2	0	0.996	0.004
0	20	0.05	303	500	0	500	0	0	1	0
0	20	0.05	304	500	0	500	0	0	1	0
0	20	0.05	305	500	0	499	1	0	0.998	0.002
0	20	0.05	306	500	0	500	0	0	1	0
0	20	0.05	307	500	0	500	0	0	1	0
0	20	0.05	308	500	0	500	0	0	1	0
0	20	0.05	309	500	0	500	0	0	1	0
0	20	0.05	310	500	0	500	0	0	1	0
0	20	0.05	311	500	0	500	0	0	1	0
0	20	0.05	312	500	0	500	0	0	1	0
0	20	0.05	313	500	0	499	1	0	0.998	0.002
0	20	0.05	314	500	0	500	0	0	1	0
0	20	0.05	315	500	0	500	0	0	1	0
0	20	0.05	316	500	0	500	0	0	1	0
0	20	0.05	317	500	0	499	1	0	0.998	0.002
0	20	0.05	318	500	0	500	0	0	1	0
0	20	0.05	319	500	0	500	0	0	1	0
0	20	0.05	320	500	0	498	2	0	0.996	0.004
0	20	0.05	321	500	0	500	0	0	1	0
0	20	0.05	322	500	0	500	0	0	1	0
0	20	0.05	323	500	0	500	0	0	1	0
0	20	0.05	324	500	0	500	0	0	1	0
0	20	0.05	325	500	0	500	0	0	1	0
0	20	0.05	326	500	0	500	0	0	1	0
0	20	0.05	327	500	0	500	0	0	1	0
0	20	0.05	328	500	0	500	0	0	1	0
0	20	0.05	329	500	0	500	0	0	1	0
0	20	0.05	330	500	0	500	0	0	1	0
0	20	0.05	331	500	0	500	0	0	1	0
0	20	0.05	332	500	0	499	1	0	0.998	0.002
0	20	0.05	333	500	0	500	0	0	1	0
0	20	0.05	334	500	0	500	0	0	1	0
0	20	0.05	335	500	0	500	0	0	1	0
0	20	0.05	336	500	0	500	0	0	1	0
0	20	0.05	337	500	0	500	0	0	1	0
0	20	0.05	338	500	0	500	0	0	1	0
0	20	0.05	339	500	0	499	1	0	0.998	0.002
0	20	0.05	340	500	0	500	0	0	1	0
0	20	0.05	341	500	0	500	0	0	1	0
0	20	0.05	342	500	0	500	0	0	1	0
0	20	0.05	343	500	0	500	0	0	1	0
0	20	0.05	344	500	0	500	0	0	1	0
0	20	0.05	345	500	0	499	1	0	0.998	0.002
0	20	0.05	346	500	0	500	0	0	1	0
0	20	0.05	347	500	0	500	0	0	1	0
0	20	0.05	348	500	0	500	0	0	1	0
0	20	0.05	349	500	0	500	0	0	1	0
0	20	0.05	350	500	0	500	0	0	1	0
0	20	0.05	351	500	0	500	0	0	1	0
0	20	0.05	352	500	0	500	0	0	1	0
0	20	0.05	353	500	0	500	0	0	1	0
0	20	0.05	354	500	0	500	0	0	1	0
0	20	0.05	355	500	0	500	0	0	1	0
0	20	0.05	356	500	0	499	1	0	0.998	0.002
0	20	0.05	357	500	0	500	0	0	1	0
0	20	0.05	358	500	0	500	0	0	1	0
0	20	0.05	359	500	0	500	0	0	1	0
0	20	0.05	360	500	0	500	0	0	1	0
0	20	0.05	361	500	0	500	0	0	1	0
0	20	0.05	362	500	0	500	0	0	1	0
0	20	0.05	363	500	0	500	0	0	1	0
0	20	0.05	364	500	0	500	0	0	1	0
0	20	0.05	365	500	0	500	0	0	1	0
0	20	0.05	366	500	0	500	0	0	1	0
0	20	0.05	367	500	0	500	0	0	1	0
0	20	0.05	368	500	0	500	0	0	1	0
0	20	0.05	369	500	0	500	0	0	1	0
0	20	0.05	370	500	0	500	0	0	1	0
0	20	0.05	371	500	0	500	0	0	1	0
0	20	0.05	372	500	0	500	0	0	1	0
0	20	0.05	373	500	0	500	0	0	1	0
0	20	0.05	374	500	0	500	0	0	1	0
0	20	0.05	375	500	0	500	0	0	1	0
0	20	0.05	376	500	0	500	0	0	1	0
0	20	0.05	377	500	0	500	0	0	1	0
0	20	0.05	378	500	0	500	0	0	1	0
0	20	0.05	379	500	0	500	0	0	1	0
0	20	0.05	380	500	0	500	0	0	1	0
0	20	0.05	381	500	0	499	1	0	0.998	0.002
0	20	0.05	382	500	0	500	0	0	1	0
0	20	0.05	383	500	0	500	0	0	1	0
0	20	0.05	384	500	0	500	0	0	1	0
0	20	0.05	385	500	0	500	0	0	1	0
0	20	0.05	386	500	0	500	0	0	1	0
0	20	0.05	387	500	0	500	0	0	1	0
0	20	0.05	388	500	0	500	0	0	1	0
0	20	0.05	389	500	0	500	0	0	1	0
0	20	0.05	390	500	0	500	0	0	1	0
0	20	0.05	391	500	0	500	0	0	1	0
0	20	0.05	392	500	0	499	1	0	0.998	0.002
0	20	0.05	393	500	0	500	0	0	1	0
0	20	0.05	394	500	0	500	0	0	1	0
0	20	0.05	395	500	0	500	0	0	1	0
0	20	0.05	396	500	0	500	0	0	1	0
0	20	0.05	397	500	0	500	0	0	1	0
0	20	0.05	398	500	0	500	0	0	1	0
0	20	0.05	399	500	0	500	0	0	1	0
0	20	0.05	400	500	0	500	0	0	1	0
0	20	0.05	401	500	0	500	0	0	1	0
0	20	0.05	402	500	0	500	0	0	1	0
0	20	0.05	403	500	0	500	0	0	1	0
0	20	0.05	404	500	0	500	0	0	1	0
0	20	0.05	405	500	0	500	0	0	1	0
0	20	0.05	406	500	0	500	0	0	1	0
0	20	0.05	407	500	0	500	0	0	1	0
0	20	0.05	408	500	0	500	0	0	1	0
0	20	0.05	409	500	0	500	0	0	1	0
0	20	0.05	410	500	0	500	0	0	1	0
0	20	0.05	411	500	0	500	0	0	1	0
0	20	0.05	412	500	0	500	0	0	1	0
0	20	0.05	413	500	0	500	0	0	1	0
0	20	0.05	414	500	0	500	0	0	1	0
0	20	0.05	415	500	0	500	0	0	1	0
0	20	0.05	416	500	0	500	0	0	1	0
0	20	0.05	417	500	0	500	0	0	1	0
0	20	0.05	418	500	0	500	0	0	1	0
0	20	0.05	419	500	0	500	0	0	1	0
0	20	0.05	420	500	0	500	0	0	1	0
0	20	0.05	421	500	0	500	0	0	1	0
0	20	0.05	422	500	0	500	0	0	1	0
0	20	0.05	423	500	0	500	0	0	1	0
0	20	0.05	424	500	0	500	0	0	1	0
0	20	0.05	425	500	0	500	0	0	1	0
0	20	0.05	426	500	0	500	0	0	1	0
0	20	0.05	427	500	0	500	0	0	1	0
0	20	0.05	428	500	0	500	0	0	1	0
0	20	0.05	429	500	0	500	0	0	1	0
0	20	0.05	430	500	0	500	0	0	1	0
0	20	0.05	431	500	0	500	0	0	1	0
0	20	0.05	432	500	0	500	0	0	1	0
0	20	0.05	433	500	0	500	0	0	1	0
0	20	0.05	434	500	0	500	0	0	1	0
0	20	0.05	435	500	0	500	0	0	1	0
0	20	0.05	436	500	0	500	0	0	1	0
0	20	0.05	437	500	0	500	0	0	1	0
0	20	0.05	438	500	0	500	0	0	1	0
0	20	0.05	439	500	0	500	0	0	1	0
0	20	0.05	440	500	0	500	0	0	1	0
0	20	0.05	441	500	0	500	0	0	1	0
0	20	0.05	442	500	0	500	0	0	1	0
0	20	0.05	443	500	0	500	0	0	1	0
0	20	0.05	444	500	0	500	0	0	1	0
0	20	0.05	445	500	0	500	0	0	1	0
0	20	0.05	446	500	0	500	0	0	1	0
0	20	0.05	447	500	0	500	0	0	1	0
0	20	0.05	448	500	0	500	0	0	1	0
0	20	0.05	449	500	0	500	0	0	1	0
0	20	0.05	450	500	0	500	0	0	1	0
0	20	0.05	451	500	0	500	0	0	1	0
0	20	0.05	452	500	0	500	0	0	1	0
0	20	0.05	453	500	0	500	0	0	1	0
0	20	0.05	454	500	0	500	0	0	1	0
0	20	0.05	455	500	0	500	0	0	1	0
0	20	0.05	456	500	0	500	0	0	1	0
0	20	0.05	457	500	0	500	0	0	1	0
0	20	0.05	458	500	0	500	0	0	1	0
0	20	0.05	459	500	0	500	0	0	1	0
0	20	0.05	460	500	0	500	0	0	1	0
0	20	0.05	461	500	0	500	0	0	1	0
0	20	0.05	462	500	0	500	0	0	1	0
0	20	0.05	463	500	0	500	0	0	1	0
0	20	0.05	464	500	0	500	0	0	1	0
0	20	0.05	465	500	0	500	0	0	1	0
0	20	0.05	466	500	0	500	0	0	1	0
0	20	0.05	467	500	0	500	0	0	1	0
0	20	0.05	468	500	0	500	0	0	1	0
0	20	0.05	469	500	0	500	0	0	1	0
0	20	0.05	470	500	0	500	0	0	1	0
0	20	0.05	471	500	0	500	0	0	1	0
0	20	0.05	472	500	0	500	0	0	1	0
0	20	0.05	473	500	0	500	0	0	1	0
0	20	0.05	474	500	0	500	0	0	1	0
0	20	0.05	475	500	0	500	0	0	1	0
0	20	0.05	476	500	0	500	0	0	1	0
0	20	0.05	477	500	0	500	0	0	1	0
0	20	0.05	478	500	0	500	0	0	1	0
0	20	0.05	479	500	0	500	0	0	1	0
0	20	0.05	480	500	0	500	0	0	1	0
0	20	0.05	481	500	0	500	0	0	1	0
0	20	0.05	482	500	0	500	0	0	1	0
0	20	0.05	483	500	0	500	0	0	1	0
0	20	0.05	484	500	0	500	0	0	1	0
0	20	0.05	485	500	0	500	0	0	1	0
0	20	0.05	486	500	0	500	0	0	1	0
0	20	0.05	487	500	0	500	0	0	1	0
0	20	0.05	488	500	0	500	0	0	1	0
0	20	0.05	489	500	0	500	0	0	1	0
0	20	0.05	490	500	0	500	0	0	1	0
0	20	0.05	491	500	0	500	0	0	1	0
0	20	0.05	492	500	0	500	0	0	1	0
0	20	0.05	493	500	0	500	0	0	1	0
0	20	0.05	494	500	0	500	0	0	1	0
0	20	0.05	495	500	0	500	0	0	1	0
0	20	0.05	496	500	0	500	0	0	1	0
0	20	0.05	497	500	0	500	0	0	1	0
0	20	0.05	498	500	0	500	0	0	1	0
0	20	0.05	499	500	0	500	0	0	1	0
0	20	0.05	500	500	0	500	0	0	1	0
0	20	0.05	501	500	0	500	0	0	1	0
0	20	0.05	502	500	0	500	0	0	1	0
0	20	0.05	503	500	0	500	0	0	1	0
0	20	0.05	504	500	0	500	0	0	1	0
0	20	0.05	505	500	0	500	0	0	1	0
0	20	0.05	506	500	0	500	0	0	1	0
0	20	0.05	507	500	0	500	0	0	1	0
0	20	0.05	508	500	0	500	0	0	1	0
0	20	0.05	509	500	0	500	0	0	1	0
0	20	0.05	510	500	0	500	0	0	1	0
0	20	0.05	511	500	0	500	0	0	1	0
0	20	0.05	512	500	0	500	0	0	1	0
0	20	0.05	513	500	0	500	0	0	1	0
0	20	0.05	514	500	0	500	0	0	1	0
0	20	0.05	515	500	0	500	0	0	1	0
0	20	0.05	516	500	0	500	0	0	1	0
0	20	0.05	517	500	0	500	0	0	1	0
0	20	0.05	518	500	0	500	0	0	1	0
0	20	0.05	519	500	0	500	0	0	1	0
0	20	0.05	520	500	0	500	0	0	1	0
0	20	0.05	521	500	0	500	0	0	1	0
0	20	0.05	522	500	0	500	0	0	1	0
0	20	0.05	523	500	0	500	0	0	1	0
0	20	0.05	524	500	0	500	0	0	1	0
0	20	0.05	525	500	0	500	0	0	1	0
0	20	0.05	526	500	0	500	0	0	1	0
0	20	0.05	527	500	0	500	0	0	1	0
0	20	0.05	528	500	0	500	0	0	1	0
0	20	0.05	529	500	0	500	0	0	1	0
0	20	0.05	530	500	0	500	0	0	1	0
0	20	0.05	531	500	0	500	0	0	1	0
0	20	0.05	532	500	0	500	0	0	1	0
0	20	0.05	533	500	0	500	0	0	1	0
0	20	0.05	534	500	0	500	0	0	1	0
0	20	0.05	535	500	0	500	0	0	1	0
0	20	0.05	536	500	0	500	0	0	1	0
0	20	0.05	537	500	0	500	0	0	1	0
0	20	0.05	538	500	0	500	0	0	1	0
0	20	0.05	539	500	0	500	0	0	1	0
0	20	0.05	540	500	0	500	0	0	1	0
0	20	0.05	541	500	0	500	0	0	1	0
0	20	0.05	542	500	0	500	0	0	1	0
0	20	0.05	543	500	0	500	0	0	1	0
0	20	0.05	544	500	0	500	0	0	1	0
0	20	0.05	545	500	0	500	0	0	1	0
0	20	0.05	546	500	0	500	0	0	1	0
0	20	0.05	547	500	0	500	0	0	1	0
0	20	0.05	548	500	0	500	0	0	1	0
0	20	0.05	549	500	0	500	0	0	1	0
0	20	0.05	550	500	0	500	0	0	1	0
0	20	0.05	551	500	0	500	0	0	1	0
0	20	0.05	552	500	0	500	0	0	1	0
0	20	0.05	553	500	0	500	0	0	1	0
0	20	0.05	554	500	0	500	0	0	1	0
0	20	0.05	555	500	0	500	0	0	1	0
0	20	0.05	556	500	0	500	0	0	1	0
0	20	0.05	557	500	0	500	0	0	1	0
0	20	0.05	558	500	0	500	0	0	1	0
0	20	0.05	559	500	0	500	0	0	1	0
0	20	0.05	560	500	0	500	0	0	1	0
0	20	0.05	561	500	0	500	0	0	1	0
0	20	0.05	562	500	0	500	0	0	1	0
0	20	0.05	563	500	0	500	0	0	1	0
0	20	0.05	564	500	0	500	0	0	1	0
0	20	0.05	565	500	0	500	0	0	1	0
0	20	0.05	566	500	0	500	0	0	1	0
0	20	0.05	567	500	0	500	0	0	1	0
0	20	0.05	568	500	0	500	0	0	1	0
0	20	0.05	569	500	0	500	0	0	1	0
0	20	0.05	570	500	0	500	0	0	1	0
0	20	0.05	571	500	0	500	0	0	1	0
0	20	0.05	572	500	0	500	0	0	1	0
0	20	0.05	573	500	0	500	0	0	1	0
0	20	0.05	574	500	0	500	0	0	1	0
0	20	0.05	575	500	0	500	0	0	1	0
0	20	0.05	576	500	0	500	0	0	1	0
0	20	0.05	577	500	0	500	0	0	1	0
0	20	0.05	578	500	0	500	0	0	1	0
0	20	0.05	579	500	0	500	0	0	1	0
0	20	0.05	580	500	0	500	0	0	1	0
0	20	0.05	581	500	0	500	0	0	1	0
0	20	0.05	582	500	0	500	0	0	1	0
0	20	0.05	583	500	0	500	0	0	1	0
0	20	0.05	584	500	0	500	0	0	1	0
0	20	0.05	585	500	0	500	0	0	1	0
0	20	0.05	586	500	0	500	0	0	1	0
0	20	0.05	587	500	0	500	0	0	1	0
0	20	0.05	588	500	0	500	0	0	1	0
0	20	0.05	589	500	0	500	0	0	1	0
0	20	0.05	590	500	0	500	0	0	1	0
0	20	0.05	591	500	0	500	0	0	1	0
0	20	0.05	592	500	0	500	0	0	1	0
0	20	0.05	593	500	0	500	0	0	1	0
0	20	0.05	594	500	0	500	0	0	1	0
0	20	0.05	595	500	0	500	0	0	1	0
0	20	0.05	596	500	0	500	0	0	1	0
0	20	0.05	597	500	0	500	0	0	1	0
0	20	0.05	598	500	0	500	0	0	1	0
0	20	0.05	599	500	0	500	0	0	1	0
0	20	0.05	600	500	0	500	0	0	1	0
0	20	0.05	601	500	0	500	0	0	1	0
0	20	0.05	602	500	0	500	0	0	1	0
0	20	0.05	603	500	0	500	0	0	1	0
0	20	0.05	604	500	0	500	0	0	1	0
0	20	0.05	605	500	0	500	0	0	1	0
0	20	0.05	606	500	0	500	0	0	1	0
0	20	0.05	607	500	0	500	0	0	1	0
0	20	0.05	608	500	0	500	0	0	1	0
0	20	0.05	609	500	0	500	0	0	1	0
0	20	0.05	610	500	0	500	0	0	1	0
0	20	0.05	611	500	0	500	0	0	1	0
0	20	0.05	612	500	0	500	0	0	1	0
0	20	0.05	613	500	0	500	0	0	1	0
0	20	0.05	614	500	0	500	0	0	1	0
0	20	0.05	615	500	0	500	0	0	1	0
0	20	0.05	616	500	0	500	0	0	1	0
0	20	0.05	617	500	0	500	0	0	1	0
0	20	0.05	618	500	0	500	0	0	1	0
0	20	0.05	619	500	0	500	0	0	1	0
0	20	0.05	620	500	0	500	0	0	1	0
0	20	0.05	621	500	0	500	0	0	1	0
0	20	0.05	622	500	0	500	0	0	1	0
0	20	0.05	623	500	0	500	0	0	1	0
0	20	0.05	624	500	0	500	0	0	1	0
0	20	0.05	625	500	0	500	0	0	1	0
0	20	0.05	626	500	0	500	0	0	1	0
0	20	0.05	627	500	0	500	0	0	1	0
0	20	0.05	628	500	0	500	0	0	1	0
0	20	0.05	629	500	0	500	0	0	1	0
0	20	0.05	630	500	0	500	0	0	1	0
0	20	0.05	631	500	0	500	0	0	1	0
0	20	0.05	632	500	0	500	0	0	1	0
0	20	0.05	633	500	0	500	0	0	1	0
0	20	0.05	634	500	0	500	0	0	1	0
0	20	0.05	635	500	0	500	0	0	1	0
0	20	0.05	636	500	0	500	0	0	1	0
0	20	0.05	637	500	0	500	0	0	1	0
0	20	0.05	638	500	0	500	0	0	1	0
0	20	0.05	639	500	0	500	0	0	1	0
0	20	0.05	640	500	0	500	0	0	1	0
0	20	0.05	641	500	0	500	0	0	1	0
0	20	0.05	642	500	0	500	0	0	1	0
0	20	0.05	643	500	0	500	0	0	1	0
0	20	0.05	644	500	0	500	0	0	1	0
0	20	0.05	645	500	0	500	0	0	1	0
0	20	0.05	646	500	0	500	0	0	1	0
0	20	0.05	647	500	0	500	0	0	1	0
0	20	0.05	648	500	0	500	0	0	1	0
0	20	0.05	649	500	0	500	0	0	1	0
0	20	0.05	650	500	0	500	0	0	1	0
0	20	0.05	651	500	0	500	0	0	1	0
0	20	0.05	652	500	0	500	0	0	1	0
0	20	0.05	653	500	0	500	0	0	1	0
0	20	0.05	654	500	0	500	0	0	1	0
0	20	0.05	655	500	0	500	0	0	1	0
0	20	0.05	656	500	0	500	0	0	1	0
0	20	0.05	657	500	0	500	0	0	1	0
0	20	0.05	658	500	0	500	0	0	1	0
0	20	0.05	659	500	0	500	0	0	1	0
0	20	0.05	660	500	0	500	0	0	1	0
0	20	0.05	661	500	0	500	0	0	1	0
0	20	0.05	662	500	0	500	0	0	1	0
0	20	0.05	663	500	0	500	0	0	1	0
0	20	0.05	664	500	0	500	0	0	1	0
0	20	0.05	665	500	0	500	0	0	1	0
0	20	0.05	666	500	0	500	0	0	1	0
0	20	0.05	667	500	0	500	0	0	1	0
0	20	0.05	668	500	0	500	0	0	1	0
0	20	0.05	669	500	0	500	0	0	1	0
0	20	0.05	670	500	0	500	0	0	1	0
0	20	0.05	671	500	0	500	0	0	1	0
0	20	0.05	672	500	0	500	0	0	1	0
0	20	0.05	673	500	0	500	0	0	1	0
0	20	0.05	674	500	0	500	0	0	1	0
0	20	0.05	675	500	0	500	0	0	1	0
0	20	0.05	676	500	0	500	0	0	1	0
0	20	0.05	677	500	0	500	0	0	1	0
0	20	0.05	678	500	0	500	0	0	1	0
0	20	0.05	679	500	0	500	0	0	1	0
0	20	0.05	680	500	0	500	0	0	1	0
0	20	0.05	681	500	0	500	0	0	1	0
0	20	0.05	682	500	0	500	0	0	1	0
0	20	0.05	683	500	0	500	0	0	1	0
0	20	0.05	684	500	0	500	0	0	1	0
0	20	0.05	685	500	0	500	0	0	1	0
0	20	0.05	686	500	0	500	0	0	1	0
0	20	0.05	687	500	0	500	0	0	1	0
0	20	0.05	688	500	0	500	0	0	1	0
0	20	0.05	689	500	0	500	0	0	1	0
0	20	0.05	690	500	0	500	0	0	1	0
0	20	0.05	691	500	0	500	0	0	1	0
0	20	0.05	692	500	0	500	0	0	1	0
0	20	0.05	693	500	0	500	0	0	1	0
0	20	0.05	694	500	0	500	0	0	1	0
0	20	0.05	695	500	0	500	0	0	1	0
0	20	0.05	696	500	0	500	0	0	1	0
0	20	0.05	697	500	0	500	0	0	1	0
0	20	0.05	698	500	0	500	0	0	1	0
0	20	0.05	699	500	0	500	0	0	1	0
0	20	0.05	700	500	0	500	0	0	1	0
0	20	0.05	701	500	0	500	0	0	1	0
0	20	0.05	702	500	0	500	0	0	1	0
0	20	0.05	703	500	0	500	0	0	1	0
0	20	0.05	704	500	0	500	0	0	1	0
0	20	0.05	705	500	0	500	0	0	1	0
0	20	0.05	706	500	0	500	0	0	1	0
0	20	0.05	707	500	0	500	0	0	1	0
0	20	0.05	708	500	0	500	0	0	1	0
0	20	0.05	709	500	0	500	0	0	1	0
0	20	0.05	710	500	0	500	0	0	1	0
0	20	0.05	711	500	0	500	0	0	1	0
0	20	0.05	712	500	0	500	0	0	1	0
0	20	0.05	713	500	0	500	0	0	1	0
0	20	0.05	714	500	0	500	0	0	1	0
0	20	0.05	715	500	0	500	0	0	1	0
0	20	0.05	716	500	0	500	0	0	1	0
0	20	0.05	717	500	0	500	0	0	1	0
0	20	0.05	718	500	0	500	0	0	1	0
0	20	0.05	719	500	0	500	0	0	1	0
0	20	0.05	720	500	0	500	0	0	1	0
0	20	0.05	721	500	0	500	0	0	1	0
0	20	0.05	722	500	0	500	0	0	1	0
0	20	0.05	723	500	0	500	0	0	1	0
0	20	0.05	724	500	0	500	0	0	1	0
0	20	0.05	725	500	0	500	0	0	1	0
0	20	0.05	726	500	0	500	0	0	1	0
0	20	0.05	727	500	0	500	0	0	1	0
0	20	0.05	728	500	0	500	0	0	1	0
0	20	0.05	729	500	0	500	0	0	1	0
0	20	0.05	730	500	0	500	0	0	1	0
0	20	0.05	731	500	0	500	0	0	1	0
0	20	0.05	732	500	0	500	0	0	1	0
0	20	0.05	733	500	0	500	0	0	1	0
0	20	0.05	734	500	0	500	0	0	1	0
0	20	0.05	735	500	0	500	0	0	1	0
0	20	0.05	736	500	0	500	0	0	1	0
0	20	0.05	737	500	0	500	0	0	1	0
0	20	0.05	738	500	0	500	0	0	1	0
0	20	0.05	739	500	0	500	0	0	1	0
0	20	0.05	740	500	0	500	0	0	1	0
0	20	0.05	741	500	0	500	0	0	1	0
0	20	0.05	742	500	0	500	0	0	1	0
0	20	0.05	743	500	0	500	0	0	1	0
0	20	0.05	744	500	0	500	0	0	1	0
0	20	0.05	745	500	0	500	0	0	1	0
0	20	0.05	746	500	0	500	0	0	1	0
0	20	0.05	747	500	0	500	0	0	1	0
0	20	0.05	748	500	0	500	0	0	1	0
0	20	0.05	749	500	0	500	0	0	1	0
0	20	0.05	750	500	0	500	0	0	1	0
0	20	0.05	751	500	0	500	0	0	1	0
0	20	0.05	752	500	0	500	0	0	1	0
0	20	0.05	753	500	0	500	0	0	1	0
0	20	0.05	754	500	0	500	0	0	1	0
0	20	0.05	755	500	0	500	0	0	1	0
0	20	0.05	756	500	0	500	0	0	1	0
0	20	0.05	757	500	0	500	0	0	1	0
0	20	0.05	758	500	0	500	0	0	1	0
0	20	0.05	759	500	0	500	0	0	1	0
0	20	0.05	760	500	0	500	0	0	1	0
0	20	0.05	761	500	0	500	0	0	1	0
0	20	0.05	762	500	0	500	0	0	1	0
0	20	0.05	763	500	0	500	0	0	1	0
0	20	0.05	764	500	0	500	0	0	1	0
0	20	0.05	765	500	0	500	0	0	1	0
0	20	0.05	766	500	0	500	0	0	1	0
0	20	0.05	767	500	0	500	0	0	1	0
0	20	0.05	768	500	0	500	0	0	1	0
0	20	0.05	769	500	0	500	0	0	1	0
0	20	0.05	770	500	0	500	0	0	1	0
0	20	0.05	771	500	0	500	0	0	1	0
0	20	0.05	772	500	0	500	0	0	1	0
0	20	0.05	773	500	0	500	0	0	1	0
0	20	0.05	774	500	0	500	0	0	1	0
0	20	0.05	775	500	0	500	0	0	1	0
0	20	0.05	776	500	0	500	0	0	1	0
0	20	0.05	777	500	0	500	0	0	1	0
0	20	0.05	778	500	0	500	0	0	1	0
0	20	0.05	779	500	0	500	0	0	1	0
0	20	0.05	780	500	0	500	0	0	1	0
0	20	0.05	781	500	0	500	0	0	1	0
0	20	0.05	782	500	0	500	0	0	1	0
0	20	0.05	783	500	0	500	0	0	1	0
0	20	0.05	784	500	0	500	0	0	1	0
0	20	0.05	785	500	0	500	0	0	1	0
0	20	0.05	786	500	0	500	0	0	1	0
0	20	0.05	787	500	0	500	0	0	1	0
0	20	0.05	788	500	0	500	0	0	1	0
0	20	0.05	789	500	0	500	0	0	1	0
0	20	0.05	790	500	0	500	0	0	1	0
0	20	0.05	791	500	0	500	0	0	1	0
0	20	0.05	792	500	0	500	0	0	1	0
0	20	0.05	793	500	0	500	0	0	1	0
0	20	0.05	794	500	0	500	0	0	1	0
0	20	0.05	795	500	0	500	0	0	1	0
0	20	0.05	796	500	0	500	0	0	1	0
0	20	0.05	797	500	0	500	0	0	1	0
0	20	0.05	798	500	0	500	0	0	1	0
0	20	0.05	799	500	0	500	0	0	1	0
0	20	0.05	800	500	0	500	0	0	1	0
0	20	0.05	801	500	0	500	0	0	1	0
0	20	0.05	802	500	0	500	0	0	1	0
0	20	0.05	803	500	0	500	0	0	1	0
0	20	0.05	804	500	0	500	0	0	1	0
0	20	0.05	805	500	0	500	0	0	1	0
0	20	0.05	806	500	0	500	0	0	1	0
0	20	0.05	807	500	0	500	0	0	1	0
0	20	0.05	808	500	0	500	0	0	1	0
0	20	0.05	809	500	0	500	0	0	1	0
0	20	0.05	810	500	0	500	0	0	1	0
0	20	0.05	811	500	0	500	0	0	1	0
0	20	0.05	812	500	0	500	0	0	1	0
0	20	0.05	813	500	0	500	0	0	1	0
0	20	0.05	814	500	0	500	0	0	1	0
0	20	0.05	815	500	0	500	0	0	1	0
0	20	0.05	816	500	0	500	0	0	1	0
0	20	0.05	817	500	0	500	0	0	1	0
0	20	0.05	818	500	0	500	0	0	1	0
0	20	0.05	819	500	0	500	0	0	1	0
0	20	0.05	820	500	0	500	0	0	1	0
0	20	0.05	821	500	0	500	0	0	1	0
0	20	0.05	822	500	0	500	0	0	1	0
0	20	0.05	823	500	0	500	0	0	1	0
0	20	0.05	824	500	0	500	0	0	1	0
0	20	0.05	825	500	0	500	0	0	1	0
0	20	0.05	826	500	0	500	0	0	1	0
0	20	0.05	827	500	0	500	0	0	1	0
0	20	0.05	828	500	0	500	0	0	1	0
0	20	0.05	829	500	0	500	0	0	1	0
0	20	0.05	830	500	0	500	0	0	1	0
0	20	0.05	831	500	0	500	0	0	1	0
0	20	0.05	832	500	0	500	0	0	1	0
0	20	0.05	833	500	0	500	0	0	1	0
0	20	0.05	834	500	0	500	0	0	1	0
0	20	0.05	835	500	0	500	0	0	1	0
0	20	0.05	836	500	0	500	0	0	1	0
0	20	0.05	837	500	0	500	0	0	1	0
0	20	0.05	838	500	0	500	0	0	1	0
0	20	0.05	839	500	0	500	0	0	1	0
0	20	0.05	840	500	0	500	0	0	1	0
0	20	0.05	841	500	0	500	0	0	1	0
0	20	0.05	842	500	0	500	0	0	1	0
0	20	0.05	843	500	0	500	0	0	1	0
0	20	0.05	844	500	0	500	0	0	1	0
0	20	0.05	845	500	0	500	0	0	1	0
0	20	0.05	846	500	0	500	0	0	1	0
0	20	0.05	847	500	0	500	0	0	1	0
0	20	0.05	848	500	0	500	0	0	1	0
0	20	0.05	849	500	0	500	0	0	1	0
0	20	0.05	850	500	0	500	0	0	1	0
0	20	0.05	851	500	0	500	0	0	1	0
0	20	0.05	852	500	0	500	0	0	1	0
0	20	0.05	853	500	0	500	0	0	1	0
0	20	0.05	854	500	0	500	0	0	1	0
0	20	0.05	855	500	0	500	0	0	1	0
0	20	0.05	856	500	0	500	0	0	1	0
0	20	0.05	857	500	0	500	0	0	1	0
0	20	0.05	858	500	0	500	0	0	1	0
0	20	0.05	859	500	0	500	0	0	1	0
0	20	0.05	860	500	0	500	0	0	1	0
0	20	0.05	861	500	0	500	0	0	1	0
0	20	0.05	862	500	0	500	0	0	1	0
0	20	0.05	863	500	0	500	0	0	1	0
0	20	0.05	864	500	0	500	0	0	1	0
0	20	0.05	865	500	0	500	0	0	1	0
0	20	0.05	866	500	0	500	0	0	1	0
0	20	0.05	867	500	0	500	0	0	1	0
0	20	0.05	868	500	0	500	0	0	1	0
0	20	0.05	869	500	0	500	0	0	1	0
0	20	0.05	870	500	0	500	0	0	1	0
0	20	0.05	871	500	0	500	0	0	1	0
0	20	0.05	872	500	0	500	0	0	1	0
0	20	0.05	873	500	0	500	0	0	1	0
0	20	0.05	874	500	0	500	0	0	1	0
0	20	0.05	875	500	0	500	0	0	1	0
0	20	0.05	876	500	0	500	0	0	1	0
0	20	0.05	877	500	0	500	0	0	1	0
0	20	0.05	878	500	0	500	0	0	1	0
0	20	0.05	879	500	0	500	0	0	1	0
0	20	0.05	880	500	0	500	0	0	1	0
0	20	0.05	881	500	0	500	0	0	1	0
0	20	0.05	882	500	0	500	0	0	1	0
0	20	0.05	883	500	0	500	0	0	1	0
0	20	0.05	884	500	0	500	0	0	1	0
0	20	0.05	885	500	0	500	0	0	1	0
0	20	0.05	886	500	0	500	0	0	1	0
0	20	0.05	887	500	0	500	0	0	1	0
0	20	0.05	888	500	0	500	0	0	1	0
0	20	0.05	889	500	0	500	0	0	1	0
0	20	0.05	890	500	0	500	0	0	1	0
0	20	0.05	891	500	0	500	0	0	1	0
0	20	0.05	892	500	0	500	0	0	1	0
0	20	0.05	893	500	0	500	0	0	1	0
0	20	0.05	894	500	0	500	0	0	1	0
0	20	0.05	895	500	0	500	0	0	1	0
0	20	0.05	896	500	0	500	0	0	1	0
0	20	0.05	897	500	0	500	0	0	1	0
0	20	0.05	898	500	0	500	0	0	1	0
0	20	0.05	899	500	0	500	0	0	1	0
0	20	0.05	900	500	0	500	0	0	1	0
0	20	0.05	901	500	0	500	0	0	1	0
0	20	0.05	902	500	0	500	0	0	1	0
0	20	0.05	903	500	0	500	0	0	1	0
0	20	0.05	904	500	0	500	0	0	1	0
0	20	0.05	905	500	0	500	0	0	1	0
0	20	0.05	906	500	0	500	0	0	1	0
0	20	0.05	907	500	0	500	0	0	1	0
0	20	0.05	908	500	0	500	0	0	1	0
0	20	0.05	909	500	0	500	0	0	1	0
0	20	0.05	910	500	0	500	0	0	1	0
0	20	0.05	911	500	0	500	0	0	1	0
0	20	0.05	912	500	0	500	0	0	1	0
0	20	0.05	913	500	0	500	0	0	1	0
0	20	0.05	914	500	0	500	0	0	1	0
0	20	0.05	915	500	0	500	0	0	1	0
0	20	0.05	916	500	0	500	0	0	1	0
0	20	0.05	917	500	0	500	0	0	1	0
0	20	0.05	918	500	0	500	0	0	1	0
0	20	0.05	919	500	0	500	0	0	1	0
0	20	0.05	920	500	0	500	0	0	1	0
0	20	0.05	921	500	0	500	0	0	1	0
0	20	0.05	922	500	0	500	0	0	1	0
0	20	0.05	923	500	0	500	0	0	1	0
0	20	0.05	924	500	0	500	0	0	1	0
0	20	0.05	925	500	0	500	0	0	1	0
0	20	0.05	926	500	0	500	0	0	1	0
0	20	0.05	927	500	0	500	0	0	1	0
0	20	0.05	928	500	0	500	0	0	1	0
0	20	0.05	929	500	0	500	0	0	1	0
0	20	0.05	930	500	0	500	0	0	1	0
0	20	0.05	931	500	0	500	0	0	1	0
0	20	0.05	932	500	0	500	0	0	1	0
0	20	0.05	933	500	0	500	0	0	1	0
0	20	0.05	934	500	0	500	0	0	1	0
0	20	0.05	935	500	0	500	0	0	1	0
0	20	0.05	936	500	0	500	0	0	1	0
0	20	0.05	937	500	0	500	0	0	1	0
0	20	0.05	938	500	0	500	0	0	1	0
0	20	0.05	939	500	0	500	0	0	1	0
0	20	0.05	940	500	0	500	0	0	1	0
0	20	0.05	941	500	0	500	0	0	1	0
0	20	0.05	942	500	0	500	0	0	1	0
0	20	0.05	943	500	0	500	0	0	1	0
0	20	0.05	944	500	0	500	0	0	1	0
0	20	0.05	945	500	0	500	0	0	1	0
0	20	0.05	946	500	0	500	0	0	1	0
0	20	0.05	947	500	0	500	0	0	1	0
0	20	0.05	948	500	0	500	0	0	1	0
0	20	0.05	949	500	0	500	0	0	1	0
0	20	0.05	950	500	0	500	0	0	1	0
0	20	0.05	951	500	0	500	0	0	1	0
0	20	0.05	952	500	0	500	0	0	1	0
0	20	0.05	953	500	0	500	0	0	1	0
0	20	0.05	954	500	0	500	0	0	1	0
0	20	0.05	955	500	0	500	0	0	1	0
0	20	0.05	956	500	0	500	0	0	1	0
0	20	0.05	957	500	0	500	0	0	1	0
0	20	0.05	958	500	0	500	0	0	1	0
0	20	0.05	959	500	0	500	0	0	1	0
0	20	0.05	960	500	0	500	0	0	1	0
0	20	0.05	961	500	0	500	0	0	1	0
0	20	0.05	962	500	0	500	0	0	1	0
0	20	0.05	963	500	0	500	0	0	1	0
0	20	0.05	964	500	0	500	0	0	1	0
0	20	0.05	965	500	0	500	0	0	1	0
0	20	0.05	966	500	0	500	0	0	1	0
0	20	0.05	967	500	0	500	0	0	1	0
0	20	0.05	968	500	0	500	0	0	1	0
0	20	0.05	969	500	0	500	0	0	1	0
0	20	0.05	970	500	0	500	0	0	1	0
0	20	0.05	971	500	0	500	0	0	1	0
0	20	0.05	972	500	0	500	0	0	1	0
0	20	0.05	973	500	0	500	0	0	1	0
0	20	0.05	974	500	0	500	0	0	1	0
0	20	0.05	975	500	0	500	0	0	1	0
0	20	0.05	976	500	0	500	0	0	1	0
0	20	0.05	977	500	0	500	0	0	1	0
0	20	0.05	978	500	0	500	0	0	1	0
0	20	0.05	979	500	0	500	0	0	1	0
0	20	0.05	980	500	0	500	0	0	1	0
0	20	0.05	981	500	0	500	0	0	1	0
0	20	0.05	982	500	0	500	0	0	1	0
0	20	0.05	983	500	0	500	0	0	1	0
0	20	0.05	984	500	0	500	0	0	1	0
0	20	0.05	985	500	0	500	0	0	1	0
0	20	0.05	986	500	0	500	0	0	1	0
0	20	0.05	987	500	0	500	0	0	1	0
0	20	0.05	988	500	0	500	0	0	1	0
0	20	0.05	989	500	0	500	0	0	1	0
0	20	0.05	990	500	0	500	0	0	1	0
0	20	0.05	991	500	0	500	0	0	1	0
0	20	0.05	992	500	0	500	0	0	1	0
0	20	0.05	993	500	0	500	0	0	1	0
0	20	0.05	994	500	0	500	0	0	1	0
0	20	0.05	995	500	0	500	0	0	1	0
0	20	0.05	996	500	0	500	0	0	1	0
0	20	0.05	997	500	0	500	0	0	1	0
0	20	0.05	998	500	0	500	0	0	1	0
0	20	0.05	999	500	0	500	0	0	1	0
0	20	0.05	1000	500	0	500	0	0	1	0
0.1	20	0.05	2	500	0	0	500	0	0	1
0.1	20	0.05	3	500	0	0	500	0	0	1
0.1	20	0.05	4	500	0	0	500	0	0	1
0.1	20	0.05	5	500	0	0	500	0	0	1
0.1	20	0.05	6	500	0	0	500	0	0	1
0.1	20	0.05	7	500	0	0	500	0	0	1
0.1	20	0.05	8	500	0	3	497	0	0.006	0.994
0.1	20	0.05	9	500	0	7	493	0	0.014	0.986
0.1	20	0.05	10	500	1	17	482	0.002	0.034	0.964
0.1	20	0.05	11	500	1	19	480	0.002	0.038	0.96
0.1	20	0.05	12	500	5	20	475	0.01	0.04	0.95
0.1	20	0.05	13	500	1	32	467	0.002	0.064	0.934
0.1	20	0.05	14	500	3	35	462	0.006	0.07	0.924
0.1	20	0.05	15	500	3	50	447	0.006	0.1	0.894
0.1	20	0.05	16	500	3	71	426	0.006	0.142	0.852
0.1	20	0.05	17	500	2	57	441	0.004	0.114	0.882
0.1	20	0.05	18	500	3	70	427	0.006	0.14	0.854
0.1	20	0.05	19	500	7	91	402	0.014	0.182	0.804
0.1	20	0.05	20	500	5	91	404	0.01	0.182	0.808
0.1	20	0.05	21	500	7	101	392	0.014	0.202	0.784
0.1	20	0.05	22	500	8	105	387	0.016	0.21	0.774
0.1	20	0.05	23	500	9	131	360	0.018	0.262	0.72
0.1	20	0.05	24	500	8	111	381	0.016	0.222	0.762
0.1	20	0.05	25	500	8	130	362	0.016	0.26	0.724
0.1	20	0.05	26	500	12	139	349	0.024	0.278	0.698
0.1	20	0.05	27	500	10	128	362	0.02	0.256	0.724
0.1	20	0.05	28	500	10	153	337	0.02	0.306	0.674
0.1	20	0.05	29	500	6	144	350	0.012	0.288	0.7
0.1	20	0.05	30	500	8	152	340	0.016	0.304	0.68
0.1	20	0.05	31	500	10	176	314	0.02	0.352	0.628
0.1	20	0.05	32	500	12	142	346	0.024	0.284	0.692
0.1	20	0.05	33	500	15	190	295	0.03	0.38	0.59
0.1	20	0.05	34	500	14	166	320	0.028	0.332	0.64
0.1	20	0.05	35	500	13	185	302	0.026	0.37	0.604
0.1	20	0.05	36	500	14	206	280	0.028	0.412	0.56
0.1	20	0.05	37	500	11	192	297	0.022	0.384	0.594
0.1	20	0.05	38	500	12	177	311	0.024	0.354	0.622
0.1	20	0.05	39	500	13	194	293	0.026	0.388	0.586
0.1	20	0.05	40	500	14	224	262	0.028	0.448	0.524
0.1	20	0.05	41	500	16	226	258	0.032	0.452	0.516
0.1	20	0.05	42	500	13	205	282	0.026	0.41	0.564
0.1	20	0.05	43	500	12	220	268	0.024	0.44	0.536
0.1	20	0.05	44	500	15	233	252	0.03	0.466	0.504
0.1	20	0.05	45	500	10	225	265	0.02	0.45	0.53
0.1	20	0.05	46	500	13	237	250	0.026	0.474	0.5
0.1	20	0.05	47	500	7	240	253	0.014	0.48	0.506
0.1	20	0.05	48	500	12	237	251	0.024	0.474	0.502
0.1	20	0.05	49	500	18	255	227	0.036	0.51	0.454
0.1	20	0.05	50	500	18	239	243	0.036	0.478	0.486
0.1	20	0.05	51	500	8	258	234	0.016	0.516	0.468
0.1	20	0.05	52	500	17	240	243	0.034	0.48	0.486
0.1	20	0.05	53	500	11	238	251	0.022	0.476	0.502
0.1	20	0.05	54	500	6	274	220	0.012	0.548	0.44
0.1	20	0.05	55	500	9	272	219	0.018	0.544	0.438
0.1	20	0.05	56	500	4	276	220	0.008	0.552	0.44
0.1	20	0.05	57	500	10	283	207	0.02	0.566	0.414
0.1	20	0.05	58	500	7	270	223	0.014	0.54	0.446
0.1	20	0.05	59	500	16	263	221	0.032	0.526	0.442
0.1	20	0.05	60	500	7	287	206	0.014	0.574	0.412
0.1	20	0.05	61	500	9	290	201	0.018	0.58	0.402
0.1	20	0.05	62	500	9	293	198	0.018	0.586	0.396
0.1	20	0.05	63	500	10	305	185	0.02	0.61	0.37
0.1	20	0.05	64	500	9	293	198	0.018	0.586	0.396
0.1	20	0.05	65	500	10	287	203	0.02	0.574	0.406
0.1	20	0.05	66	500	11	303	186	0.022	0.606	0.372
0.1	20	0.05	67	500	4	298	198	0.008	0.596	0.396
0.1	20	0.05	68	500	18	298	184	0.036	0.596	0.368
0.1	20	0.05	69	500	17	319	164	0.034	0.638	0.328
0.1	20	0.05	70	500	11	320	169	0.022	0.64	0.338
0.1	20	0.05	71	500	9	312	179	0.018	0.624	0.358
0.1	20	0.05	72	500	9	310	181	0.018	0.62	0.362
0.1	20	0.05	73	500	14	338	148	0.028	0.676	0.296
0.1	20	0.05	74	500	9	329	162	0.018	0.658	0.324
0.1	20	0.05	75	500	3	327	170	0.006	0.654	0.34
0.1	20	0.05	76	500	10	325	165	0.02	0.65	0.33
0.1	20	0.05	77	500	11	335	154	0.022	0.67	0.308
0.1	20	0.05	78	500	16	333	151	0.032	0.666	0.302
0.1	20	0.05	79	500	7	330	163	0.014	0.66	0.326
0.1	20	0.05	80	500	12	341	147	0.024	0.682	0.294
0.1	20	0.05	81	500	6	348	146	0.012	0.696	0.292
0.1	20	0.05	82	500	10	351	139	0.02	0.702	0.278
0.1	20	0.05	83	500	12	336	152	0.024	0.672	0.304
0.1	20	0.05	84	500	10	339	151	0.02	0.678	0.302
0.1	20	0.05	85	500	13	337	150	0.026	0.674	0.3
0.1	20	0.05	86	500	9	331	160	0.018	0.662	0.32
0.1	20	0.05	87	500	12	355	133	0.024	0.71	0.266
0.1	20	0.05	88	500	11	352	137	0.022	0.704	0.274
0.1	20	0.05	89	500	11	348	141	0.022	0.696	0.282
0.1	20	0.05	90	500	10	357	133	0.02	0.714	0.266
0.1	20	0.05	91	500	10	368	122	0.02	0.736	0.244
0.1	20	0.05	92	500	14	368	118	0.028	0.736	0.236
0.1	20	0.05	93	500	5	374	121	0.01	0.748	0.242
0.1	20	0.05	94	500	10	357	133	0.02	0.714	0.266
0.1	20	0.05	95	500	10	385	105	0.02	0.77	0.21
0.1	20	0.05	96	500	9	378	113	0.018	0.756	0.226
0.1	20	0.05	97	500	15	357	128	0.03	0.714	0.256
0.1	20	0.05	98	500	6	365	129	0.012	0.73	0.258
0.1	20	0.05	99	500	10	383	107	0.02	0.766	0.214
0.1	20	0.05	100	500	12	376	112	0.024	0.752	0.224
0.1	20	0.05	101	500	11	378	111	0.022	0.756	0.222
0.1	20	0.05	102	500	11	385	104	0.022	0.77	0.208
0.1	20	0.05	103	500	13	384	103	0.026	0.768	0.206
0.1	20	0.05	104	500	12	387	101	0.024	0.774	0.202
0.1	20	0.05	105	500	8	392	100	0.016	0.784	0.2
0.1	20	0.05	106	500	7	395	98	0.014	0.79	0.196
0.1	20	0.05	107	500	13	383	104	0.026	0.766	0.208
0.1	20	0.05	108	500	6	403	91	0.012	0.806	0.182
0.1	20	0.05	109	500	8	395	97	0.016	0.79	0.194
0.1	20	0.05	110	500	10	382	108	0.02	0.764	0.216
0.1	20	0.05	111	500	6	403	91	0.012	0.806	0.182
0.1	20	0.05	112	500	9	394	97	0.018	0.788	0.194
0.1	20	0.05	113	500	8	401	91	0.016	0.802	0.182
0.1	20	0.05	114	500	9	399	92	0.018	0.798	0.184
0.1	20	0.05	115	500	9	390	101	0.018	0.78	0.202
0.1	20	0.05	116	500	4	398	98	0.008	0.796	0.196
0.1	20	0.05	117	500	10	405	85	0.02	0.81	0.17
0.1	20	0.05	118	500	5	390	105	0.01	0.78	0.21
0.1	20	0.05	119	500	6	412	82	0.012	0.824	0.164
0.1	20	0.05	120	500	9	419	72	0.018	0.838	0.144
0.1	20	0.05	121	500	6	406	88	0.012	0.812	0.176
0.1	20	0.05	122	500	4	407	89	0.008	0.814	0.178
0.1	20	0.05	123	500	5	426	69	0.01	0.852	0.138
0.1	20	0.05	124	500	6	418	76	0.012	0.836	0.152
0.1	20	0.05	125	500	12	402	86	0.024	0.804	0.172
0.1	20	0.05	126	500	7	429	64	0.014	0.858	0.128
0.1	20	0.05	127	500	5	410	85	0.01	0.82	0.17
0.1	20	0.05	128	500	5	416	79	0.01	0.832	0.158
0.1	20	0.05	129	500	6	428	66	0.012	0.856	0.132
0.1	20	0.05	130	500	5	418	77	0.01	0.836	0.154
0.1	20	0.05	131	500	7	428	65	0.014	0.856	0.13
0.1	20	0.05	132	500	10	417	73	0.02	0.834	0.146
0.1	20	0.05	133	500	5	426	69	0.01	0.852	0.138
0.1	20	0.05	134	500	8	422	70	0.016	0.844	0.14
0.1	20	0.05	135	500	12	414	74	0.024	0.828	0.148
0.1	20	0.05	136	500	9	419	72	0.018	0.838	0.144
0.1	20	0.05	137	500	4	420	76	0.008	0.84	0.152
0.1	20	0.05	138	500	4	423	73	0.008	0.846	0.146
0.1	20	0.05	139	500	4	426	70	0.008	0.852	0.14
0.1	20	0.05	140	500	9	432	59	0.018	0.864	0.118
0.1	20	0.05	141	500	4	431	65	0.008	0.862	0.13
0.1	20	0.05	142	500	8	436	56	0.016	0.872	0.112
0.1	20	0.05	143	500	8	435	57	0.016	0.87	0.114
0.1	20	0.05	144	500	3	433	64	0.006	0.866	0.128
0.1	20	0.05	145	500	2	432	66	0.004	0.864	0.132
0.1	20	0.05	146	500	6	435	59	0.012	0.87	0.118
0.1	20	0.05	147	500	5	439	56	0.01	0.878	0.112
0.1	20	0.05	148	500	7	439	54	0.014	0.878	0.108
0.1	20	0.05	149	500	4	432	64	0.008	0.864	0.128
0.1	20	0.05	150	500	6	439	55	0.012	0.878	0.11
0.1	20	0.05	151	500	8	427	65	0.016	0.854	0.13
0.1	20	0.05	152	500	3	449	48	0.006	0.898	0.096
0.1	20	0.05	153	500	1	431	68	0.002	0.862	0.136
0.1	20	0.05	154	500	6	428	66	0.012	0.856	0.132
0.1	20	0.05	155	500	8	432	60	0.016	0.864	0.12
0.1	20	0.05	156	500	4	437	59	0.008	0.874	0.118
0.1	20	0.05	157	500	7	435	58	0.014	0.87	0.116
0.1	20	0.05	158	500	2	433	65	0.004	0.866	0.13
0.1	20	0.05	159	500	5	442	53	0.01	0.884	0.106
0.1	20	0.05	160	500	3	449	48	0.006	0.898	0.096
0.1	20	0.05	161	500	4	439	57	0.008	0.878	0.114
0.1	20	0.05	162	500	9	441	50	0.018	0.882	0.1
0.1	20	0.05	163	500	2	439	59	0.004	0.878	0.118
0.1	20	0.05	164	500	4	448	48	0.008	0.896	0.096
0.1	20	0.05	165	500	3	443	54	0.006	0.886	0.108
0.1	20	0.05	166	500	5	445	50	0.01	0.89	0.1
0.1	20	0.05	167	500	3	434	63	0.006	0.868	0.126
0.1	20	0.05	168	500	3	450	47	0.006	0.9	0.094
0.1	20	0.05	169	500	6	447	47	0.012	0.894	0.094
0.1	20	0.05	170	500	6	465	29	0.012	0.93	0.058
0.1	20	0.05	171	500	3	462	35	0.006	0.924	0.07
0.1	20	0.05	172	500	3	445	52	0.006	0.89	0.104
0.1	20	0.05	173	500	3	455	42	0.006	0.91	0.084
0.1	20	0.05	174	500	3	454	43	0.006	0.908	0.086
0.1	20	0.05	175	500	4	444	52	0.008	0.888	0.104
0.1	20	0.05	176	500	7	441	52	0.014	0.882	0.104
0.1	20	0.05	177	500	6	448	46	0.012	0.896	0.092
0.1	20	0.05	178	500	3	442	55	0.006	0.884	0.11
0.1	20	0.05	179	500	8	451	41	0.016	0.902	0.082
0.1	20	0.05	180	500	3	454	43	0.006	0.908	0.086
0.1	20	0.05	181	500	3	471	26	0.006	0.942	0.052
0.1	20	0.05	182	500	4	459	37	0.008	0.918	0.074
0.1	20	0.05	183	500	4	457	39	0.008	0.914	0.078
0.1	20	0.05	184	500	1	475	24	0.002	0.95	0.048
0.1	20	0.05	185	500	4	464	32	0.008	0.928	0.064
0.1	20	0.05	186	500	4	473	23	0.008	0.946	0.046
0.1	20	0.05	187	500	5	459	36	0.01	0.918	0.072
0.1	20	0.05	188	500	3	463	34	0.006	0.926	0.068
0.1	20	0.05	189	500	2	467	31	0.004	0.934	0.062
0.1	20	0.05	190	500	4	457	39	0.008	0.914	0.078
0.1	20	0.05	191	500	2	456	42	0.004	0.912	0.084
0.1	20	0.05	192	500	5	464	31	0.01	0.928	0.062
0.1	20	0.05	193	500	4	461	35	0.008	0.922	0.07
0.1	20	0.05	194	500	3	467	30	0.006	0.934	0.06
0.1	20	0.05	195	500	2	466	32	0.004	0.932	0.064
0.1	20	0.05	196	500	6	467	27	0.012	0.934	0.054
0.1	20	0.05	197	500	2	460	38	0.004	0.92	0.076
0.1	20	0.05	198	500	4	459	37	0.008	0.918	0.074
0.1	20	0.05	199	500	0	471	29	0	0.942	0.058
0.1	20	0.05	200	500	2	468	30	0.004	0.936	0.06
0.1	20	0.05	201	500	3	471	26	0.006	0.942	0.052
0.1	20	0.05	202	500	3	466	31	0.006	0.932	0.062
0.1	20	0.05	203	500	4	466	30	0.008	0.932	0.06
0.1	20	0.05	204	500	3	472	25	0.006	0.944	0.05
0.1	20	0.05	205	500	5	458	37	0.01	0.916	0.074
0.1	20	0.05	206	500	4	466	30	0.008	0.932	0.06
0.1	20	0.05	207	500	5	474	21	0.01	0.948	0.042
0.1	20	0.05	208	500	5	465	30	0.01	0.93	0.06
0.1	20	0.05	209	500	2	464	34	0.004	0.928	0.068
0.1	20	0.05	210	500	6	466	28	0.012	0.932	0.056
0.1	20	0.05	211	500	3	463	34	0.006	0.926	0.068
0.1	20	0.05	212	500	5	461	34	0.01	0.922	0.068
0.1	20	0.05	213	500	1	466	33	0.002	0.932	0.066
0.1	20	0.05	214	500	4	467	29	0.008	0.934	0.058
0.1	20	0.05	215	500	2	464	34	0.004	0.928	0.068
0.1	20	0.05	216	500	4	467	29	0.008	0.934	0.058
0.1	20	0.05	217	500	3	473	24	0.006	0.946	0.048
0.1	20	0.05	218	500	2	466	32	0.004	0.932	0.064
0.1	20	0.05	219	500	1	483	16	0.002	0.966	0.032
0.1	20	0.05	220	500	5	475	20	0.01	0.95	0.04
0.1	20	0.05	221	500	3	479	18	0.006	0.958	0.036
0.1	20	0.05	222	500	2	467	31	0.004	0.934	0.062
0.1	20	0.05	223	500	0	468	32	0	0.936	0.064
0.1	20	0.05	224	500	2	467	31	0.004	0.934	0.062
0.1	20	0.05	225	500	3	485	12	0.006	0.97	0.024
0.1	20	0.05	226	500	3	469	28	0.006	0.938	0.056
0.1	20	0.05	227	500	1	477	22	0.002	0.954	0.044
0.1	20	0.05	228	500	6	468	26	0.012	0.936	0.052
0.1	20	0.05	229	500	1	478	21	0.002	0.956	0.042
0.1	20	0.05	230	500	2	478	20	0.004	0.956	0.04
0.1	20	0.05	231	500	0	479	21	0	0.958	0.042
0.1	20	0.05	232	500	2	481	17	0.004	0.962	0.034
0.1	20	0.05	233	500	4	485	11	0.008	0.97	0.022
0.1	20	0.05	234	500	2	483	15	0.004	0.966	0.03
0.1	20	0.05	235	500	4	469	27	0.008	0.938	0.054
0.1	20	0.05	236	500	3	482	15	0.006	0.964	0.03
0.1	20	0.05	237	500	7	469	24	0.014	0.938	0.048
0.1	20	0.05	238	500	1	481	18	0.002	0.962	0.036
0.1	20	0.05	239	500	1	478	21	0.002	0.956	0.042
0.1	20	0.05	240	500	1	480	19	0.002	0.96	0.038
0.1	20	0.05	241	500	1	481	18	0.002	0.962	0.036
0.1	20	0.05	242	500	2	482	16	0.004	0.964	0.032
0.1	20	0.05	243	500	2	479	19	0.004	0.958	0.038
0.1	20	0.05	244	500	1	480	19	0.002	0.96	0.038
0.1	20	0.05	245	500	1	487	12	0.002	0.974	0.024
0.1	20	0.05	246	500	3	477	20	0.006	0.954	0.04
0.1	20	0.05	247	500	2	482	16	0.004	0.964	0.032
0.1	20	0.05	248	500	6	471	23	0.012	0.942	0.046
0.1	20	0.05	249	500	4	482	14	0.008	0.964	0.028
0.1	20	0.05	250	500	1	484	15	0.002	0.968	0.03
0.1	20	0.05	251	500	1	481	18	0.002	0.962	0.036
0.1	20	0.05	252	500	0	482	18	0	0.964	0.036
0.1	20	0.05	253	500	1	473	26	0.002	0.946	0.052
0.1	20	0.05	254	500	1	485	14	0.002	0.97	0.028
0.1	20	0.05	255	500	1	479	20	0.002	0.958	0.04
0.1	20	0.05	256	500	8	479	13	0.016	0.958	0.026
0.1	20	0.05	257	500	4	479	17	0.008	0.958	0.034
0.1	20	0.05	258	500	0	483	17	0	0.966	0.034
0.1	20	0.05	259	500	2	482	16	0.004	0.964	0.032
0.1	20	0.05	260	500	3	480	17	0.006	0.96	0.034
0.1	20	0.05	261	500	1	477	22	0.002	0.954	0.044
0.1	20	0.05	262	500	4	483	13	0.008	0.966	0.026
0.1	20	0.05	263	500	3	479	18	0.006	0.958	0.036
0.1	20	0.05	264	500	2	484	14	0.004	0.968	0.028
0.1	20	0.05	265	500	2	488	10	0.004	0.976	0.02
0.1	20	0.05	266	500	1	490	9	0.002	0.98	0.018
0.1	20	0.05	267	500	0	489	11	0	0.978	0.022
0.1	20	0.05	268	500	2	491	7	0.004	0.982	0.014
0.1	20	0.05	269	500	1	483	16	0.002	0.966	0.032
0.1	20	0.05	270	500	0	484	16	0	0.968	0.032
0.1	20	0.05	271	500	1	491	8	0.002	0.982	0.016
0.1	20	0.05	272	500	1	488	11	0.002	0.976	0.022
0.1	20	0.05	273	500	2	483	15	0.004	0.966	0.03
0.1	20	0.05	274	500	3	484	13	0.006	0.968	0.026
0.1	20	0.05	275	500	2	488	10	0.004	0.976	0.02
0.1	20	0.05	276	500	1	485	14	0.002	0.97	0.028
0.1	20	0.05	277	500	1	483	16	0.002	0.966	0.032
0.1	20	0.05	278	500	3	478	19	0.006	0.956	0.038
0.1	20	0.05	279	500	1	487	12	0.002	0.974	0.024
0.1	20	0.05	280	500	2	490	8	0.004	0.98	0.016
0.1	20	0.05	281	500	0	488	12	0	0.976	0.024
0.1	20	0.05	282	500	2	481	17	0.004	0.962	0.034
0.1	20	0.05	283	500	2	485	13	0.004	0.97	0.026
0.1	20	0.05	284	500	2	485	13	0.004	0.97	0.026
0.1	20	0.05	285	500	0	484	16	0	0.968	0.032
0.1	20	0.05	286	500	1	488	11	0.002	0.976	0.022
0.1	20	0.05	287	500	0	491	9	0	0.982	0.018
0.1	20	0.05	288	500	1	484	15	0.002	0.968	0.03
0.1	20	0.05	289	500	0	487	13	0	0.974	0.026
0.1	20	0.05	290	500	2	487	11	0.004	0.974	0.022
0.1	20	0.05	291	500	6	484	10	0.012	0.968	0.02
0.1	20	0.05	292	500	0	494	6	0	0.988	0.012
0.1	20	0.05	293	500	2	488	10	0.004	0.976	0.02
0.1	20	0.05	294	500	0	490	10	0	0.98	0.02
0.1	20	0.05	295	500	4	482	14	0.008	0.964	0.028
0.1	20	0.05	296	500	0	485	15	0	0.97	0.03
0.1	20	0.05	297	500	5	487	8	0.01	0.974	0.016
0.1	20	0.05	298	500	1	496	3	0.002	0.992	0.006
0.1	20	0.05	299	500	0	487	13	0	0.974	0.026
0.1	20	0.05	300	500	0	487	13	0	0.974	0.026
0.1	20	0.05	301	500	0	490	10	0	0.98	0.02
0.1	20	0.05	302	500	1	493	6	0.002	0.986	0.012
0.1	20	0.05	303	500	0	491	9	0	0.982	0.018
0.1	20	0.05	304	500	1	487	12	0.002	0.974	0.024
0.1	20	0.05	305	500	2	494	4	0.004	0.988	0.008
0.1	20	0.05	306	500	1	490	9	0.002	0.98	0.018
0.1	20	0.05	307	500	2	494	4	0.004	0.988	0.008
0.1	20	0.05	308	500	0	489	11	0	0.978	0.022
0.1	20	0.05	309	500	4	486	10	0.008	0.972	0.02
0.1	20	0.05	310	500	1	488	11	0.002	0.976	0.022
0.1	20	0.05	311	500	1	493	6	0.002	0.986	0.012
0.1	20	0.05	312	500	2	490	8	0.004	0.98	0.016
0.1	20	0.05	313	500	2	489	9	0.004	0.978	0.018
0.1	20	0.05	314	500	0	488	12	0	0.976	0.024
0.1	20	0.05	315	500	2	490	8	0.004	0.98	0.016
0.1	20	0.05	316	500	3	491	6	0.006	0.982	0.012
0.1	20	0.05	317	500	0	496	4	0	0.992	0.008
0.1	20	0.05	318	500	1	493	6	0.002	0.986	0.012
0.1	20	0.05	319	500	1	493	6	0.002	0.986	0.012
0.1	20	0.05	320	500	1	487	12	0.002	0.974	0.024
0.1	20	0.05	321	500	1	492	7	0.002	0.984	0.014
0.1	20	0.05	322	500	3	491	6	0.006	0.982	0.012
0.1	20	0.05	323	500	0	493	7	0	0.986	0.014
0.1	20	0.05	324	500	0	493	7	0	0.986	0.014
0.1	20	0.05	325	500	0	491	9	0	0.982	0.018
0.1	20	0.05	326	500	0	495	5	0	0.99	0.01
0.1	20	0.05	327	500	0	487	13	0	0.974	0.026
0.1	20	0.05	328	500	0	487	13	0	0.974	0.026
0.1	20	0.05	329	500	1	495	4	0.002	0.99	0.008
0.1	20	0.05	330	500	2	491	7	0.004	0.982	0.014
0.1	20	0.05	331	500	1	492	7	0.002	0.984	0.014
0.1	20	0.05	332	500	2	494	4	0.004	0.988	0.008
0.1	20	0.05	333	500	1	492	7	0.002	0.984	0.014
0.1	20	0.05	334	500	0	497	3	0	0.994	0.006
0.1	20	0.05	335	500	1	497	2	0.002	0.994	0.004
0.1	20	0.05	336	500	2	491	7	0.004	0.982	0.014
0.1	20	0.05	337	500	0	485	15	0	0.97	0.03
0.1	20	0.05	338	500	3	492	5	0.006	0.984	0.01
0.1	20	0.05	339	500	0	494	6	0	0.988	0.012
0.1	20	0.05	340	500	0	495	5	0	0.99	0.01
0.1	20	0.05	341	500	0	494	6	0	0.988	0.012
0.1	20	0.05	342	500	2	492	6	0.004	0.984	0.012
0.1	20	0.05	343	500	0	496	4	0	0.992	0.008
0.1	20	0.05	344	500	0	495	5	0	0.99	0.01
0.1	20	0.05	345	500	0	496	4	0	0.992	0.008
0.1	20	0.05	346	500	0	490	10	0	0.98	0.02
0.1	20	0.05	347	500	2	493	5	0.004	0.986	0.01
0.1	20	0.05	348	500	1	491	8	0.002	0.982	0.016
0.1	20	0.05	349	500	0	496	4	0	0.992	0.008
0.1	20	0.05	350	500	0	493	7	0	0.986	0.014
0.1	20	0.05	351	500	2	494	4	0.004	0.988	0.008
0.1	20	0.05	352	500	1	496	3	0.002	0.992	0.006
0.1	20	0.05	353	500	0	497	3	0	0.994	0.006
0.1	20	0.05	354	500	1	493	6	0.002	0.986	0.012
0.1	20	0.05	355	500	1	492	7	0.002	0.984	0.014
0.1	20	0.05	356	500	0	496	4	0	0.992	0.008
0.1	20	0.05	357	500	1	496	3	0.002	0.992	0.006
0.1	20	0.05	358	500	1	498	1	0.002	0.996	0.002
0.1	20	0.05	359	500	0	495	5	0	0.99	0.01
0.1	20	0.05	360	500	1	492	7	0.002	0.984	0.014
0.1	20	0.05	361	500	0	496	4	0	0.992	0.008
0.1	20	0.05	362	500	1	495	4	0.002	0.99	0.008
0.1	20	0.05	363	500	0	494	6	0	0.988	0.012
0.1	20	0.05	364	500	0	496	4	0	0.992	0.008
0.1	20	0.05	365	500	0	493	7	0	0.986	0.014
0.1	20	0.05	366	500	0	496	4	0	0.992	0.008
0.1	20	0.05	367	500	0	499	1	0	0.998	0.002
0.1	20	0.05	368	500	0	492	8	0	0.984	0.016
0.1	20	0.05	369	500	0	496	4	0	0.992	0.008
0.1	20	0.05	370	500	0	492	8	0	0.984	0.016
0.1	20	0.05	371	500	2	493	5	0.004	0.986	0.01
0.1	20	0.05	372	500	0	496	4	0	0.992	0.008
0.1	20	0.05	373	500	1	493	6	0.002	0.986	0.012
0.1	20	0.05	374	500	1	494	5	0.002	0.988	0.01
0.1	20	0.05	375	500	1	494	5	0.002	0.988	0.01
0.1	20	0.05	376	500	0	494	6	0	0.988	0.012
0.1	20	0.05	377	500	1	497	2	0.002	0.994	0.004
0.1	20	0.05	378	500	1	494	5	0.002	0.988	0.01
0.1	20	0.05	379	500	1	493	6	0.002	0.986	0.012
0.1	20	0.05	380	500	1	491	8	0.002	0.982	0.016
0.1	20	0.05	381	500	1	495	4	0.002	0.99	0.008
0.1	20	0.05	382	500	0	495	5	0	0.99	0.01
0.1	20	0.05	383	500	1	498	1	0.002	0.996	0.002
0.1	20	0.05	384	500	0	497	3	0	0.994	0.006
0.1	20	0.05	385	500	1	498	1	0.002	0.996	0.002
0.1	20	0.05	386	500	0	499	1	0	0.998	0.002
0.1	20	0.05	387	500	0	498	2	0	0.996	0.004
0.1	20	0.05	388	500	2	494	4	0.004	0.988	0.008
0.1	20	0.05	389	500	0	496	4	0	0.992	0.008
0.1	20	0.05	390	500	1	496	3	0.002	0.992	0.006
0.1	20	0.05	391	500	0	494	6	0	0.988	0.012
0.1	20	0.05	392	500	0	495	5	0	0.99	0.01
0.1	20	0.05	393	500	1	497	2	0.002	0.994	0.004
0.1	20	0.05	394	500	1	498	1	0.002	0.996	0.002
0.1	20	0.05	395	500	0	496	4	0	0.992	0.008
0.1	20	0.05	396	500	0	500	0	0	1	0
0.1	20	0.05	397	500	0	499	1	0	0.998	0.002
0.1	20	0.05	398	500	1	491	8	0.002	0.982	0.016
0.1	20	0.05	399	500	0	497	3	0	0.994	0.006
0.1	20	0.05	400	500	2	497	1	0.004	0.994	0.002
0.1	20	0.05	401	500	0	499	1	0	0.998	0.002
0.1	20	0.05	402	500	0	497	3	0	0.994	0.006
0.1	20	0.05	403	500	0	497	3	0	0.994	0.006
0.1	20	0.05	404	500	0	498	2	0	0.996	0.004
0.1	20	0.05	405	500	0	495	5	0	0.99	0.01
0.1	20	0.05	406	500	1	491	8	0.002	0.982	0.016
0.1	20	0.05	407	500	0	498	2	0	0.996	0.004
0.1	20	0.05	408	500	0	500	0	0	1	0
0.1	20	0.05	409	500	0	496	4	0	0.992	0.008
0.1	20	0.05	410	500	0	496	4	0	0.992	0.008
0.1	20	0.05	411	500	1	498	1	0.002	0.996	0.002
0.1	20	0.05	412	500	0	498	2	0	0.996	0.004
0.1	20	0.05	413	500	2	494	4	0.004	0.988	0.008
0.1	20	0.05	414	500	0	499	1	0	0.998	0.002
0.1	20	0.05	415	500	0	496	4	0	0.992	0.008
0.1	20	0.05	416	500	0	498	2	0	0.996	0.004
0.1	20	0.05	417	500	1	499	0	0.002	0.998	0
0.1	20	0.05	418	500	0	499	1	0	0.998	0.002
0.1	20	0.05	419	500	0	500	0	0	1	0
0.1	20	0.05	420	500	0	499	1	0	0.998	0.002
0.1	20	0.05	421	500	0	500	0	0	1	0
0.1	20	0.05	422	500	0	500	0	0	1	0
0.1	20	0.05	423	500	0	500	0	0	1	0
0.1	20	0.05	424	500	0	500	0	0	1	0
0.1	20	0.05	425	500	1	499	0	0.002	0.998	0
0.1	20	0.05	426	500	0	500	0	0	1	0
0.1	20	0.05	427	500	0	500	0	0	1	0
0.1	20	0.05	428	500	0	500	0	0	1	0
0.1	20	0.05	429	500	0	500	0	0	1	0
0.1	20	0.05	430	500	0	500	0	0	1	0
0.1	20	0.05	431	500	0	500	0	0	1	0
0.1	20	0.05	432	500	0	500	0	0	1	0
0.1	20	0.05	433	500	0	500	0	0	1	0
0.1	20	0.05	434	500	0	500	0	0	1	0
0.1	20	0.05	435	500	0	500	0	0	1	0
0.1	20	0.05	436	500	0	500	0	0	1	0
0.1	20	0.05	437	500	0	500	0	0	1	0
0.1	20	0.05	438	500	0	500	0	0	1	0
0.1	20	0.05	439	500	0	500	0	0	1	0
0.1	20	0.05	440	500	0	500	0	0	1	0
0.1	20	0.05	441	500	0	500	0	0	1	0
0.1	20	0.05	442	500	0	500	0	0	1	0
0.1	20	0.05	443	500	0	500	0	0	1	0
0.1	20	0.05	444	500	0	500	0	0	1	0
0.1	20	0.05	445	500	0	500	0	0	1	0
0.1	20	0.05	446	500	0	500	0	0	1	0
0.1	20	0.05	447	500	0	500	0	0	1	0
0.1	20	0.05	448	500	0	500	0	0	1	0
0.1	20	0.05	449	500	0	500	0	0	1	0
0.1	20	0.05	450	500	0	500	0	0	1	0
0.1	20	0.05	451	500	0	500	0	0	1	0
0.1	20	0.05	452	500	0	500	0	0	1	0
0.1	20	0.05	453	500	0	500	0	0	1	0
0.1	20	0.05	454	500	0	500	0	0	1	0
0.1	20	0.05	455	500	0	500	0	0	1	0
0.1	20	0.05	456	500	0	500	0	0	1	0
0.1	20	0.05	457	500	0	500	0	0	1	0
0.1	20	0.05	458	500	0	500	0	0	1	0
0.1	20	0.05	459	500	0	500	0	0	1	0
0.1	20	0.05	460	500	0	500	0	0	1	0
0.1	20	0.05	461	500	0	500	0	0	1	0
0.1	20	0.05	462	500	0	500	0	0	1	0
0.1	20	0.05	463	500	0	500	0	0	1	0
0.1	20	0.05	464	500	0	500	0	0	1	0
0.1	20	0.05	465	500	0	500	0	0	1	0
0.1	20	0.05	466	500	0	500	0	0	1	0
0.1	20	0.05	467	500	0	500	0	0	1	0
0.1	20	0.05	468	500	0	500	0	0	1	0
0.1	20	0.05	469	500	0	500	0	0	1	0
0.1	20	0.05	470	500	0	500	0	0	1	0
0.1	20	0.05	471	500	0	500	0	0	1	0
0.1	20	0.05	472	500	0	500	0	0	1	0
0.1	20	0.05	473	500	0	500	0	0	1	0
0.1	20	0.05	474	500	0	500	0	0	1	0
0.1	20	0.05	475	500	0	500	0	0	1	0
0.1	20	0.05	476	500	0	500	0	0	1	0
0.1	20	0.05	477	500	0	500	0	0	1	0
0.1	20	0.05	478	500	0	500	0	0	1	0
0.1	20	0.05	479	500	0	500	0	0	1	0
0.1	20	0.05	480	500	0	500	0	0	1	0
0.1	20	0.05	481	500	0	500	0	0	1	0
0.1	20	0.05	482	500	0	500	0	0	1	0
0.1	20	0.05	483	500	0	500	0	0	1	0
0.1	20	0.05	484	500	0	500	0	0	1	0
0.1	20	0.05	485	500	0	500	0	0	1	0
0.1	20	0.05	486	500	0	500	0	0	1	0
0.1	20	0.05	487	500	0	500	0	0	1	0
0.1	20	0.05	488	500	0	500	0	0	1	0
0.1	20	0.05	489	500	0	500	0	0	1	0
0.1	20	0.05	490	500	0	500	0	0	1	0
0.1	20	0.05	491	500	0	500	0	0	1	0
0.1	20	0.05	492	500	0	500	0	0	1	0
0.1	20	0.05	493	500	0	500	0	0	1	0
0.1	20	0.05	494	500	0	500	0	0	1	0
0.1	20	0.05	495	500	0	500	0	0	1	0
0.1	20	0.05	496	500	0	500	0	0	1	0
0.1	20	0.05	497	500	0	500	0	0	1	0
0.1	20	0.05	498	500	0	500	0	0	1	0
0.1	20	0.05	499	500	0	500	0	0	1	0
0.1	20	0.05	500	500	0	500	0	0	1	0
0.1	20	0.05	501	500	0	500	0	0	1	0
0.1	20	0.05	502	500	0	500	0	0	1	0
0.1	20	0.05	503	500	0	500	0	0	1	0
0.1	20	0.05	504	500	0	500	0	0	1	0
0.1	20	0.05	505	500	0	500	0	0	1	0
0.1	20	0.05	506	500	0	500	0	0	1	0
0.1	20	0.05	507	500	0	500	0	0	1	0
0.1	20	0.05	508	500	0	500	0	0	1	0
0.1	20	0.05	509	500	0	500	0	0	1	0
0.1	20	0.05	510	500	0	500	0	0	1	0
0.1	20	0.05	511	500	0	500	0	0	1	0
0.1	20	0.05	512	500	0	500	0	0	1	0
0.1	20	0.05	513	500	0	500	0	0	1	0
0.1	20	0.05	514	500	0	500	0	0	1	0
0.1	20	0.05	515	500	0	500	0	0	1	0
0.1	20	0.05	516	500	0	500	0	0	1	0
0.1	20	0.05	517	500	0	500	0	0	1	0
0.1	20	0.05	518	500	0	500	0	0	1	0
0.1	20	0.05	519	500	0	500	0	0	1	0
0.1	20	0.05	520	500	0	500	0	0	1	0
0.1	20	0.05	521	500	0	500	0	0	1	0
0.1	20	0.05	522	500	0	500	0	0	1	0
0.1	20	0.05	523	500	0	500	0	0	1	0
0.1	20	0.05	524	500	0	500	0	0	1	0
0.1	20	0.05	525	500	0	500	0	0	1	0
0.1	20	0.05	526	500	0	500	0	0	1	0
0.1	20	0.05	527	500	0	500	0	0	1	0
0.1	20	0.05	528	500	0	500	0	0	1	0
0.1	20	0.05	529	500	0	500	0	0	1	0
0.1	20	0.05	530	500	0	500	0	0	1	0
0.1	20	0.05	531	500	0	500	0	0	1	0
0.1	20	0.05	532	500	0	500	0	0	1	0
0.1	20	0.05	533	500	0	500	0	0	1	0
0.1	20	0.05	534	500	0	500	0	0	1	0
0.1	20	0.05	535	500	0	500	0	0	1	0
0.1	20	0.05	536	500	0	500	0	0	1	0
0.1	20	0.05	537	500	0	500	0	0	1	0
0.1	20	0.05	538	500	0	500	0	0	1	0
0.1	20	0.05	539	500	0	500	0	0	1	0
0.1	20	0.05	540	500	0	500	0	0	1	0
0.1	20	0.05	541	500	0	500	0	0	1	0
0.1	20	0.05	542	500	0	500	0	0	1	0
0.1	20	0.05	543	500	0	500	0	0	1	0
0.1	20	0.05	544	500	0	500	0	0	1	0
0.1	20	0.05	545	500	0	500	0	0	1	0
0.1	20	0.05	546	500	0	500	0	0	1	0
0.1	20	0.05	547	500	0	500	0	0	1	0
0.1	20	0.05	548	500	0	500	0	0	1	0
0.1	20	0.05	549	500	0	500	0	0	1	0
0.1	20	0.05	550	500	0	500	0	0	1	0
0.1	20	0.05	551	500	0	500	0	0	1	0
0.1	20	0.05	552	500	0	500	0	0	1	0
0.1	20	0.05	553	500	0	500	0	0	1	0
0.1	20	0.05	554	500	0	500	0	0	1	0
0.1	20	0.05	555	500	0	500	0	0	1	0
0.1	20	0.05	556	500	0	500	0	0	1	0
0.1	20	0.05	557	500	0	500	0	0	1	0
0.1	20	0.05	558	500	0	500	0	0	1	0
0.1	20	0.05	559	500	0	500	0	0	1	0
0.1	20	0.05	560	500	0	500	0	0	1	0
0.1	20	0.05	561	500	0	500	0	0	1	0
0.1	20	0.05	562	500	0	500	0	0	1	0
0.1	20	0.05	563	500	0	500	0	0	1	0
0.1	20	0.05	564	500	0	500	0	0	1	0
0.1	20	0.05	565	500	0	500	0	0	1	0
0.1	20	0.05	566	500	0	500	0	0	1	0
0.1	20	0.05	567	500	0	500	0	0	1	0
0.1	20	0.05	568	500	0	500	0	0	1	0
0.1	20	0.05	569	500	0	500	0	0	1	0
0.1	20	0.05	570	500	0	500	0	0	1	0
0.1	20	0.05	571	500	0	500	0	0	1	0
0.1	20	0.05	572	500	0	500	0	0	1	0
0.1	20	0.05	573	500	0	500	0	0	1	0
0.1	20	0.05	574	500	0	500	0	0	1	0
0.1	20	0.05	575	500	0	500	0	0	1	0
0.1	20	0.05	576	500	0	500	0	0	1	0
0.1	20	0.05	577	500	0	500	0	0	1	0
0.1	20	0.05	578	500	0	500	0	0	1	0
0.1	20	0.05	579	500	0	500	0	0	1	0
0.1	20	0.05	580	500	0	500	0	0	1	0
0.1	20	0.05	581	500	0	500	0	0	1	0
0.1	20	0.05	582	500	0	500	0	0	1	0
0.1	20	0.05	583	500	0	500	0	0	1	0
0.1	20	0.05	584	500	0	500	0	0	1	0
0.1	20	0.05	585	500	0	500	0	0	1	0
0.1	20	0.05	586	500	0	500	0	0	1	0
0.1	20	0.05	587	500	0	500	0	0	1	0
0.1	20	0.05	588	500	0	500	0	0	1	0
0.1	20	0.05	589	500	0	500	0	0	1	0
0.1	20	0.05	590	500	0	500	0	0	1	0
0.1	20	0.05	591	500	0	500	0	0	1	0
0.1	20	0.05	592	500	0	500	0	0	1	0
0.1	20	0.05	593	500	0	500	0	0	1	0
0.1	20	0.05	594	500	0	500	0	0	1	0
0.1	20	0.05	595	500	0	500	0	0	1	0
0.1	20	0.05	596	500	0	500	0	0	1	0
0.1	20	0.05	597	500	0	500	0	0	1	0
0.1	20	0.05	598	500	0	500	0	0	1	0
0.1	20	0.05	599	500	0	500	0	0	1	0
0.1	20	0.05	600	500	0	500	0	0	1	0
0.1	20	0.05	601	500	0	500	0	0	1	0
0.1	20	0.05	602	500	0	500	0	0	1	0
0.1	20	0.05	603	500	0	500	0	0	1	0
0.1	20	0.05	604	500	0	500	0	0	1	0
0.1	20	0.05	605	500	0	500	0	0	1	0
0.1	20	0.05	606	500	0	500	0	0	1	0
0.1	20	0.05	607	500	0	500	0	0	1	0
0.1	20	0.05	608	500	0	500	0	0	1	0
0.1	20	0.05	609	500	0	500	0	0	1	0
0.1	20	0.05	610	500	0	500	0	0	1	0
0.1	20	0.05	611	500	0	500	0	0	1	0
0.1	20	0.05	612	500	0	500	0	0	1	0
0.1	20	0.05	613	500	0	500	0	0	1	0
0.1	20	0.05	614	500	0	500	0	0	1	0
0.1	20	0.05	615	500	0	500	0	0	1	0
0.1	20	0.05	616	500	0	500	0	0	1	0
0.1	20	0.05	617	500	0	500	0	0	1	0
0.1	20	0.05	618	500	0	500	0	0	1	0
0.1	20	0.05	619	500	0	500	0	0	1	0
0.1	20	0.05	620	500	0	500	0	0	1	0
0.1	20	0.05	621	500	0	500	0	0	1	0
0.1	20	0.05	622	500	0	500	0	0	1	0
0.1	20	0.05	623	500	0	500	0	0	1	0
0.1	20	0.05	624	500	0	500	0	0	1	0
0.1	20	0.05	625	500	0	500	0	0	1	0
0.1	20	0.05	626	500	0	500	0	0	1	0
0.1	20	0.05	627	500	0	500	0	0	1	0
0.1	20	0.05	628	500	0	500	0	0	1	0
0.1	20	0.05	629	500	0	500	0	0	1	0
0.1	20	0.05	630	500	0	500	0	0	1	0
0.1	20	0.05	631	500	0	500	0	0	1	0
0.1	20	0.05	632	500	0	500	0	0	1	0
0.1	20	0.05	633	500	0	500	0	0	1	0
0.1	20	0.05	634	500	0	500	0	0	1	0
0.1	20	0.05	635	500	0	500	0	0	1	0
0.1	20	0.05	636	500	0	500	0	0	1	0
0.1	20	0.05	637	500	0	500	0	0	1	0
0.1	20	0.05	638	500	0	500	0	0	1	0
0.1	20	0.05	639	500	0	500	0	0	1	0
0.1	20	0.05	640	500	0	500	0	0	1	0
0.1	20	0.05	641	500	0	500	0	0	1	0
0.1	20	0.05	642	500	0	500	0	0	1	0
0.1	20	0.05	643	500	0	500	0	0	1	0
0.1	20	0.05	644	500	0	500	0	0	1	0
0.1	20	0.05	645	500	0	500	0	0	1	0
0.1	20	0.05	646	500	0	500	0	0	1	0
0.1	20	0.05	647	500	0	500	0	0	1	0
0.1	20	0.05	648	500	0	500	0	0	1	0
0.1	20	0.05	649	500	0	500	0	0	1	0
0.1	20	0.05	650	500	0	500	0	0	1	0
0.1	20	0.05	651	500	0	500	0	0	1	0
0.1	20	0.05	652	500	0	500	0	0	1	0
0.1	20	0.05	653	500	0	500	0	0	1	0
0.1	20	0.05	654	500	0	500	0	0	1	0
0.1	20	0.05	655	500	0	500	0	0	1	0
0.1	20	0.05	656	500	0	500	0	0	1	0
0.1	20	0.05	657	500	0	500	0	0	1	0
0.1	20	0.05	658	500	0	500	0	0	1	0
0.1	20	0.05	659	500	0	500	0	0	1	0
0.1	20	0.05	660	500	0	500	0	0	1	0
0.1	20	0.05	661	500	0	500	0	0	1	0
0.1	20	0.05	662	500	0	500	0	0	1	0
0.1	20	0.05	663	500	0	500	0	0	1	0
0.1	20	0.05	664	500	0	500	0	0	1	0
0.1	20	0.05	665	500	0	500	0	0	1	0
0.1	20	0.05	666	500	0	500	0	0	1	0
0.1	20	0.05	667	500	0	500	0	0	1	0
0.1	20	0.05	668	500	0	500	0	0	1	0
0.1	20	0.05	669	500	0	500	0	0	1	0
0.1	20	0.05	670	500	0	500	0	0	1	0
0.1	20	0.05	671	500	0	500	0	0	1	0
0.1	20	0.05	672	500	0	500	0	0	1	0
0.1	20	0.05	673	500	0	500	0	0	1	0
0.1	20	0.05	674	500	0	500	0	0	1	0
0.1	20	0.05	675	500	0	500	0	0	1	0
0.1	20	0.05	676	500	0	500	0	0	1	0
0.1	20	0.05	677	500	0	500	0	0	1	0
0.1	20	0.05	678	500	0	500	0	0	1	0
0.1	20	0.05	679	500	0	500	0	0	1	0
0.1	20	0.05	680	500	0	500	0	0	1	0
0.1	20	0.05	681	500	0	500	0	0	1	0
0.1	20	0.05	682	500	0	500	0	0	1	0
0.1	20	0.05	683	500	0	500	0	0	1	0
0.1	20	0.05	684	500	0	500	0	0	1	0
0.1	20	0.05	685	500	0	500	0	0	1	0
0.1	20	0.05	686	500	0	500	0	0	1	0
0.1	20	0.05	687	500	0	500	0	0	1	0
0.1	20	0.05	688	500	0	500	0	0	1	0
0.1	20	0.05	689	500	0	500	0	0	1	0
0.1	20	0.05	690	500	0	500	0	0	1	0
0.1	20	0.05	691	500	0	500	0	0	1	0
0.1	20	0.05	692	500	0	500	0	0	1	0
0.1	20	0.05	693	500	0	500	0	0	1	0
0.1	20	0.05	694	500	0	500	0	0	1	0
0.1	20	0.05	695	500	0	500	0	0	1	0
0.1	20	0.05	696	500	0	500	0	0	1	0
0.1	20	0.05	697	500	0	500	0	0	1	0
0.1	20	0.05	698	500	0	500	0	0	1	0
0.1	20	0.05	699	500	0	500	0	0	1	0
0.1	20	0.05	700	500	0	500	0	0	1	0
0.1	20	0.05	701	500	0	500	0	0	1	0
0.1	20	0.05	702	500	0	500	0	0	1	0
0.1	20	0.05	703	500	0	500	0	0	1	0
0.1	20	0.05	704	500	0	500	0	0	1	0
0.1	20	0.05	705	500	0	500	0	0	1	0
0.1	20	0.05	706	500	0	500	0	0	1	0
0.1	20	0.05	707	500	0	500	0	0	1	0
0.1	20	0.05	708	500	0	500	0	0	1	0
0.1	20	0.05	709	500	0	500	0	0	1	0
0.1	20	0.05	710	500	0	500	0	0	1	0
0.1	20	0.05	711	500	0	500	0	0	1	0
0.1	20	0.05	712	500	0	500	0	0	1	0
0.1	20	0.05	713	500	0	500	0	0	1	0
0.1	20	0.05	714	500	0	500	0	0	1	0
0.1	20	0.05	715	500	0	500	0	0	1	0
0.1	20	0.05	716	500	0	500	0	0	1	0
0.1	20	0.05	717	500	0	500	0	0	1	0
0.1	20	0.05	718	500	0	500	0	0	1	0
0.1	20	0.05	719	500	0	500	0	0	1	0
0.1	20	0.05	720	500	0	500	0	0	1	0
0.1	20	0.05	721	500	0	500	0	0	1	0
0.1	20	0.05	722	500	0	500	0	0	1	0
0.1	20	0.05	723	500	0	500	0	0	1	0
0.1	20	0.05	724	500	0	500	0	0	1	0
0.1	20	0.05	725	500	0	500	0	0	1	0
0.1	20	0.05	726	500	0	500	0	0	1	0
0.1	20	0.05	727	500	0	500	0	0	1	0
0.1	20	0.05	728	500	0	500	0	0	1	0
0.1	20	0.05	729	500	0	500	0	0	1	0
0.1	20	0.05	730	500	0	500	0	0	1	0
0.1	20	0.05	731	500	0	500	0	0	1	0
0.1	20	0.05	732	500	0	500	0	0	1	0
0.1	20	0.05	733	500	0	500	0	0	1	0
0.1	20	0.05	734	500	0	500	0	0	1	0
0.1	20	0.05	735	500	0	500	0	0	1	0
0.1	20	0.05	736	500	0	500	0	0	1	0
0.1	20	0.05	737	500	0	500	0	0	1	0
0.1	20	0.05	738	500	0	500	0	0	1	0
0.1	20	0.05	739	500	0	500	0	0	1	0
0.1	20	0.05	740	500	0	500	0	0	1	0
0.1	20	0.05	741	500	0	500	0	0	1	0
0.1	20	0.05	742	500	0	500	0	0	1	0
0.1	20	0.05	743	500	0	500	0	0	1	0
0.1	20	0.05	744	500	0	500	0	0	1	0
0.1	20	0.05	745	500	0	500	0	0	1	0
0.1	20	0.05	746	500	0	500	0	0	1	0
0.1	20	0.05	747	500	0	500	0	0	1	0
0.1	20	0.05	748	500	0	500	0	0	1	0
0.1	20	0.05	749	500	0	500	0	0	1	0
0.1	20	0.05	750	500	0	500	0	0	1	0
0.1	20	0.05	751	500	0	500	0	0	1	0
0.1	20	0.05	752	500	0	500	0	0	1	0
0.1	20	0.05	753	500	0	500	0	0	1	0
0.1	20	0.05	754	500	0	500	0	0	1	0
0.1	20	0.05	755	500	0	500	0	0	1	0
0.1	20	0.05	756	500	0	500	0	0	1	0
0.1	20	0.05	757	500	0	500	0	0	1	0
0.1	20	0.05	758	500	0	500	0	0	1	0
0.1	20	0.05	759	500	0	500	0	0	1	0
0.1	20	0.05	760	500	0	500	0	0	1	0
0.1	20	0.05	761	500	0	500	0	0	1	0
0.1	20	0.05	762	500	0	500	0	0	1	0
0.1	20	0.05	763	500	0	500	0	0	1	0
0.1	20	0.05	764	500	0	500	0	0	1	0
0.1	20	0.05	765	500	0	500	0	0	1	0
0.1	20	0.05	766	500	0	500	0	0	1	0
0.1	20	0.05	767	500	0	500	0	0	1	0
0.1	20	0.05	768	500	0	500	0	0	1	0
0.1	20	0.05	769	500	0	500	0	0	1	0
0.1	20	0.05	770	500	0	500	0	0	1	0
0.1	20	0.05	771	500	0	500	0	0	1	0
0.1	20	0.05	772	500	0	500	0	0	1	0
0.1	20	0.05	773	500	0	500	0	0	1	0
0.1	20	0.05	774	500	0	500	0	0	1	0
0.1	20	0.05	775	500	0	500	0	0	1	0
0.1	20	0.05	776	500	0	500	0	0	1	0
0.1	20	0.05	777	500	0	500	0	0	1	0
0.1	20	0.05	778	500	0	500	0	0	1	0
0.1	20	0.05	779	500	0	500	0	0	1	0
0.1	20	0.05	780	500	0	500	0	0	1	0
0.1	20	0.05	781	500	0	500	0	0	1	0
0.1	20	0.05	782	500	0	500	0	0	1	0
0.1	20	0.05	783	500	0	500	0	0	1	0
0.1	20	0.05	784	500	0	500	0	0	1	0
0.1	20	0.05	785	500	0	500	0	0	1	0
0.1	20	0.05	786	500	0	500	0	0	1	0
0.1	20	0.05	787	500	0	500	0	0	1	0
0.1	20	0.05	788	500	0	500	0	0	1	0
0.1	20	0.05	789	500	0	500	0	0	1	0
0.1	20	0.05	790	500	0	500	0	0	1	0
0.1	20	0.05	791	500	0	500	0	0	1	0
0.1	20	0.05	792	500	0	500	0	0	1	0
0.1	20	0.05	793	500	0	500	0	0	1	0
0.1	20	0.05	794	500	0	500	0	0	1	0
0.1	20	0.05	795	500	0	500	0	0	1	0
0.1	20	0.05	796	500	0	500	0	0	1	0
0.1	20	0.05	797	500	0	500	0	0	1	0
0.1	20	0.05	798	500	0	500	0	0	1	0
0.1	20	0.05	799	500	0	500	0	0	1	0
0.1	20	0.05	800	500	0	500	0	0	1	0
0.1	20	0.05	801	500	0	500	0	0	1	0
0.1	20	0.05	802	500	0	500	0	0	1	0
0.1	20	0.05	803	500	0	500	0	0	1	0
0.1	20	0.05	804	500	0	500	0	0	1	0
0.1	20	0.05	805	500	0	500	0	0	1	0
0.1	20	0.05	806	500	0	500	0	0	1	0
0.1	20	0.05	807	500	0	500	0	0	1	0
0.1	20	0.05	808	500	0	500	0	0	1	0
0.1	20	0.05	809	500	0	500	0	0	1	0
0.1	20	0.05	810	500	0	500	0	0	1	0
0.1	20	0.05	811	500	0	500	0	0	1	0
0.1	20	0.05	812	500	0	500	0	0	1	0
0.1	20	0.05	813	500	0	500	0	0	1	0
0.1	20	0.05	814	500	0	500	0	0	1	0
0.1	20	0.05	815	500	0	500	0	0	1	0
0.1	20	0.05	816	500	0	500	0	0	1	0
0.1	20	0.05	817	500	0	500	0	0	1	0
0.1	20	0.05	818	500	0	500	0	0	1	0
0.1	20	0.05	819	500	0	500	0	0	1	0
0.1	20	0.05	820	500	0	500	0	0	1	0
0.1	20	0.05	821	500	0	500	0	0	1	0
0.1	20	0.05	822	500	0	500	0	0	1	0
0.1	20	0.05	823	500	0	500	0	0	1	0
0.1	20	0.05	824	500	0	500	0	0	1	0
0.1	20	0.05	825	500	0	500	0	0	1	0
0.1	20	0.05	826	500	0	500	0	0	1	0
0.1	20	0.05	827	500	0	500	0	0	1	0
0.1	20	0.05	828	500	0	500	0	0	1	0
0.1	20	0.05	829	500	0	500	0	0	1	0
0.1	20	0.05	830	500	0	500	0	0	1	0
0.1	20	0.05	831	500	0	500	0	0	1	0
0.1	20	0.05	832	500	0	500	0	0	1	0
0.1	20	0.05	833	500	0	500	0	0	1	0
0.1	20	0.05	834	500	0	500	0	0	1	0
0.1	20	0.05	835	500	0	500	0	0	1	0
0.1	20	0.05	836	500	0	500	0	0	1	0
0.1	20	0.05	837	500	0	500	0	0	1	0
0.1	20	0.05	838	500	0	500	0	0	1	0
0.1	20	0.05	839	500	0	500	0	0	1	0
0.1	20	0.05	840	500	0	500	0	0	1	0
0.1	20	0.05	841	500	0	500	0	0	1	0
0.1	20	0.05	842	500	0	500	0	0	1	0
0.1	20	0.05	843	500	0	500	0	0	1	0
0.1	20	0.05	844	500	0	500	0	0	1	0
0.1	20	0.05	845	500	0	500	0	0	1	0
0.1	20	0.05	846	500	0	500	0	0	1	0
0.1	20	0.05	847	500	0	500	0	0	1	0
0.1	20	0.05	848	500	0	500	0	0	1	0
0.1	20	0.05	849	500	0	500	0	0	1	0
0.1	20	0.05	850	500	0	500	0	0	1	0
0.1	20	0.05	851	500	0	500	0	0	1	0
0.1	20	0.05	852	500	0	500	0	0	1	0
0.1	20	0.05	853	500	0	500	0	0	1	0
0.1	20	0.05	854	500	0	500	0	0	1	0
0.1	20	0.05	855	500	0	500	0	0	1	0
0.1	20	0.05	856	500	0	500	0	0	1	0
0.1	20	0.05	857	500	0	500	0	0	1	0
0.1	20	0.05	858	500	0	500	0	0	1	0
0.1	20	0.05	859	500	0	500	0	0	1	0
0.1	20	0.05	860	500	0	500	0	0	1	0
0.1	20	0.05	861	500	0	500	0	0	1	0
0.1	20	0.05	862	500	0	500	0	0	1	0
0.1	20	0.05	863	500	0	500	0	0	1	0
0.1	20	0.05	864	500	0	500	0	0	1	0
0.1	20	0.05	865	500	0	500	0	0	1	0
0.1	20	0.05	866	500	0	500	0	0	1	0
0.1	20	0.05	867	500	0	500	0	0	1	0
0.1	20	0.05	868	500	0	500	0	0	1	0
0.1	20	0.05	869	500	0	500	0	0	1	0
0.1	20	0.05	870	500	0	500	0	0	1	0
0.1	20	0.05	871	500	0	500	0	0	1	0
0.1	20	0.05	872	500	0	500	0	0	1	0
0.1	20	0.05	873	500	0	500	0	0	1	0
0.1	20	0.05	874	500	0	500	0	0	1	0
0.1	20	0.05	875	500	0	500	0	0	1	0
0.1	20	0.05	876	500	0	500	0	0	1	0
0.1	20	0.05	877	500	0	500	0	0	1	0
0.1	20	0.05	878	500	0	500	0	0	1	0
0.1	20	0.05	879	500	0	500	0	0	1	0
0.1	20	0.05	880	500	0	500	0	0	1	0
0.1	20	0.05	881	500	0	500	0	0	1	0
0.1	20	0.05	882	500	0	500	0	0	1	0
0.1	20	0.05	883	500	0	500	0	0	1	0
0.1	20	0.05	884	500	0	500	0	0	1	0
0.1	20	0.05	885	500	0	500	0	0	1	0
0.1	20	0.05	886	500	0	500	0	0	1	0
0.1	20	0.05	887	500	0	500	0	0	1	0
0.1	20	0.05	888	500	0	500	0	0	1	0
0.1	20	0.05	889	500	0	500	0	0	1	0
0.1	20	0.05	890	500	0	500	0	0	1	0
0.1	20	0.05	891	500	0	500	0	0	1	0
0.1	20	0.05	892	500	0	500	0	0	1	0
0.1	20	0.05	893	500	0	500	0	0	1	0
0.1	20	0.05	894	500	0	500	0	0	1	0
0.1	20	0.05	895	500	0	500	0	0	1	0
0.1	20	0.05	896	500	0	500	0	0	1	0
0.1	20	0.05	897	500	0	500	0	0	1	0
0.1	20	0.05	898	500	0	500	0	0	1	0
0.1	20	0.05	899	500	0	500	0	0	1	0
0.1	20	0.05	900	500	0	500	0	0	1	0
0.1	20	0.05	901	500	0	500	0	0	1	0
0.1	20	0.05	902	500	0	500	0	0	1	0
0.1	20	0.05	903	500	0	500	0	0	1	0
0.1	20	0.05	904	500	0	500	0	0	1	0
0.1	20	0.05	905	500	0	500	0	0	1	0
0.1	20	0.05	906	500	0	500	0	0	1	0
0.1	20	0.05	907	500	0	500	0	0	1	0
0.1	20	0.05	908	500	0	500	0	0	1	0
0.1	20	0.05	909	500	0	500	0	0	1	0
0.1	20	0.05	910	500	0	500	0	0	1	0
0.1	20	0.05	911	500	0	500	0	0	1	0
0.1	20	0.05	912	500	0	500	0	0	1	0
0.1	20	0.05	913	500	0	500	0	0	1	0
0.1	20	0.05	914	500	0	500	0	0	1	0
0.1	20	0.05	915	500	0	500	0	0	1	0
0.1	20	0.05	916	500	0	500	0	0	1	0
0.1	20	0.05	917	500	0	500	0	0	1	0
0.1	20	0.05	918	500	0	500	0	0	1	0
0.1	20	0.05	919	500	0	500	0	0	1	0
0.1	20	0.05	920	500	0	500	0	0	1	0
0.1	20	0.05	921	500	0	500	0	0	1	0
0.1	20	0.05	922	500	0	500	0	0	1	0
0.1	20	0.05	923	500	0	500	0	0	1	0
0.1	20	0.05	924	500	0	500	0	0	1	0
0.1	20	0.05	925	500	0	500	0	0	1	0
0.1	20	0.05	926	500	0	500	0	0	1	0
0.1	20	0.05	927	500	0	500	0	0	1	0
0.1	20	0.05	928	500	0	500	0	0	1	0
0.1	20	0.05	929	500	0	500	0	0	1	0
0.1	20	0.05	930	500	0	500	0	0	1	0
0.1	20	0.05	931	500	0	500	0	0	1	0
0.1	20	0.05	932	500	0	500	0	0	1	0
0.1	20	0.05	933	500	0	500	0	0	1	0
0.1	20	0.05	934	500	0	500	0	0	1	0
0.1	20	0.05	935	500	0	500	0	0	1	0
0.1	20	0.05	936	500	0	500	0	0	1	0
0.1	20	0.05	937	500	0	500	0	0	1	0
0.1	20	0.05	938	500	0	500	0	0	1	0
0.1	20	0.05	939	500	0	500	0	0	1	0
0.1	20	0.05	940	500	0	500	0	0	1	0
0.1	20	0.05	941	500	0	500	0	0	1	0
0.1	20	0.05	942	500	0	500	0	0	1	0
0.1	20	0.05	943	500	0	500	0	0	1	0
0.1	20	0.05	944	500	0	500	0	0	1	0
0.1	20	0.05	945	500	0	500	0	0	1	0
0.1	20	0.05	946	500	0	500	0	0	1	0
0.1	20	0.05	947	500	0	500	0	0	1	0
0.1	20	0.05	948	500	0	500	0	0	1	0
0.1	20	0.05	949	500	0	500	0	0	1	0
0.1	20	0.05	950	500	0	500	0	0	1	0
0.1	20	0.05	951	500	0	500	0	0	1	0
0.1	20	0.05	952	500	0	500	0	0	1	0
0.1	20	0.05	953	500	0	500	0	0	1	0
0.1	20	0.05	954	500	0	500	0	0	1	0
0.1	20	0.05	955	500	0	500	0	0	1	0
0.1	20	0.05	956	500	0	500	0	0	1	0
0.1	20	0.05	957	500	0	500	0	0	1	0
0.1	20	0.05	958	500	0	500	0	0	1	0
0.1	20	0.05	959	500	0	500	0	0	1	0
0.1	20	0.05	960	500	0	500	0	0	1	0
0.1	20	0.05	961	500	0	500	0	0	1	0
0.1	20	0.05	962	500	0	500	0	0	1	0
0.1	20	0.05	963	500	0	500	0	0	1	0
0.1	20	0.05	964	500	0	500	0	0	1	0
0.1	20	0.05	965	500	0	500	0	0	1	0
0.1	20	0.05	966	500	0	500	0	0	1	0
0.1	20	0.05	967	500	0	500	0	0	1	0
0.1	20	0.05	968	500	0	500	0	0	1	0
0.1	20	0.05	969	500	0	500	0	0	1	0
0.1	20	0.05	970	500	0	500	0	0	1	0
0.1	20	0.05	971	500	0	500	0	0	1	0
0.1	20	0.05	972	500	0	500	0	0	1	0
0.1	20	0.05	973	500	0	500	0	0	1	0
0.1	20	0.05	974	500	0	500	0	0	1	0
0.1	20	0.05	975	500	0	500	0	0	1	0
0.1	20	0.05	976	500	0	500	0	0	1	0
0.1	20	0.05	977	500	0	500	0	0	1	0
0.1	20	0.05	978	500	0	500	0	0	1	0
0.1	20	0.05	979	500	0	500	0	0	1	0
0.1	20	0.05	980	500	0	500	0	0	1	0
0.1	20	0.05	981	500	0	500	0	0	1	0
0.1	20	0.05	982	500	0	500	0	0	1	0
0.1	20	0.05	983	500	0	500	0	0	1	0
0.1	20	0.05	984	500	0	500	0	0	1	0
0.1	20	0.05	985	500	0	500	0	0	1	0
0.1	20	0.05	986	500	0	500	0	0	1	0
0.1	20	0.05	987	500	0	500	0	0	1	0
0.1	20	0.05	988	500	0	500	0	0	1	0
0.1	20	0.05	989	500	0	500	0	0	1	0
0.1	20	0.05	990	500	0	500	0	0	1	0
0.1	20	0.05	991	500	0	500	0	0	1	0
0.1	20	0.05	992	500	0	500	0	0	1	0
0.1	20	0.05	993	500	0	500	0	0	1	0
0.1	20	0.05	994	500	0	500	0	0	1	0
0.1	20	0.05	995	500	0	500	0	0	1	0
0.1	20	0.05	996	500	0	500	0	0	1	0
0.1	20	0.05	997	500	0	500	0	0	1	0
0.1	20	0.05	998	500	0	500	0	0	1	0
0.1	20	0.05	999	500	0	500	0	0	1	0
0.1	20	0.05	1000	500	0	500	0	0	1	0
0.2	20	0.05	2	500	0	0	500	0	0	1
0.2	20	0.05	3	500	0	0	500	0	0	1
0.2	20	0.05	4	500	0	0	500	0	0	1
0.2	20	0.05	5	500	0	0	500	0	0	1
0.2	20	0.05	6	500	0	0	500	0	0	1
0.2	20	0.05	7	500	0	0	500	0	0	1
0.2	20	0.05	8	500	0	2	498	0	0.004	0.996
0.2	20	0.05	9	500	0	5	495	0	0.01	0.99
0.2	20	0.05	10	500	1	8	491	0.002	0.016	0.982
0.2	20	0.05	11	500	2	13	485	0.004	0.026	0.97
0.2	20	0.05	12	500	3	27	470	0.006	0.054	0.94
0.2	20	0.05	13	500	1	18	481	0.002	0.036	0.962
0.2	20	0.05	14	500	5	17	478	0.01	0.034	0.956
0.2	20	0.05	15	500	4	31	465	0.008	0.062	0.93
0.2	20	0.05	16	500	10	29	461	0.02	0.058	0.922
0.2	20	0.05	17	500	7	37	456	0.014	0.074	0.912
0.2	20	0.05	18	500	12	40	448	0.024	0.08	0.896
0.2	20	0.05	19	500	14	48	438	0.028	0.096	0.876
0.2	20	0.05	20	500	13	60	427	0.026	0.12	0.854
0.2	20	0.05	21	500	15	56	429	0.03	0.112	0.858
0.2	20	0.05	22	500	13	65	422	0.026	0.13	0.844
0.2	20	0.05	23	500	18	69	413	0.036	0.138	0.826
0.2	20	0.05	24	500	23	75	402	0.046	0.15	0.804
0.2	20	0.05	25	500	20	79	401	0.04	0.158	0.802
0.2	20	0.05	26	500	12	58	430	0.024	0.116	0.86
0.2	20	0.05	27	500	28	75	397	0.056	0.15	0.794
0.2	20	0.05	28	500	20	82	398	0.04	0.164	0.796
0.2	20	0.05	29	500	25	102	373	0.05	0.204	0.746
0.2	20	0.05	30	500	22	96	382	0.044	0.192	0.764
0.2	20	0.05	31	500	22	102	376	0.044	0.204	0.752
0.2	20	0.05	32	500	22	91	387	0.044	0.182	0.774
0.2	20	0.05	33	500	24	102	374	0.048	0.204	0.748
0.2	20	0.05	34	500	20	109	371	0.04	0.218	0.742
0.2	20	0.05	35	500	20	105	375	0.04	0.21	0.75
0.2	20	0.05	36	500	27	110	363	0.054	0.22	0.726
0.2	20	0.05	37	500	24	130	346	0.048	0.26	0.692
0.2	20	0.05	38	500	19	107	374	0.038	0.214	0.748
0.2	20	0.05	39	500	33	125	342	0.066	0.25	0.684
0.2	20	0.05	40	500	29	124	347	0.058	0.248	0.694
0.2	20	0.05	41	500	37	120	343	0.074	0.24	0.686
0.2	20	0.05	42	500	32	139	329	0.064	0.278	0.658
0.2	20	0.05	43	500	31	113	356	0.062	0.226	0.712
0.2	20	0.05	44	500	31	126	343	0.062	0.252	0.686
0.2	20	0.05	45	500	38	133	329	0.076	0.266	0.658
0.2	20	0.05	46	500	42	155	303	0.084	0.31	0.606
0.2	20	0.05	47	500	31	155	314	0.062	0.31	0.628
0.2	20	0.05	48	500	37	167	296	0.074	0.334	0.592
0.2	20	0.05	49	500	30	144	326	0.06	0.288	0.652
0.2	20	0.05	50	500	38	151	311	0.076	0.302	0.622
0.2	20	0.05	51	500	33	168	299	0.066	0.336	0.598
0.2	20	0.05	52	500	37	152	311	0.074	0.304	0.622
0.2	20	0.05	53	500	25	153	322	0.05	0.306	0.644
0.2	20	0.05	54	500	38	171	291	0.076	0.342	0.582
0.2	20	0.05	55	500	35	161	304	0.07	0.322	0.608
0.2	20	0.05	56	500	44	160	296	0.088	0.32	0.592
0.2	20	0.05	57	500	37	173	290	0.074	0.346	0.58
0.2	20	0.05	58	500	42	179	279	0.084	0.358	0.558
0.2	20	0.05	59	500	40	170	290	0.08	0.34	0.58
0.2	20	0.05	60	500	41	177	282	0.082	0.354	0.564
0.2	20	0.05	61	500	31	155	314	0.062	0.31	0.628
0.2	20	0.05	62	500	45	166	289	0.09	0.332	0.578
0.2	20	0.05	63	500	43	192	265	0.086	0.384	0.53
0.2	20	0.05	64	500	39	158	303	0.078	0.316	0.606
0.2	20	0.05	65	500	33	192	275	0.066	0.384	0.55
0.2	20	0.05	66	500	34	200	266	0.068	0.4	0.532
0.2	20	0.05	67	500	32	199	269	0.064	0.398	0.538
0.2	20	0.05	68	500	40	205	255	0.08	0.41	0.51
0.2	20	0.05	69	500	36	194	270	0.072	0.388	0.54
0.2	20	0.05	70	500	40	199	261	0.08	0.398	0.522
0.2	20	0.05	71	500	40	189	271	0.08	0.378	0.542
0.2	20	0.05	72	500	37	204	259	0.074	0.408	0.518
0.2	20	0.05	73	500	47	211	242	0.094	0.422	0.484
0.2	20	0.05	74	500	36	199	265	0.072	0.398	0.53
0.2	20	0.05	75	500	42	225	233	0.084	0.45	0.466
0.2	20	0.05	76	500	43	204	253	0.086	0.408	0.506
0.2	20	0.05	77	500	35	204	261	0.07	0.408	0.522
0.2	20	0.05	78	500	38	224	238	0.076	0.448	0.476
0.2	20	0.05	79	500	34	231	235	0.068	0.462	0.47
0.2	20	0.05	80	500	44	210	246	0.088	0.42	0.492
0.2	20	0.05	81	500	42	214	244	0.084	0.428	0.488
0.2	20	0.05	82	500	47	222	231	0.094	0.444	0.462
0.2	20	0.05	83	500	45	227	228	0.09	0.454	0.456
0.2	20	0.05	84	500	42	221	237	0.084	0.442	0.474
0.2	20	0.05	85	500	31	235	234	0.062	0.47	0.468
0.2	20	0.05	86	500	53	204	243	0.106	0.408	0.486
0.2	20	0.05	87	500	41	232	227	0.082	0.464	0.454
0.2	20	0.05	88	500	37	218	245	0.074	0.436	0.49
0.2	20	0.05	89	500	48	214	238	0.096	0.428	0.476
0.2	20	0.05	90	500	32	244	224	0.064	0.488	0.448
0.2	20	0.05	91	500	33	254	213	0.066	0.508	0.426
0.2	20	0.05	92	500	31	218	251	0.062	0.436	0.502
0.2	20	0.05	93	500	31	238	231	0.062	0.476	0.462
0.2	20	0.05	94	500	41	229	230	0.082	0.458	0.46
0.2	20	0.05	95	500	41	225	234	0.082	0.45	0.468
0.2	20	0.05	96	500	34	252	214	0.068	0.504	0.428
0.2	20	0.05	97	500	51	242	207	0.102	0.484	0.414
0.2	20	0.05	98	500	42	257	201	0.084	0.514	0.402
0.2	20	0.05	99	500	30	253	217	0.06	0.506	0.434
0.2	20	0.05	100	500	52	237	211	0.104	0.474	0.422
0.2	20	0.05	101	500	33	250	217	0.066	0.5	0.434
0.2	20	0.05	102	500	40	232	228	0.08	0.464	0.456
0.2	20	0.05	103	500	44	245	211	0.088	0.49	0.422
0.2	20	0.05	104	500	42	234	224	0.084	0.468	0.448
0.2	20	0.05	105	500	42	244	214	0.084	0.488	0.428
0.2	20	0.05	106	500	39	245	216	0.078	0.49	0.432
0.2	20	0.05	107	500	50	247	203	0.1	0.494	0.406
0.2	20	0.05	108	500	32	245	223	0.064	0.49	0.446
0.2	20	0.05	109	500	48	240	212	0.096	0.48	0.424
0.2	20	0.05	110	500	47	270	183	0.094	0.54	0.366
0.2	20	0.05	111	500	46	260	194	0.092	0.52	0.388
0.2	20	0.05	112	500	35	276	189	0.07	0.552	0.378
0.2	20	0.05	113	500	38	269	193	0.076	0.538	0.386
0.2	20	0.05	114	500	38	270	192	0.076	0.54	0.384
0.2	20	0.05	115	500	49	264	187	0.098	0.528	0.374
0.2	20	0.05	116	500	32	283	185	0.064	0.566	0.37
0.2	20	0.05	117	500	44	272	184	0.088	0.544	0.368
0.2	20	0.05	118	500	42	271	187	0.084	0.542	0.374
0.2	20	0.05	119	500	42	272	186	0.084	0.544	0.372
0.2	20	0.05	120	500	42	265	193	0.084	0.53	0.386
0.2	20	0.05	121	500	30	276	194	0.06	0.552	0.388
0.2	20	0.05	122	500	41	271	188	0.082	0.542	0.376
0.2	20	0.05	123	500	45	262	193	0.09	0.524	0.386
0.2	20	0.05	124	500	46	257	197	0.092	0.514	0.394
0.2	20	0.05	125	500	49	271	180	0.098	0.542	0.36
0.2	20	0.05	126	500	28	288	184	0.056	0.576	0.368
0.2	20	0.05	127	500	31	289	180	0.062	0.578	0.36
0.2	20	0.05	128	500	39	283	178	0.078	0.566	0.356
0.2	20	0.05	129	500	52	285	163	0.104	0.57	0.326
0.2	20	0.05	130	500	49	272	179	0.098	0.544	0.358
0.2	20	0.05	131	500	43	284	173	0.086	0.568	0.346
0.2	20	0.05	132	500	38	291	171	0.076	0.582	0.342
0.2	20	0.05	133	500	41	294	165	0.082	0.588	0.33
0.2	20	0.05	134	500	37	287	176	0.074	0.574	0.352
0.2	20	0.05	135	500	39	278	183	0.078	0.556	0.366
0.2	20	0.05	136	500	29	298	173	0.058	0.596	0.346
0.2	20	0.05	137	500	40	277	183	0.08	0.554	0.366
0.2	20	0.05	138	500	38	287	175	0.076	0.574	0.35
0.2	20	0.05	139	500	40	289	171	0.08	0.578	0.342
0.2	20	0.05	140	500	47	285	168	0.094	0.57	0.336
0.2	20	0.05	141	500	46	297	157	0.092	0.594	0.314
0.2	20	0.05	142	500	36	291	173	0.072	0.582	0.346
0.2	20	0.05	143	500	44	292	164	0.088	0.584	0.328
0.2	20	0.05	144	500	40	304	156	0.08	0.608	0.312
0.2	20	0.05	145	500	31	297	172	0.062	0.594	0.344
0.2	20	0.05	146	500	34	294	172	0.068	0.588	0.344
0.2	20	0.05	147	500	44	288	168	0.088	0.576	0.336
0.2	20	0.05	148	500	35	318	147	0.07	0.636	0.294
0.2	20	0.05	149	500	40	305	155	0.08	0.61	0.31
0.2	20	0.05	150	500	37	294	169	0.074	0.588	0.338
0.2	20	0.05	151	500	38	302	160	0.076	0.604	0.32
0.2	20	0.05	152	500	38	297	165	0.076	0.594	0.33
0.2	20	0.05	153	500	38	297	165	0.076	0.594	0.33
0.2	20	0.05	154	500	38	297	165	0.076	0.594	0.33
0.2	20	0.05	155	500	39	305	156	0.078	0.61	0.312
0.2	20	0.05	156	500	32	317	151	0.064	0.634	0.302
0.2	20	0.05	157	500	44	310	146	0.088	0.62	0.292
0.2	20	0.05	158	500	35	310	155	0.07	0.62	0.31
0.2	20	0.05	159	500	43	317	140	0.086	0.634	0.28
0.2	20	0.05	160	500	31	313	156	0.062	0.626	0.312
0.2	20	0.05	161	500	39	304	157	0.078	0.608	0.314
0.2	20	0.05	162	500	46	308	146	0.092	0.616	0.292
0.2	20	0.05	163	500	29	319	152	0.058	0.638	0.304
0.2	20	0.05	164	500	31	301	168	0.062	0.602	0.336
0.2	20	0.05	165	500	39	318	143	0.078	0.636	0.286
0.2	20	0.05	166	500	32	309	159	0.064	0.618	0.318
0.2	20	0.05	167	500	38	308	154	0.076	0.616	0.308
0.2	20	0.05	168	500	44	318	138	0.088	0.636	0.276
0.2	20	0.05	169	500	37	317	146	0.074	0.634	0.292
0.2	20	0.05	170	500	34	318	148	0.068	0.636	0.296
0.2	20	0.05	171	500	33	324	143	0.066	0.648	0.286
0.2	20	0.05	172	500	46	333	121	0.092	0.666	0.242
0.2	20	0.05	173	500	35	334	131	0.07	0.668	0.262
0.2	20	0.05	174	500	38	335	127	0.076	0.67	0.254
0.2	20	0.05	175	500	30	305	165	0.06	0.61	0.33
0.2	20	0.05	176	500	39	313	148	0.078	0.626	0.296
0.2	20	0.05	177	500	41	310	149	0.082	0.62	0.298
0.2	20	0.05	178	500	39	318	143	0.078	0.636	0.286
0.2	20	0.05	179	500	47	307	146	0.094	0.614	0.292
0.2	20	0.05	180	500	29	334	137	0.058	0.668	0.274
0.2	20	0.05	181	500	58	310	132	0.116	0.62	0.264
0.2	20	0.05	182	500	35	344	121	0.07	0.688	0.242
0.2	20	0.05	183	500	33	340	127	0.066	0.68	0.254
0.2	20	0.05	184	500	37	340	123	0.074	0.68	0.246
0.2	20	0.05	185	500	33	333	134	0.066	0.666	0.268
0.2	20	0.05	186	500	31	338	131	0.062	0.676	0.262
0.2	20	0.05	187	500	31	330	139	0.062	0.66	0.278
0.2	20	0.05	188	500	40	325	135	0.08	0.65	0.27
0.2	20	0.05	189	500	33	336	131	0.066	0.672	0.262
0.2	20	0.05	190	500	33	344	123	0.066	0.688	0.246
0.2	20	0.05	191	500	33	327	140	0.066	0.654	0.28
0.2	20	0.05	192	500	33	357	110	0.066	0.714	0.22
0.2	20	0.05	193	500	30	345	125	0.06	0.69	0.25
0.2	20	0.05	194	500	32	345	123	0.064	0.69	0.246
0.2	20	0.05	195	500	43	329	128	0.086	0.658	0.256
0.2	20	0.05	196	500	37	342	121	0.074	0.684	0.242
0.2	20	0.05	197	500	39	327	134	0.078	0.654	0.268
0.2	20	0.05	198	500	35	338	127	0.07	0.676	0.254
0.2	20	0.05	199	500	41	334	125	0.082	0.668	0.25
0.2	20	0.05	200	500	43	334	123	0.086	0.668	0.246
0.2	20	0.05	201	500	29	352	119	0.058	0.704	0.238
0.2	20	0.05	202	500	35	338	127	0.07	0.676	0.254
0.2	20	0.05	203	500	31	330	139	0.062	0.66	0.278
0.2	20	0.05	204	500	36	362	102	0.072	0.724	0.204
0.2	20	0.05	205	500	28	359	113	0.056	0.718	0.226
0.2	20	0.05	206	500	28	351	121	0.056	0.702	0.242
0.2	20	0.05	207	500	46	334	120	0.092	0.668	0.24
0.2	20	0.05	208	500	30	337	133	0.06	0.674	0.266
0.2	20	0.05	209	500	37	347	116	0.074	0.694	0.232
0.2	20	0.05	210	500	29	340	131	0.058	0.68	0.262
0.2	20	0.05	211	500	26	342	132	0.052	0.684	0.264
0.2	20	0.05	212	500	35	344	121	0.07	0.688	0.242
0.2	20	0.05	213	500	37	348	115	0.074	0.696	0.23
0.2	20	0.05	214	500	32	346	122	0.064	0.692	0.244
0.2	20	0.05	215	500	32	366	102	0.064	0.732	0.204
0.2	20	0.05	216	500	30	362	108	0.06	0.724	0.216
0.2	20	0.05	217	500	29	355	116	0.058	0.71	0.232
0.2	20	0.05	218	500	30	353	117	0.06	0.706	0.234
0.2	20	0.05	219	500	41	348	111	0.082	0.696	0.222
0.2	20	0.05	220	500	26	363	111	0.052	0.726	0.222
0.2	20	0.05	221	500	37	349	114	0.074	0.698	0.228
0.2	20	0.05	222	500	39	349	112	0.078	0.698	0.224
0.2	20	0.05	223	500	28	356	116	0.056	0.712	0.232
0.2	20	0.05	224	500	26	351	123	0.052	0.702	0.246
0.2	20	0.05	225	500	35	341	124	0.07	0.682	0.248
0.2	20	0.05	226	500	28	373	99	0.056	0.746	0.198
0.2	20	0.05	227	500	36	339	125	0.072	0.678	0.25
0.2	20	0.05	228	500	22	379	99	0.044	0.758	0.198
0.2	20	0.05	229	500	24	348	128	0.048	0.696	0.256
0.2	20	0.05	230	500	23	355	122	0.046	0.71	0.244
0.2	20	0.05	231	500	33	362	105	0.066	0.724	0.21
0.2	20	0.05	232	500	23	351	126	0.046	0.702	0.252
0.2	20	0.05	233	500	29	359	112	0.058	0.718	0.224
0.2	20	0.05	234	500	28	369	103	0.056	0.738	0.206
0.2	20	0.05	235	500	31	372	97	0.062	0.744	0.194
0.2	20	0.05	236	500	36	380	84	0.072	0.76	0.168
0.2	20	0.05	237	500	32	361	107	0.064	0.722	0.214
0.2	20	0.05	238	500	35	372	93	0.07	0.744	0.186
0.2	20	0.05	239	500	29	377	94	0.058	0.754	0.188
0.2	20	0.05	240	500	27	359	114	0.054	0.718	0.228
0.2	20	0.05	241	500	25	370	105	0.05	0.74	0.21
0.2	20	0.05	242	500	40	358	102	0.08	0.716	0.204
0.2	20	0.05	243	500	27	373	100	0.054	0.746	0.2
0.2	20	0.05	244	500	33	370	97	0.066	0.74	0.194
0.2	20	0.05	245	500	27	374	99	0.054	0.748	0.198
0.2	20	0.05	246	500	31	351	118	0.062	0.702	0.236
0.2	20	0.05	247	500	29	380	91	0.058	0.76	0.182
0.2	20	0.05	248	500	42	362	96	0.084	0.724	0.192
0.2	20	0.05	249	500	23	381	96	0.046	0.762	0.192
0.2	20	0.05	250	500	33	364	103	0.066	0.728	0.206
0.2	20	0.05	251	500	33	389	78	0.066	0.778	0.156
0.2	20	0.05	252	500	32	368	100	0.064	0.736	0.2
0.2	20	0.05	253	500	36	378	86	0.072	0.756	0.172
0.2	20	0.05	254	500	33	370	97	0.066	0.74	0.194
0.2	20	0.05	255	500	41	367	92	0.082	0.734	0.184
0.2	20	0.05	256	500	22	386	92	0.044	0.772	0.184
0.2	20	0.05	257	500	31	361	108	0.062	0.722	0.216
0.2	20	0.05	258	500	25	381	94	0.05	0.762	0.188
0.2	20	0.05	259	500	26	371	103	0.052	0.742	0.206
0.2	20	0.05	260	500	26	374	100	0.052	0.748	0.2
0.2	20	0.05	261	500	28	383	89	0.056	0.766	0.178
0.2	20	0.05	262	500	36	385	79	0.072	0.77	0.158
0.2	20	0.05	263	500	31	378	91	0.062	0.756	0.182
0.2	20	0.05	264	500	17	389	94	0.034	0.778	0.188
0.2	20	0.05	265	500	37	377	86	0.074	0.754	0.172
0.2	20	0.05	266	500	33	371	96	0.066	0.742	0.192
0.2	20	0.05	267	500	36	379	85	0.072	0.758	0.17
0.2	20	0.05	268	500	33	366	101	0.066	0.732	0.202
0.2	20	0.05	269	500	28	389	83	0.056	0.778	0.166
0.2	20	0.05	270	500	26	407	67	0.052	0.814	0.134
0.2	20	0.05	271	500	24	383	93	0.048	0.766	0.186
0.2	20	0.05	272	500	41	374	85	0.082	0.748	0.17
0.2	20	0.05	273	500	29	387	84	0.058	0.774	0.168
0.2	20	0.05	274	500	28	376	96	0.056	0.752	0.192
0.2	20	0.05	275	500	27	391	82	0.054	0.782	0.164
0.2	20	0.05	276	500	30	388	82	0.06	0.776	0.164
0.2	20	0.05	277	500	27	377	96	0.054	0.754	0.192
0.2	20	0.05	278	500	41	382	77	0.082	0.764	0.154
0.2	20	0.05	279	500	30	381	89	0.06	0.762	0.178
0.2	20	0.05	280	500	28	387	85	0.056	0.774	0.17
0.2	20	0.05	281	500	35	393	72	0.07	0.786	0.144
0.2	20	0.05	282	500	28	379	93	0.056	0.758	0.186
0.2	20	0.05	283	500	23	383	94	0.046	0.766	0.188
0.2	20	0.05	284	500	34	380	86	0.068	0.76	0.172
0.2	20	0.05	285	500	34	392	74	0.068	0.784	0.148
0.2	20	0.05	286	500	29	393	78	0.058	0.786	0.156
0.2	20	0.05	287	500	36	384	80	0.072	0.768	0.16
0.2	20	0.05	288	500	39	390	71	0.078	0.78	0.142
0.2	20	0.05	289	500	31	364	105	0.062	0.728	0.21
0.2	20	0.05	290	500	32	390	78	0.064	0.78	0.156
0.2	20	0.05	291	500	37	390	73	0.074	0.78	0.146
0.2	20	0.05	292	500	26	400	74	0.052	0.8	0.148
0.2	20	0.05	293	500	27	383	90	0.054	0.766	0.18
0.2	20	0.05	294	500	29	395	76	0.058	0.79	0.152
0.2	20	0.05	295	500	30	373	97	0.06	0.746	0.194
0.2	20	0.05	296	500	30	387	83	0.06	0.774	0.166
0.2	20	0.05	297	500	28	384	88	0.056	0.768	0.176
0.2	20	0.05	298	500	29	403	68	0.058	0.806	0.136
0.2	20	0.05	299	500	24	380	96	0.048	0.76	0.192
0.2	20	0.05	300	500	35	388	77	0.07	0.776	0.154
0.2	20	0.05	301	500	31	395	74	0.062	0.79	0.148
0.2	20	0.05	302	500	18	390	92	0.036	0.78	0.184
0.2	20	0.05	303	500	29	382	89	0.058	0.764	0.178
0.2	20	0.05	304	500	22	388	90	0.044	0.776	0.18
0.2	20	0.05	305	500	27	392	81	0.054	0.784	0.162
0.2	20	0.05	306	500	28	391	81	0.056	0.782	0.162
0.2	20	0.05	307	500	38	383	79	0.076	0.766	0.158
0.2	20	0.05	308	500	25	407	68	0.05	0.814	0.136
0.2	20	0.05	309	500	29	400	71	0.058	0.8	0.142
0.2	20	0.05	310	500	28	396	76	0.056	0.792	0.152
0.2	20	0.05	311	500	27	396	77	0.054	0.792	0.154
0.2	20	0.05	312	500	27	401	72	0.054	0.802	0.144
0.2	20	0.05	313	500	29	398	73	0.058	0.796	0.146
0.2	20	0.05	314	500	25	399	76	0.05	0.798	0.152
0.2	20	0.05	315	500	26	397	77	0.052	0.794	0.154
0.2	20	0.05	316	500	29	402	69	0.058	0.804	0.138
0.2	20	0.05	317	500	28	384	88	0.056	0.768	0.176
0.2	20	0.05	318	500	26	385	89	0.052	0.77	0.178
0.2	20	0.05	319	500	25	401	74	0.05	0.802	0.148
0.2	20	0.05	320	500	19	405	76	0.038	0.81	0.152
0.2	20	0.05	321	500	22	414	64	0.044	0.828	0.128
0.2	20	0.05	322	500	22	403	75	0.044	0.806	0.15
0.2	20	0.05	323	500	28	417	55	0.056	0.834	0.11
0.2	20	0.05	324	500	18	410	72	0.036	0.82	0.144
0.2	20	0.05	325	500	22	405	73	0.044	0.81	0.146
0.2	20	0.05	326	500	25	396	79	0.05	0.792	0.158
0.2	20	0.05	327	500	20	403	77	0.04	0.806	0.154
0.2	20	0.05	328	500	21	402	77	0.042	0.804	0.154
0.2	20	0.05	329	500	17	396	87	0.034	0.792	0.174
0.2	20	0.05	330	500	27	408	65	0.054	0.816	0.13
0.2	20	0.05	331	500	19	414	67	0.038	0.828	0.134
0.2	20	0.05	332	500	17	411	72	0.034	0.822	0.144
0.2	20	0.05	333	500	20	407	73	0.04	0.814	0.146
0.2	20	0.05	334	500	18	418	64	0.036	0.836	0.128
0.2	20	0.05	335	500	17	411	72	0.034	0.822	0.144
0.2	20	0.05	336	500	20	430	50	0.04	0.86	0.1
0.2	20	0.05	337	500	30	400	70	0.06	0.8	0.14
0.2	20	0.05	338	500	22	409	69	0.044	0.818	0.138
0.2	20	0.05	339	500	27	406	67	0.054	0.812	0.134
0.2	20	0.05	340	500	21	413	66	0.042	0.826	0.132
0.2	20	0.05	341	500	25	412	63	0.05	0.824	0.126
0.2	20	0.05	342	500	22	415	63	0.044	0.83	0.126
0.2	20	0.05	343	500	27	401	72	0.054	0.802	0.144
0.2	20	0.05	344	500	29	410	61	0.058	0.82	0.122
0.2	20	0.05	345	500	33	413	54	0.066	0.826	0.108
0.2	20	0.05	346	500	25	401	74	0.05	0.802	0.148
0.2	20	0.05	347	500	23	396	81	0.046	0.792	0.162
0.2	20	0.05	348	500	21	417	62	0.042	0.834	0.124
0.2	20	0.05	349	500	20	407	73	0.04	0.814	0.146
0.2	20	0.05	350	500	26	404	70	0.052	0.808	0.14
0.2	20	0.05	351	500	24	421	55	0.048	0.842	0.11
0.2	20	0.05	352	500	21	423	56	0.042	0.846	0.112
0.2	20	0.05	353	500	26	416	58	0.052	0.832	0.116
0.2	20	0.05	354	500	20	425	55	0.04	0.85	0.11
0.2	20	0.05	355	500	18	417	65	0.036	0.834	0.13
0.2	20	0.05	356	500	25	410	65	0.05	0.82	0.13
0.2	20	0.05	357	500	17	418	65	0.034	0.836	0.13
0.2	20	0.05	358	500	19	413	68	0.038	0.826	0.136
0.2	20	0.05	359	500	28	402	70	0.056	0.804	0.14
0.2	20	0.05	360	500	24	415	61	0.048	0.83	0.122
0.2	20	0.05	361	500	23	419	58	0.046	0.838	0.116
0.2	20	0.05	362	500	24	405	71	0.048	0.81	0.142
0.2	20	0.05	363	500	24	413	63	0.048	0.826	0.126
0.2	20	0.05	364	500	19	431	50	0.038	0.862	0.1
0.2	20	0.05	365	500	27	423	50	0.054	0.846	0.1
0.2	20	0.05	366	500	25	405	70	0.05	0.81	0.14
0.2	20	0.05	367	500	27	414	59	0.054	0.828	0.118
0.2	20	0.05	368	500	33	401	66	0.066	0.802	0.132
0.2	20	0.05	369	500	11	421	68	0.022	0.842	0.136
0.2	20	0.05	370	500	19	421	60	0.038	0.842	0.12
0.2	20	0.05	371	500	18	435	47	0.036	0.87	0.094
0.2	20	0.05	372	500	17	428	55	0.034	0.856	0.11
0.2	20	0.05	373	500	21	419	60	0.042	0.838	0.12
0.2	20	0.05	374	500	18	436	46	0.036	0.872	0.092
0.2	20	0.05	375	500	19	417	64	0.038	0.834	0.128
0.2	20	0.05	376	500	20	417	63	0.04	0.834	0.126
0.2	20	0.05	377	500	17	430	53	0.034	0.86	0.106
0.2	20	0.05	378	500	18	432	50	0.036	0.864	0.1
0.2	20	0.05	379	500	26	424	50	0.052	0.848	0.1
0.2	20	0.05	380	500	22	415	63	0.044	0.83	0.126
0.2	20	0.05	381	500	26	417	57	0.052	0.834	0.114
0.2	20	0.05	382	500	25	424	51	0.05	0.848	0.102
0.2	20	0.05	383	500	28	412	60	0.056	0.824	0.12
0.2	20	0.05	384	500	24	423	53	0.048	0.846	0.106
0.2	20	0.05	385	500	23	418	59	0.046	0.836	0.118
0.2	20	0.05	386	500	16	428	56	0.032	0.856	0.112
0.2	20	0.05	387	500	29	401	70	0.058	0.802	0.14
0.2	20	0.05	388	500	20	427	53	0.04	0.854	0.106
0.2	20	0.05	389	500	19	418	63	0.038	0.836	0.126
0.2	20	0.05	390	500	15	421	64	0.03	0.842	0.128
0.2	20	0.05	391	500	16	425	59	0.032	0.85	0.118
0.2	20	0.05	392	500	22	431	47	0.044	0.862	0.094
0.2	20	0.05	393	500	15	416	69	0.03	0.832	0.138
0.2	20	0.05	394	500	23	421	56	0.046	0.842	0.112
0.2	20	0.05	395	500	19	423	58	0.038	0.846	0.116
0.2	20	0.05	396	500	24	424	52	0.048	0.848	0.104
0.2	20	0.05	397	500	22	414	64	0.044	0.828	0.128
0.2	20	0.05	398	500	16	433	51	0.032	0.866	0.102
0.2	20	0.05	399	500	20	430	50	0.04	0.86	0.1
0.2	20	0.05	400	500	22	428	50	0.044	0.856	0.1
0.2	20	0.05	401	500	19	423	58	0.038	0.846	0.116
0.2	20	0.05	402	500	21	419	60	0.042	0.838	0.12
0.2	20	0.05	403	500	15	434	51	0.03	0.868	0.102
0.2	20	0.05	404	500	18	426	56	0.036	0.852	0.112
0.2	20	0.05	405	500	13	434	53	0.026	0.868	0.106
0.2	20	0.05	406	500	20	417	63	0.04	0.834	0.126
0.2	20	0.05	407	500	21	418	61	0.042	0.836	0.122
0.2	20	0.05	408	500	14	435	51	0.028	0.87	0.102
0.2	20	0.05	409	500	18	433	49	0.036	0.866	0.098
0.2	20	0.05	410	500	17	432	51	0.034	0.864	0.102
0.2	20	0.05	411	500	20	423	57	0.04	0.846	0.114
0.2	20	0.05	412	500	14	438	48	0.028	0.876	0.096
0.2	20	0.05	413	500	22	428	50	0.044	0.856	0.1
0.2	20	0.05	414	500	19	436	45	0.038	0.872	0.09
0.2	20	0.05	415	500	22	440	38	0.044	0.88	0.076
0.2	20	0.05	416	500	23	425	52	0.046	0.85	0.104
0.2	20	0.05	417	500	18	447	35	0.036	0.894	0.07
0.2	20	0.05	418	500	21	448	31	0.042	0.896	0.062
0.2	20	0.05	419	500	26	456	18	0.052	0.912	0.036
0.2	20	0.05	420	500	18	479	3	0.036	0.958	0.006
0.2	20	0.05	421	500	20	474	6	0.04	0.948	0.012
0.2	20	0.05	422	500	24	476	0	0.048	0.952	0
0.2	20	0.05	423	500	10	490	0	0.02	0.98	0
0.2	20	0.05	424	500	12	488	0	0.024	0.976	0
0.2	20	0.05	425	500	8	492	0	0.016	0.984	0
0.2	20	0.05	426	500	8	492	0	0.016	0.984	0
0.2	20	0.05	427	500	7	493	0	0.014	0.986	0
0.2	20	0.05	428	500	3	497	0	0.006	0.994	0
0.2	20	0.05	429	500	1	499	0	0.002	0.998	0
0.2	20	0.05	430	500	3	497	0	0.006	0.994	0
0.2	20	0.05	431	500	1	499	0	0.002	0.998	0
0.2	20	0.05	432	500	1	499	0	0.002	0.998	0
0.2	20	0.05	433	500	0	500	0	0	1	0
0.2	20	0.05	434	500	1	499	0	0.002	0.998	0
0.2	20	0.05	435	500	1	499	0	0.002	0.998	0
0.2	20	0.05	436	500	1	499	0	0.002	0.998	0
0.2	20	0.05	437	500	1	499	0	0.002	0.998	0
0.2	20	0.05	438	500	0	500	0	0	1	0
0.2	20	0.05	439	500	0	500	0	0	1	0
0.2	20	0.05	440	500	0	500	0	0	1	0
0.2	20	0.05	441	500	0	500	0	0	1	0
0.2	20	0.05	442	500	0	500	0	0	1	0
0.2	20	0.05	443	500	0	500	0	0	1	0
0.2	20	0.05	444	500	0	500	0	0	1	0
0.2	20	0.05	445	500	0	500	0	0	1	0
0.2	20	0.05	446	500	0	500	0	0	1	0
0.2	20	0.05	447	500	0	500	0	0	1	0
0.2	20	0.05	448	500	0	500	0	0	1	0
0.2	20	0.05	449	500	0	500	0	0	1	0
0.2	20	0.05	450	500	0	500	0	0	1	0
0.2	20	0.05	451	500	0	500	0	0	1	0
0.2	20	0.05	452	500	0	500	0	0	1	0
0.2	20	0.05	453	500	0	500	0	0	1	0
0.2	20	0.05	454	500	0	500	0	0	1	0
0.2	20	0.05	455	500	0	500	0	0	1	0
0.2	20	0.05	456	500	0	500	0	0	1	0
0.2	20	0.05	457	500	0	500	0	0	1	0
0.2	20	0.05	458	500	0	500	0	0	1	0
0.2	20	0.05	459	500	0	500	0	0	1	0
0.2	20	0.05	460	500	0	500	0	0	1	0
0.2	20	0.05	461	500	0	500	0	0	1	0
0.2	20	0.05	462	500	0	500	0	0	1	0
0.2	20	0.05	463	500	0	500	0	0	1	0
0.2	20	0.05	464	500	0	500	0	0	1	0
0.2	20	0.05	465	500	0	500	0	0	1	0
0.2	20	0.05	466	500	0	500	0	0	1	0
0.2	20	0.05	467	500	0	500	0	0	1	0
0.2	20	0.05	468	500	0	500	0	0	1	0
0.2	20	0.05	469	500	0	500	0	0	1	0
0.2	20	0.05	470	500	0	500	0	0	1	0
0.2	20	0.05	471	500	0	500	0	0	1	0
0.2	20	0.05	472	500	0	500	0	0	1	0
0.2	20	0.05	473	500	0	500	0	0	1	0
0.2	20	0.05	474	500	0	500	0	0	1	0
0.2	20	0.05	475	500	0	500	0	0	1	0
0.2	20	0.05	476	500	0	500	0	0	1	0
0.2	20	0.05	477	500	0	500	0	0	1	0
0.2	20	0.05	478	500	0	500	0	0	1	0
0.2	20	0.05	479	500	0	500	0	0	1	0
0.2	20	0.05	480	500	0	500	0	0	1	0
0.2	20	0.05	481	500	0	500	0	0	1	0
0.2	20	0.05	482	500	0	500	0	0	1	0
0.2	20	0.05	483	500	0	500	0	0	1	0
0.2	20	0.05	484	500	0	500	0	0	1	0
0.2	20	0.05	485	500	0	500	0	0	1	0
0.2	20	0.05	486	500	0	500	0	0	1	0
0.2	20	0.05	487	500	0	500	0	0	1	0
0.2	20	0.05	488	500	0	500	0	0	1	0
0.2	20	0.05	489	500	0	500	0	0	1	0
0.2	20	0.05	490	500	0	500	0	0	1	0
0.2	20	0.05	491	500	0	500	0	0	1	0
0.2	20	0.05	492	500	0	500	0	0	1	0
0.2	20	0.05	493	500	0	500	0	0	1	0
0.2	20	0.05	494	500	0	500	0	0	1	0
0.2	20	0.05	495	500	0	500	0	0	1	0
0.2	20	0.05	496	500	0	500	0	0	1	0
0.2	20	0.05	497	500	0	500	0	0	1	0
0.2	20	0.05	498	500	0	500	0	0	1	0
0.2	20	0.05	499	500	0	500	0	0	1	0
0.2	20	0.05	500	500	0	500	0	0	1	0
0.2	20	0.05	501	500	0	500	0	0	1	0
0.2	20	0.05	502	500	0	500	0	0	1	0
0.2	20	0.05	503	500	0	500	0	0	1	0
0.2	20	0.05	504	500	0	500	0	0	1	0
0.2	20	0.05	505	500	0	500	0	0	1	0
0.2	20	0.05	506	500	0	500	0	0	1	0
0.2	20	0.05	507	500	0	500	0	0	1	0
0.2	20	0.05	508	500	0	500	0	0	1	0
0.2	20	0.05	509	500	0	500	0	0	1	0
0.2	20	0.05	510	500	0	500	0	0	1	0
0.2	20	0.05	511	500	0	500	0	0	1	0
0.2	20	0.05	512	500	0	500	0	0	1	0
0.2	20	0.05	513	500	0	500	0	0	1	0
0.2	20	0.05	514	500	0	500	0	0	1	0
0.2	20	0.05	515	500	0	500	0	0	1	0
0.2	20	0.05	516	500	0	500	0	0	1	0
0.2	20	0.05	517	500	0	500	0	0	1	0
0.2	20	0.05	518	500	0	500	0	0	1	0
0.2	20	0.05	519	500	0	500	0	0	1	0
0.2	20	0.05	520	500	0	500	0	0	1	0
0.2	20	0.05	521	500	0	500	0	0	1	0
0.2	20	0.05	522	500	0	500	0	0	1	0
0.2	20	0.05	523	500	0	500	0	0	1	0
0.2	20	0.05	524	500	0	500	0	0	1	0
0.2	20	0.05	525	500	0	500	0	0	1	0
0.2	20	0.05	526	500	0	500	0	0	1	0
0.2	20	0.05	527	500	0	500	0	0	1	0
0.2	20	0.05	528	500	0	500	0	0	1	0
0.2	20	0.05	529	500	0	500	0	0	1	0
0.2	20	0.05	530	500	0	500	0	0	1	0
0.2	20	0.05	531	500	0	500	0	0	1	0
0.2	20	0.05	532	500	0	500	0	0	1	0
0.2	20	0.05	533	500	0	500	0	0	1	0
0.2	20	0.05	534	500	0	500	0	0	1	0
0.2	20	0.05	535	500	0	500	0	0	1	0
0.2	20	0.05	536	500	0	500	0	0	1	0
0.2	20	0.05	537	500	0	500	0	0	1	0
0.2	20	0.05	538	500	0	500	0	0	1	0
0.2	20	0.05	539	500	0	500	0	0	1	0
0.2	20	0.05	540	500	0	500	0	0	1	0
0.2	20	0.05	541	500	0	500	0	0	1	0
0.2	20	0.05	542	500	0	500	0	0	1	0
0.2	20	0.05	543	500	0	500	0	0	1	0
0.2	20	0.05	544	500	0	500	0	0	1	0
0.2	20	0.05	545	500	0	500	0	0	1	0
0.2	20	0.05	546	500	0	500	0	0	1	0
0.2	20	0.05	547	500	0	500	0	0	1	0
0.2	20	0.05	548	500	0	500	0	0	1	0
0.2	20	0.05	549	500	0	500	0	0	1	0
0.2	20	0.05	550	500	0	500	0	0	1	0
0.2	20	0.05	551	500	0	500	0	0	1	0
0.2	20	0.05	552	500	0	500	0	0	1	0
0.2	20	0.05	553	500	0	500	0	0	1	0
0.2	20	0.05	554	500	0	500	0	0	1	0
0.2	20	0.05	555	500	0	500	0	0	1	0
0.2	20	0.05	556	500	0	500	0	0	1	0
0.2	20	0.05	557	500	0	500	0	0	1	0
0.2	20	0.05	558	500	0	500	0	0	1	0
0.2	20	0.05	559	500	0	500	0	0	1	0
0.2	20	0.05	560	500	0	500	0	0	1	0
0.2	20	0.05	561	500	0	500	0	0	1	0
0.2	20	0.05	562	500	0	500	0	0	1	0
0.2	20	0.05	563	500	0	500	0	0	1	0
0.2	20	0.05	564	500	0	500	0	0	1	0
0.2	20	0.05	565	500	0	500	0	0	1	0
0.2	20	0.05	566	500	0	500	0	0	1	0
0.2	20	0.05	567	500	0	500	0	0	1	0
0.2	20	0.05	568	500	0	500	0	0	1	0
0.2	20	0.05	569	500	0	500	0	0	1	0
0.2	20	0.05	570	500	0	500	0	0	1	0
0.2	20	0.05	571	500	0	500	0	0	1	0
0.2	20	0.05	572	500	0	500	0	0	1	0
0.2	20	0.05	573	500	0	500	0	0	1	0
0.2	20	0.05	574	500	0	500	0	0	1	0
0.2	20	0.05	575	500	0	500	0	0	1	0
0.2	20	0.05	576	500	0	500	0	0	1	0
0.2	20	0.05	577	500	0	500	0	0	1	0
0.2	20	0.05	578	500	0	500	0	0	1	0
0.2	20	0.05	579	500	0	500	0	0	1	0
0.2	20	0.05	580	500	0	500	0	0	1	0
0.2	20	0.05	581	500	0	500	0	0	1	0
0.2	20	0.05	582	500	0	500	0	0	1	0
0.2	20	0.05	583	500	0	500	0	0	1	0
0.2	20	0.05	584	500	0	500	0	0	1	0
0.2	20	0.05	585	500	0	500	0	0	1	0
0.2	20	0.05	586	500	0	500	0	0	1	0
0.2	20	0.05	587	500	0	500	0	0	1	0
0.2	20	0.05	588	500	0	500	0	0	1	0
0.2	20	0.05	589	500	0	500	0	0	1	0
0.2	20	0.05	590	500	0	500	0	0	1	0
0.2	20	0.05	591	500	0	500	0	0	1	0
0.2	20	0.05	592	500	0	500	0	0	1	0
0.2	20	0.05	593	500	0	500	0	0	1	0
0.2	20	0.05	594	500	0	500	0	0	1	0
0.2	20	0.05	595	500	0	500	0	0	1	0
0.2	20	0.05	596	500	0	500	0	0	1	0
0.2	20	0.05	597	500	0	500	0	0	1	0
0.2	20	0.05	598	500	0	500	0	0	1	0
0.2	20	0.05	599	500	0	500	0	0	1	0
0.2	20	0.05	600	500	0	500	0	0	1	0
0.2	20	0.05	601	500	0	500	0	0	1	0
0.2	20	0.05	602	500	0	500	0	0	1	0
0.2	20	0.05	603	500	0	500	0	0	1	0
0.2	20	0.05	604	500	0	500	0	0	1	0
0.2	20	0.05	605	500	0	500	0	0	1	0
0.2	20	0.05	606	500	0	500	0	0	1	0
0.2	20	0.05	607	500	0	500	0	0	1	0
0.2	20	0.05	608	500	0	500	0	0	1	0
0.2	20	0.05	609	500	0	500	0	0	1	0
0.2	20	0.05	610	500	0	500	0	0	1	0
0.2	20	0.05	611	500	0	500	0	0	1	0
0.2	20	0.05	612	500	0	500	0	0	1	0
0.2	20	0.05	613	500	0	500	0	0	1	0
0.2	20	0.05	614	500	0	500	0	0	1	0
0.2	20	0.05	615	500	0	500	0	0	1	0
0.2	20	0.05	616	500	0	500	0	0	1	0
0.2	20	0.05	617	500	0	500	0	0	1	0
0.2	20	0.05	618	500	0	500	0	0	1	0
0.2	20	0.05	619	500	0	500	0	0	1	0
0.2	20	0.05	620	500	0	500	0	0	1	0
0.2	20	0.05	621	500	0	500	0	0	1	0
0.2	20	0.05	622	500	0	500	0	0	1	0
0.2	20	0.05	623	500	0	500	0	0	1	0
0.2	20	0.05	624	500	0	500	0	0	1	0
0.2	20	0.05	625	500	0	500	0	0	1	0
0.2	20	0.05	626	500	0	500	0	0	1	0
0.2	20	0.05	627	500	0	500	0	0	1	0
0.2	20	0.05	628	500	0	500	0	0	1	0
0.2	20	0.05	629	500	0	500	0	0	1	0
0.2	20	0.05	630	500	0	500	0	0	1	0
0.2	20	0.05	631	500	0	500	0	0	1	0
0.2	20	0.05	632	500	0	500	0	0	1	0
0.2	20	0.05	633	500	0	500	0	0	1	0
0.2	20	0.05	634	500	0	500	0	0	1	0
0.2	20	0.05	635	500	0	500	0	0	1	0
0.2	20	0.05	636	500	0	500	0	0	1	0
0.2	20	0.05	637	500	0	500	0	0	1	0
0.2	20	0.05	638	500	0	500	0	0	1	0
0.2	20	0.05	639	500	0	500	0	0	1	0
0.2	20	0.05	640	500	0	500	0	0	1	0
0.2	20	0.05	641	500	0	500	0	0	1	0
0.2	20	0.05	642	500	0	500	0	0	1	0
0.2	20	0.05	643	500	0	500	0	0	1	0
0.2	20	0.05	644	500	0	500	0	0	1	0
0.2	20	0.05	645	500	0	500	0	0	1	0
0.2	20	0.05	646	500	0	500	0	0	1	0
0.2	20	0.05	647	500	0	500	0	0	1	0
0.2	20	0.05	648	500	0	500	0	0	1	0
0.2	20	0.05	649	500	0	500	0	0	1	0
0.2	20	0.05	650	500	0	500	0	0	1	0
0.2	20	0.05	651	500	0	500	0	0	1	0
0.2	20	0.05	652	500	0	500	0	0	1	0
0.2	20	0.05	653	500	0	500	0	0	1	0
0.2	20	0.05	654	500	0	500	0	0	1	0
0.2	20	0.05	655	500	0	500	0	0	1	0
0.2	20	0.05	656	500	0	500	0	0	1	0
0.2	20	0.05	657	500	0	500	0	0	1	0
0.2	20	0.05	658	500	0	500	0	0	1	0
0.2	20	0.05	659	500	0	500	0	0	1	0
0.2	20	0.05	660	500	0	500	0	0	1	0
0.2	20	0.05	661	500	0	500	0	0	1	0
0.2	20	0.05	662	500	0	500	0	0	1	0
0.2	20	0.05	663	500	0	500	0	0	1	0
0.2	20	0.05	664	500	0	500	0	0	1	0
0.2	20	0.05	665	500	0	500	0	0	1	0
0.2	20	0.05	666	500	0	500	0	0	1	0
0.2	20	0.05	667	500	0	500	0	0	1	0
0.2	20	0.05	668	500	0	500	0	0	1	0
0.2	20	0.05	669	500	0	500	0	0	1	0
0.2	20	0.05	670	500	0	500	0	0	1	0
0.2	20	0.05	671	500	0	500	0	0	1	0
0.2	20	0.05	672	500	0	500	0	0	1	0
0.2	20	0.05	673	500	0	500	0	0	1	0
0.2	20	0.05	674	500	0	500	0	0	1	0
0.2	20	0.05	675	500	0	500	0	0	1	0
0.2	20	0.05	676	500	0	500	0	0	1	0
0.2	20	0.05	677	500	0	500	0	0	1	0
0.2	20	0.05	678	500	0	500	0	0	1	0
0.2	20	0.05	679	500	0	500	0	0	1	0
0.2	20	0.05	680	500	0	500	0	0	1	0
0.2	20	0.05	681	500	0	500	0	0	1	0
0.2	20	0.05	682	500	0	500	0	0	1	0
0.2	20	0.05	683	500	0	500	0	0	1	0
0.2	20	0.05	684	500	0	500	0	0	1	0
0.2	20	0.05	685	500	0	500	0	0	1	0
0.2	20	0.05	686	500	0	500	0	0	1	0
0.2	20	0.05	687	500	0	500	0	0	1	0
0.2	20	0.05	688	500	0	500	0	0	1	0
0.2	20	0.05	689	500	0	500	0	0	1	0
0.2	20	0.05	690	500	0	500	0	0	1	0
0.2	20	0.05	691	500	0	500	0	0	1	0
0.2	20	0.05	692	500	0	500	0	0	1	0
0.2	20	0.05	693	500	0	500	0	0	1	0
0.2	20	0.05	694	500	0	500	0	0	1	0
0.2	20	0.05	695	500	0	500	0	0	1	0
0.2	20	0.05	696	500	0	500	0	0	1	0
0.2	20	0.05	697	500	0	500	0	0	1	0
0.2	20	0.05	698	500	0	500	0	0	1	0
0.2	20	0.05	699	500	0	500	0	0	1	0
0.2	20	0.05	700	500	0	500	0	0	1	0
0.2	20	0.05	701	500	0	500	0	0	1	0
0.2	20	0.05	702	500	0	500	0	0	1	0
0.2	20	0.05	703	500	0	500	0	0	1	0
0.2	20	0.05	704	500	0	500	0	0	1	0
0.2	20	0.05	705	500	0	500	0	0	1	0
0.2	20	0.05	706	500	0	500	0	0	1	0
0.2	20	0.05	707	500	0	500	0	0	1	0
0.2	20	0.05	708	500	0	500	0	0	1	0
0.2	20	0.05	709	500	0	500	0	0	1	0
0.2	20	0.05	710	500	0	500	0	0	1	0
0.2	20	0.05	711	500	0	500	0	0	1	0
0.2	20	0.05	712	500	0	500	0	0	1	0
0.2	20	0.05	713	500	0	500	0	0	1	0
0.2	20	0.05	714	500	0	500	0	0	1	0
0.2	20	0.05	715	500	0	500	0	0	1	0
0.2	20	0.05	716	500	0	500	0	0	1	0
0.2	20	0.05	717	500	0	500	0	0	1	0
0.2	20	0.05	718	500	0	500	0	0	1	0
0.2	20	0.05	719	500	0	500	0	0	1	0
0.2	20	0.05	720	500	0	500	0	0	1	0
0.2	20	0.05	721	500	0	500	0	0	1	0
0.2	20	0.05	722	500	0	500	0	0	1	0
0.2	20	0.05	723	500	0	500	0	0	1	0
0.2	20	0.05	724	500	0	500	0	0	1	0
0.2	20	0.05	725	500	0	500	0	0	1	0
0.2	20	0.05	726	500	0	500	0	0	1	0
0.2	20	0.05	727	500	0	500	0	0	1	0
0.2	20	0.05	728	500	0	500	0	0	1	0
0.2	20	0.05	729	500	0	500	0	0	1	0
0.2	20	0.05	730	500	0	500	0	0	1	0
0.2	20	0.05	731	500	0	500	0	0	1	0
0.2	20	0.05	732	500	0	500	0	0	1	0
0.2	20	0.05	733	500	0	500	0	0	1	0
0.2	20	0.05	734	500	0	500	0	0	1	0
0.2	20	0.05	735	500	0	500	0	0	1	0
0.2	20	0.05	736	500	0	500	0	0	1	0
0.2	20	0.05	737	500	0	500	0	0	1	0
0.2	20	0.05	738	500	0	500	0	0	1	0
0.2	20	0.05	739	500	0	500	0	0	1	0
0.2	20	0.05	740	500	0	500	0	0	1	0
0.2	20	0.05	741	500	0	500	0	0	1	0
0.2	20	0.05	742	500	0	500	0	0	1	0
0.2	20	0.05	743	500	0	500	0	0	1	0
0.2	20	0.05	744	500	0	500	0	0	1	0
0.2	20	0.05	745	500	0	500	0	0	1	0
0.2	20	0.05	746	500	0	500	0	0	1	0
0.2	20	0.05	747	500	0	500	0	0	1	0
0.2	20	0.05	748	500	0	500	0	0	1	0
0.2	20	0.05	749	500	0	500	0	0	1	0
0.2	20	0.05	750	500	0	500	0	0	1	0
0.2	20	0.05	751	500	0	500	0	0	1	0
0.2	20	0.05	752	500	0	500	0	0	1	0
0.2	20	0.05	753	500	0	500	0	0	1	0
0.2	20	0.05	754	500	0	500	0	0	1	0
0.2	20	0.05	755	500	0	500	0	0	1	0
0.2	20	0.05	756	500	0	500	0	0	1	0
0.2	20	0.05	757	500	0	500	0	0	1	0
0.2	20	0.05	758	500	0	500	0	0	1	0
0.2	20	0.05	759	500	0	500	0	0	1	0
0.2	20	0.05	760	500	0	500	0	0	1	0
0.2	20	0.05	761	500	0	500	0	0	1	0
0.2	20	0.05	762	500	0	500	0	0	1	0
0.2	20	0.05	763	500	0	500	0	0	1	0
0.2	20	0.05	764	500	0	500	0	0	1	0
0.2	20	0.05	765	500	0	500	0	0	1	0
0.2	20	0.05	766	500	0	500	0	0	1	0
0.2	20	0.05	767	500	0	500	0	0	1	0
0.2	20	0.05	768	500	0	500	0	0	1	0
0.2	20	0.05	769	500	0	500	0	0	1	0
0.2	20	0.05	770	500	0	500	0	0	1	0
0.2	20	0.05	771	500	0	500	0	0	1	0
0.2	20	0.05	772	500	0	500	0	0	1	0
0.2	20	0.05	773	500	0	500	0	0	1	0
0.2	20	0.05	774	500	0	500	0	0	1	0
0.2	20	0.05	775	500	0	500	0	0	1	0
0.2	20	0.05	776	500	0	500	0	0	1	0
0.2	20	0.05	777	500	0	500	0	0	1	0
0.2	20	0.05	778	500	0	500	0	0	1	0
0.2	20	0.05	779	500	0	500	0	0	1	0
0.2	20	0.05	780	500	0	500	0	0	1	0
0.2	20	0.05	781	500	0	500	0	0	1	0
0.2	20	0.05	782	500	0	500	0	0	1	0
0.2	20	0.05	783	500	0	500	0	0	1	0
0.2	20	0.05	784	500	0	500	0	0	1	0
0.2	20	0.05	785	500	0	500	0	0	1	0
0.2	20	0.05	786	500	0	500	0	0	1	0
0.2	20	0.05	787	500	0	500	0	0	1	0
0.2	20	0.05	788	500	0	500	0	0	1	0
0.2	20	0.05	789	500	0	500	0	0	1	0
0.2	20	0.05	790	500	0	500	0	0	1	0
0.2	20	0.05	791	500	0	500	0	0	1	0
0.2	20	0.05	792	500	0	500	0	0	1	0
0.2	20	0.05	793	500	0	500	0	0	1	0
0.2	20	0.05	794	500	0	500	0	0	1	0
0.2	20	0.05	795	500	0	500	0	0	1	0
0.2	20	0.05	796	500	0	500	0	0	1	0
0.2	20	0.05	797	500	0	500	0	0	1	0
0.2	20	0.05	798	500	0	500	0	0	1	0
0.2	20	0.05	799	500	0	500	0	0	1	0
0.2	20	0.05	800	500	0	500	0	0	1	0
0.2	20	0.05	801	500	0	500	0	0	1	0
0.2	20	0.05	802	500	0	500	0	0	1	0
0.2	20	0.05	803	500	0	500	0	0	1	0
0.2	20	0.05	804	500	0	500	0	0	1	0
0.2	20	0.05	805	500	0	500	0	0	1	0
0.2	20	0.05	806	500	0	500	0	0	1	0
0.2	20	0.05	807	500	0	500	0	0	1	0
0.2	20	0.05	808	500	0	500	0	0	1	0
0.2	20	0.05	809	500	0	500	0	0	1	0
0.2	20	0.05	810	500	0	500	0	0	1	0
0.2	20	0.05	811	500	0	500	0	0	1	0
0.2	20	0.05	812	500	0	500	0	0	1	0
0.2	20	0.05	813	500	0	500	0	0	1	0
0.2	20	0.05	814	500	0	500	0	0	1	0
0.2	20	0.05	815	500	0	500	0	0	1	0
0.2	20	0.05	816	500	0	500	0	0	1	0
0.2	20	0.05	817	500	0	500	0	0	1	0
0.2	20	0.05	818	500	0	500	0	0	1	0
0.2	20	0.05	819	500	0	500	0	0	1	0
0.2	20	0.05	820	500	0	500	0	0	1	0
0.2	20	0.05	821	500	0	500	0	0	1	0
0.2	20	0.05	822	500	0	500	0	0	1	0
0.2	20	0.05	823	500	0	500	0	0	1	0
0.2	20	0.05	824	500	0	500	0	0	1	0
0.2	20	0.05	825	500	0	500	0	0	1	0
0.2	20	0.05	826	500	0	500	0	0	1	0
0.2	20	0.05	827	500	0	500	0	0	1	0
0.2	20	0.05	828	500	0	500	0	0	1	0
0.2	20	0.05	829	500	0	500	0	0	1	0
0.2	20	0.05	830	500	0	500	0	0	1	0
0.2	20	0.05	831	500	0	500	0	0	1	0
0.2	20	0.05	832	500	0	500	0	0	1	0
0.2	20	0.05	833	500	0	500	0	0	1	0
0.2	20	0.05	834	500	0	500	0	0	1	0
0.2	20	0.05	835	500	0	500	0	0	1	0
0.2	20	0.05	836	500	0	500	0	0	1	0
0.2	20	0.05	837	500	0	500	0	0	1	0
0.2	20	0.05	838	500	0	500	0	0	1	0
0.2	20	0.05	839	500	0	500	0	0	1	0
0.2	20	0.05	840	500	0	500	0	0	1	0
0.2	20	0.05	841	500	0	500	0	0	1	0
0.2	20	0.05	842	500	0	500	0	0	1	0
0.2	20	0.05	843	500	0	500	0	0	1	0
0.2	20	0.05	844	500	0	500	0	0	1	0
0.2	20	0.05	845	500	0	500	0	0	1	0
0.2	20	0.05	846	500	0	500	0	0	1	0
0.2	20	0.05	847	500	0	500	0	0	1	0
0.2	20	0.05	848	500	0	500	0	0	1	0
0.2	20	0.05	849	500	0	500	0	0	1	0
0.2	20	0.05	850	500	0	500	0	0	1	0
0.2	20	0.05	851	500	0	500	0	0	1	0
0.2	20	0.05	852	500	0	500	0	0	1	0
0.2	20	0.05	853	500	0	500	0	0	1	0
0.2	20	0.05	854	500	0	500	0	0	1	0
0.2	20	0.05	855	500	0	500	0	0	1	0
0.2	20	0.05	856	500	0	500	0	0	1	0
0.2	20	0.05	857	500	0	500	0	0	1	0
0.2	20	0.05	858	500	0	500	0	0	1	0
0.2	20	0.05	859	500	0	500	0	0	1	0
0.2	20	0.05	860	500	0	500	0	0	1	0
0.2	20	0.05	861	500	0	500	0	0	1	0
0.2	20	0.05	862	500	0	500	0	0	1	0
0.2	20	0.05	863	500	0	500	0	0	1	0
0.2	20	0.05	864	500	0	500	0	0	1	0
0.2	20	0.05	865	500	0	500	0	0	1	0
0.2	20	0.05	866	500	0	500	0	0	1	0
0.2	20	0.05	867	500	0	500	0	0	1	0
0.2	20	0.05	868	500	0	500	0	0	1	0
0.2	20	0.05	869	500	0	500	0	0	1	0
0.2	20	0.05	870	500	0	500	0	0	1	0
0.2	20	0.05	871	500	0	500	0	0	1	0
0.2	20	0.05	872	500	0	500	0	0	1	0
0.2	20	0.05	873	500	0	500	0	0	1	0
0.2	20	0.05	874	500	0	500	0	0	1	0
0.2	20	0.05	875	500	0	500	0	0	1	0
0.2	20	0.05	876	500	0	500	0	0	1	0
0.2	20	0.05	877	500	0	500	0	0	1	0
0.2	20	0.05	878	500	0	500	0	0	1	0
0.2	20	0.05	879	500	0	500	0	0	1	0
0.2	20	0.05	880	500	0	500	0	0	1	0
0.2	20	0.05	881	500	0	500	0	0	1	0
0.2	20	0.05	882	500	0	500	0	0	1	0
0.2	20	0.05	883	500	0	500	0	0	1	0
0.2	20	0.05	884	500	0	500	0	0	1	0
0.2	20	0.05	885	500	0	500	0	0	1	0
0.2	20	0.05	886	500	0	500	0	0	1	0
0.2	20	0.05	887	500	0	500	0	0	1	0
0.2	20	0.05	888	500	0	500	0	0	1	0
0.2	20	0.05	889	500	0	500	0	0	1	0
0.2	20	0.05	890	500	0	500	0	0	1	0
0.2	20	0.05	891	500	0	500	0	0	1	0
0.2	20	0.05	892	500	0	500	0	0	1	0
0.2	20	0.05	893	500	0	500	0	0	1	0
0.2	20	0.05	894	500	0	500	0	0	1	0
0.2	20	0.05	895	500	0	500	0	0	1	0
0.2	20	0.05	896	500	0	500	0	0	1	0
0.2	20	0.05	897	500	0	500	0	0	1	0
0.2	20	0.05	898	500	0	500	0	0	1	0
0.2	20	0.05	899	500	0	500	0	0	1	0
0.2	20	0.05	900	500	0	500	0	0	1	0
0.2	20	0.05	901	500	0	500	0	0	1	0
0.2	20	0.05	902	500	0	500	0	0	1	0
0.2	20	0.05	903	500	0	500	0	0	1	0
0.2	20	0.05	904	500	0	500	0	0	1	0
0.2	20	0.05	905	500	0	500	0	0	1	0
0.2	20	0.05	906	500	0	500	0	0	1	0
0.2	20	0.05	907	500	0	500	0	0	1	0
0.2	20	0.05	908	500	0	500	0	0	1	0
0.2	20	0.05	909	500	0	500	0	0	1	0
0.2	20	0.05	910	500	0	500	0	0	1	0
0.2	20	0.05	911	500	0	500	0	0	1	0
0.2	20	0.05	912	500	0	500	0	0	1	0
0.2	20	0.05	913	500	0	500	0	0	1	0
0.2	20	0.05	914	500	0	500	0	0	1	0
0.2	20	0.05	915	500	0	500	0	0	1	0
0.2	20	0.05	916	500	0	500	0	0	1	0
0.2	20	0.05	917	500	0	500	0	0	1	0
0.2	20	0.05	918	500	0	500	0	0	1	0
0.2	20	0.05	919	500	0	500	0	0	1	0
0.2	20	0.05	920	500	0	500	0	0	1	0
0.2	20	0.05	921	500	0	500	0	0	1	0
0.2	20	0.05	922	500	0	500	0	0	1	0
0.2	20	0.05	923	500	0	500	0	0	1	0
0.2	20	0.05	924	500	0	500	0	0	1	0
0.2	20	0.05	925	500	0	500	0	0	1	0
0.2	20	0.05	926	500	0	500	0	0	1	0
0.2	20	0.05	927	500	0	500	0	0	1	0
0.2	20	0.05	928	500	0	500	0	0	1	0
0.2	20	0.05	929	500	0	500	0	0	1	0
0.2	20	0.05	930	500	0	500	0	0	1	0
0.2	20	0.05	931	500	0	500	0	0	1	0
0.2	20	0.05	932	500	0	500	0	0	1	0
0.2	20	0.05	933	500	0	500	0	0	1	0
0.2	20	0.05	934	500	0	500	0	0	1	0
0.2	20	0.05	935	500	0	500	0	0	1	0
0.2	20	0.05	936	500	0	500	0	0	1	0
0.2	20	0.05	937	500	0	500	0	0	1	0
0.2	20	0.05	938	500	0	500	0	0	1	0
0.2	20	0.05	939	500	0	500	0	0	1	0
0.2	20	0.05	940	500	0	500	0	0	1	0
0.2	20	0.05	941	500	0	500	0	0	1	0
0.2	20	0.05	942	500	0	500	0	0	1	0
0.2	20	0.05	943	500	0	500	0	0	1	0
0.2	20	0.05	944	500	0	500	0	0	1	0
0.2	20	0.05	945	500	0	500	0	0	1	0
0.2	20	0.05	946	500	0	500	0	0	1	0
0.2	20	0.05	947	500	0	500	0	0	1	0
0.2	20	0.05	948	500	0	500	0	0	1	0
0.2	20	0.05	949	500	0	500	0	0	1	0
0.2	20	0.05	950	500	0	500	0	0	1	0
0.2	20	0.05	951	500	0	500	0	0	1	0
0.2	20	0.05	952	500	0	500	0	0	1	0
0.2	20	0.05	953	500	0	500	0	0	1	0
0.2	20	0.05	954	500	0	500	0	0	1	0
0.2	20	0.05	955	500	0	500	0	0	1	0
0.2	20	0.05	956	500	0	500	0	0	1	0
0.2	20	0.05	957	500	0	500	0	0	1	0
0.2	20	0.05	958	500	0	500	0	0	1	0
0.2	20	0.05	959	500	0	500	0	0	1	0
0.2	20	0.05	960	500	0	500	0	0	1	0
0.2	20	0.05	961	500	0	500	0	0	1	0
0.2	20	0.05	962	500	0	500	0	0	1	0
0.2	20	0.05	963	500	0	500	0	0	1	0
0.2	20	0.05	964	500	0	500	0	0	1	0
0.2	20	0.05	965	500	0	500	0	0	1	0
0.2	20	0.05	966	500	0	500	0	0	1	0
0.2	20	0.05	967	500	0	500	0	0	1	0
0.2	20	0.05	968	500	0	500	0	0	1	0
0.2	20	0.05	969	500	0	500	0	0	1	0
0.2	20	0.05	970	500	0	500	0	0	1	0
0.2	20	0.05	971	500	0	500	0	0	1	0
0.2	20	0.05	972	500	0	500	0	0	1	0
0.2	20	0.05	973	500	0	500	0	0	1	0
0.2	20	0.05	974	500	0	500	0	0	1	0
0.2	20	0.05	975	500	0	500	0	0	1	0
0.2	20	0.05	976	500	0	500	0	0	1	0
0.2	20	0.05	977	500	0	500	0	0	1	0
0.2	20	0.05	978	500	0	500	0	0	1	0
0.2	20	0.05	979	500	0	500	0	0	1	0
0.2	20	0.05	980	500	0	500	0	0	1	0
0.2	20	0.05	981	500	0	500	0	0	1	0
0.2	20	0.05	982	500	0	500	0	0	1	0
0.2	20	0.05	983	500	0	500	0	0	1	0
0.2	20	0.05	984	500	0	500	0	0	1	0
0.2	20	0.05	985	500	0	500	0	0	1	0
0.2	20	0.05	986	500	0	500	0	0	1	0
0.2	20	0.05	987	500	0	500	0	0	1	0
0.2	20	0.05	988	500	0	500	0	0	1	0
0.2	20	0.05	989	500	0	500	0	0	1	0
0.2	20	0.05	990	500	0	500	0	0	1	0
0.2	20	0.05	991	500	0	500	0	0	1	0
0.2	20	0.05	992	500	0	500	0	0	1	0
0.2	20	0.05	993	500	0	500	0	0	1	0
0.2	20	0.05	994	500	0	500	0	0	1	0
0.2	20	0.05	995	500	0	500	0	0	1	0
0.2	20	0.05	996	500	0	500	0	0	1	0
0.2	20	0.05	997	500	0	500	0	0	1	0
0.2	20	0.05	998	500	0	500	0	0	1	0
0.2	20	0.05	999	500	0	500	0	0	1	0
0.2	20	0.05	1000	500	0	500	0	0	1	0
0.3	20	0.05	2	500	0	0	500	0	0	1
0.3	20	0.05	3	500	0	0	500	0	0	1
0.3	20	0.05	4	500	0	0	500	0	0	1
0.3	20	0.05	5	500	0	0	500	0	0	1
0.3	20	0.05	6	500	0	0	500	0	0	1
0.3	20	0.05	7	500	0	0	500	0	0	1
0.3	20	0.05	8	500	0	2	498	0	0.004	0.996
0.3	20	0.05	9	500	0	1	499	0	0.002	0.998
0.3	20	0.05	10	500	1	7	492	0.002	0.014	0.984
0.3	20	0.05	11	500	5	6	489	0.01	0.012	0.978
0.3	20	0.05	12	500	0	11	489	0	0.022	0.978
0.3	20	0.05	13	500	6	17	477	0.012	0.034	0.954
0.3	20	0.05	14	500	13	16	471	0.026	0.032	0.942
0.3	20	0.05	15	500	14	21	465	0.028	0.042	0.93
0.3	20	0.05	16	500	15	11	474	0.03	0.022	0.948
0.3	20	0.05	17	500	16	20	464	0.032	0.04	0.928
0.3	20	0.05	18	500	20	27	453	0.04	0.054	0.906
0.3	20	0.05	19	500	26	31	443	0.052	0.062	0.886
0.3	20	0.05	20	500	22	26	452	0.044	0.052	0.904
0.3	20	0.05	21	500	22	29	449	0.044	0.058	0.898
0.3	20	0.05	22	500	35	29	436	0.07	0.058	0.872
0.3	20	0.05	23	500	28	30	442	0.056	0.06	0.884
0.3	20	0.05	24	500	35	29	436	0.07	0.058	0.872
0.3	20	0.05	25	500	34	46	420	0.068	0.092	0.84
0.3	20	0.05	26	500	46	40	414	0.092	0.08	0.828
0.3	20	0.05	27	500	37	50	413	0.074	0.1	0.826
0.3	20	0.05	28	500	39	48	413	0.078	0.096	0.826
0.3	20	0.05	29	500	50	42	408	0.1	0.084	0.816
0.3	20	0.05	30	500	47	44	409	0.094	0.088	0.818
0.3	20	0.05	31	500	50	52	398	0.1	0.104	0.796
0.3	20	0.05	32	500	51	62	387	0.102	0.124	0.774
0.3	20	0.05	33	500	53	48	399	0.106	0.096	0.798
0.3	20	0.05	34	500	55	50	395	0.11	0.1	0.79
0.3	20	0.05	35	500	60	56	384	0.12	0.112	0.768
0.3	20	0.05	36	500	58	48	394	0.116	0.096	0.788
0.3	20	0.05	37	500	47	71	382	0.094	0.142	0.764
0.3	20	0.05	38	500	83	57	360	0.166	0.114	0.72
0.3	20	0.05	39	500	64	73	363	0.128	0.146	0.726
0.3	20	0.05	40	500	62	57	381	0.124	0.114	0.762
0.3	20	0.05	41	500	60	74	366	0.12	0.148	0.732
0.3	20	0.05	42	500	61	74	365	0.122	0.148	0.73
0.3	20	0.05	43	500	66	56	378	0.132	0.112	0.756
0.3	20	0.05	44	500	57	79	364	0.114	0.158	0.728
0.3	20	0.05	45	500	93	68	339	0.186	0.136	0.678
0.3	20	0.05	46	500	73	70	357	0.146	0.14	0.714
0.3	20	0.05	47	500	68	72	360	0.136	0.144	0.72
0.3	20	0.05	48	500	88	87	325	0.176	0.174	0.65
0.3	20	0.05	49	500	75	71	354	0.15	0.142	0.708
0.3	20	0.05	50	500	85	74	341	0.17	0.148	0.682
0.3	20	0.05	51	500	78	77	345	0.156	0.154	0.69
0.3	20	0.05	52	500	83	77	340	0.166	0.154	0.68
0.3	20	0.05	53	500	74	83	343	0.148	0.166	0.686
0.3	20	0.05	54	500	84	97	319	0.168	0.194	0.638
0.3	20	0.05	55	500	97	76	327	0.194	0.152	0.654
0.3	20	0.05	56	500	77	90	333	0.154	0.18	0.666
0.3	20	0.05	57	500	105	72	323	0.21	0.144	0.646
0.3	20	0.05	58	500	81	78	341	0.162	0.156	0.682
0.3	20	0.05	59	500	85	83	332	0.17	0.166	0.664
0.3	20	0.05	60	500	99	78	323	0.198	0.156	0.646
0.3	20	0.05	61	500	92	96	312	0.184	0.192	0.624
0.3	20	0.05	62	500	91	84	325	0.182	0.168	0.65
0.3	20	0.05	63	500	82	95	323	0.164	0.19	0.646
0.3	20	0.05	64	500	94	91	315	0.188	0.182	0.63
0.3	20	0.05	65	500	95	97	308	0.19	0.194	0.616
0.3	20	0.05	66	500	104	92	304	0.208	0.184	0.608
0.3	20	0.05	67	500	87	89	324	0.174	0.178	0.648
0.3	20	0.05	68	500	92	93	315	0.184	0.186	0.63
0.3	20	0.05	69	500	110	96	294	0.22	0.192	0.588
0.3	20	0.05	70	500	99	100	301	0.198	0.2	0.602
0.3	20	0.05	71	500	101	101	298	0.202	0.202	0.596
0.3	20	0.05	72	500	110	86	304	0.22	0.172	0.608
0.3	20	0.05	73	500	88	91	321	0.176	0.182	0.642
0.3	20	0.05	74	500	110	91	299	0.22	0.182	0.598
0.3	20	0.05	75	500	118	100	282	0.236	0.2	0.564
0.3	20	0.05	76	500	110	93	297	0.22	0.186	0.594
0.3	20	0.05	77	500	101	105	294	0.202	0.21	0.588
0.3	20	0.05	78	500	94	121	285	0.188	0.242	0.57
0.3	20	0.05	79	500	104	92	304	0.208	0.184	0.608
0.3	20	0.05	80	500	105	116	279	0.21	0.232	0.558
0.3	20	0.05	81	500	110	119	271	0.22	0.238	0.542
0.3	20	0.05	82	500	100	122	278	0.2	0.244	0.556
0.3	20	0.05	83	500	96	112	292	0.192	0.224	0.584
0.3	20	0.05	84	500	91	105	304	0.182	0.21	0.608
0.3	20	0.05	85	500	125	92	283	0.25	0.184	0.566
0.3	20	0.05	86	500	111	100	289	0.222	0.2	0.578
0.3	20	0.05	87	500	108	116	276	0.216	0.232	0.552
0.3	20	0.05	88	500	117	119	264	0.234	0.238	0.528
0.3	20	0.05	89	500	97	100	303	0.194	0.2	0.606
0.3	20	0.05	90	500	123	118	259	0.246	0.236	0.518
0.3	20	0.05	91	500	122	90	288	0.244	0.18	0.576
0.3	20	0.05	92	500	134	102	264	0.268	0.204	0.528
0.3	20	0.05	93	500	123	121	256	0.246	0.242	0.512
0.3	20	0.05	94	500	120	94	286	0.24	0.188	0.572
0.3	20	0.05	95	500	117	121	262	0.234	0.242	0.524
0.3	20	0.05	96	500	132	109	259	0.264	0.218	0.518
0.3	20	0.05	97	500	115	111	274	0.23	0.222	0.548
0.3	20	0.05	98	500	136	112	252	0.272	0.224	0.504
0.3	20	0.05	99	500	115	127	258	0.23	0.254	0.516
0.3	20	0.05	100	500	119	113	268	0.238	0.226	0.536
0.3	20	0.05	101	500	126	112	262	0.252	0.224	0.524
0.3	20	0.05	102	500	122	127	251	0.244	0.254	0.502
0.3	20	0.05	103	500	125	138	237	0.25	0.276	0.474
0.3	20	0.05	104	500	120	120	260	0.24	0.24	0.52
0.3	20	0.05	105	500	128	119	253	0.256	0.238	0.506
0.3	20	0.05	106	500	129	106	265	0.258	0.212	0.53
0.3	20	0.05	107	500	139	101	260	0.278	0.202	0.52
0.3	20	0.05	108	500	131	107	262	0.262	0.214	0.524
0.3	20	0.05	109	500	121	101	278	0.242	0.202	0.556
0.3	20	0.05	110	500	132	122	246	0.264	0.244	0.492
0.3	20	0.05	111	500	133	125	242	0.266	0.25	0.484
0.3	20	0.05	112	500	115	123	262	0.23	0.246	0.524
0.3	20	0.05	113	500	125	114	261	0.25	0.228	0.522
0.3	20	0.05	114	500	133	125	242	0.266	0.25	0.484
0.3	20	0.05	115	500	123	136	241	0.246	0.272	0.482
0.3	20	0.05	116	500	128	110	262	0.256	0.22	0.524
0.3	20	0.05	117	500	153	120	227	0.306	0.24	0.454
0.3	20	0.05	118	500	146	112	242	0.292	0.224	0.484
0.3	20	0.05	119	500	139	131	230	0.278	0.262	0.46
0.3	20	0.05	120	500	140	124	236	0.28	0.248	0.472
0.3	20	0.05	121	500	126	131	243	0.252	0.262	0.486
0.3	20	0.05	122	500	139	126	235	0.278	0.252	0.47
0.3	20	0.05	123	500	119	107	274	0.238	0.214	0.548
0.3	20	0.05	124	500	125	114	261	0.25	0.228	0.522
0.3	20	0.05	125	500	138	130	232	0.276	0.26	0.464
0.3	20	0.05	126	500	130	140	230	0.26	0.28	0.46
0.3	20	0.05	127	500	128	118	254	0.256	0.236	0.508
0.3	20	0.05	128	500	123	127	250	0.246	0.254	0.5
0.3	20	0.05	129	500	125	132	243	0.25	0.264	0.486
0.3	20	0.05	130	500	146	146	208	0.292	0.292	0.416
0.3	20	0.05	131	500	124	138	238	0.248	0.276	0.476
0.3	20	0.05	132	500	140	130	230	0.28	0.26	0.46
0.3	20	0.05	133	500	114	141	245	0.228	0.282	0.49
0.3	20	0.05	134	500	137	128	235	0.274	0.256	0.47
0.3	20	0.05	135	500	143	127	230	0.286	0.254	0.46
0.3	20	0.05	136	500	132	125	243	0.264	0.25	0.486
0.3	20	0.05	137	500	149	133	218	0.298	0.266	0.436
0.3	20	0.05	138	500	136	138	226	0.272	0.276	0.452
0.3	20	0.05	139	500	143	131	226	0.286	0.262	0.452
0.3	20	0.05	140	500	135	132	233	0.27	0.264	0.466
0.3	20	0.05	141	500	136	146	218	0.272	0.292	0.436
0.3	20	0.05	142	500	147	138	215	0.294	0.276	0.43
0.3	20	0.05	143	500	144	133	223	0.288	0.266	0.446
0.3	20	0.05	144	500	141	133	226	0.282	0.266	0.452
0.3	20	0.05	145	500	142	144	214	0.284	0.288	0.428
0.3	20	0.05	146	500	144	146	210	0.288	0.292	0.42
0.3	20	0.05	147	500	144	137	219	0.288	0.274	0.438
0.3	20	0.05	148	500	134	129	237	0.268	0.258	0.474
0.3	20	0.05	149	500	143	153	204	0.286	0.306	0.408
0.3	20	0.05	150	500	138	142	220	0.276	0.284	0.44
0.3	20	0.05	151	500	133	136	231	0.266	0.272	0.462
0.3	20	0.05	152	500	132	150	218	0.264	0.3	0.436
0.3	20	0.05	153	500	133	157	210	0.266	0.314	0.42
0.3	20	0.05	154	500	147	128	225	0.294	0.256	0.45
0.3	20	0.05	155	500	143	146	211	0.286	0.292	0.422
0.3	20	0.05	156	500	123	148	229	0.246	0.296	0.458
0.3	20	0.05	157	500	147	131	222	0.294	0.262	0.444
0.3	20	0.05	158	500	134	150	216	0.268	0.3	0.432
0.3	20	0.05	159	500	144	140	216	0.288	0.28	0.432
0.3	20	0.05	160	500	139	138	223	0.278	0.276	0.446
0.3	20	0.05	161	500	148	124	228	0.296	0.248	0.456
0.3	20	0.05	162	500	153	142	205	0.306	0.284	0.41
0.3	20	0.05	163	500	149	149	202	0.298	0.298	0.404
0.3	20	0.05	164	500	151	137	212	0.302	0.274	0.424
0.3	20	0.05	165	500	173	134	193	0.346	0.268	0.386
0.3	20	0.05	166	500	163	123	214	0.326	0.246	0.428
0.3	20	0.05	167	500	138	145	217	0.276	0.29	0.434
0.3	20	0.05	168	500	153	129	218	0.306	0.258	0.436
0.3	20	0.05	169	500	131	164	205	0.262	0.328	0.41
0.3	20	0.05	170	500	155	153	192	0.31	0.306	0.384
0.3	20	0.05	171	500	163	133	204	0.326	0.266	0.408
0.3	20	0.05	172	500	160	122	218	0.32	0.244	0.436
0.3	20	0.05	173	500	149	165	186	0.298	0.33	0.372
0.3	20	0.05	174	500	165	145	190	0.33	0.29	0.38
0.3	20	0.05	175	500	154	153	193	0.308	0.306	0.386
0.3	20	0.05	176	500	150	150	200	0.3	0.3	0.4
0.3	20	0.05	177	500	144	137	219	0.288	0.274	0.438
0.3	20	0.05	178	500	130	161	209	0.26	0.322	0.418
0.3	20	0.05	179	500	135	163	202	0.27	0.326	0.404
0.3	20	0.05	180	500	159	146	195	0.318	0.292	0.39
0.3	20	0.05	181	500	152	147	201	0.304	0.294	0.402
0.3	20	0.05	182	500	165	130	205	0.33	0.26	0.41
0.3	20	0.05	183	500	146	164	190	0.292	0.328	0.38
0.3	20	0.05	184	500	154	143	203	0.308	0.286	0.406
0.3	20	0.05	185	500	140	141	219	0.28	0.282	0.438
0.3	20	0.05	186	500	147	139	214	0.294	0.278	0.428
0.3	20	0.05	187	500	155	138	207	0.31	0.276	0.414
0.3	20	0.05	188	500	160	142	198	0.32	0.284	0.396
0.3	20	0.05	189	500	159	132	209	0.318	0.264	0.418
0.3	20	0.05	190	500	169	141	190	0.338	0.282	0.38
0.3	20	0.05	191	500	145	156	199	0.29	0.312	0.398
0.3	20	0.05	192	500	159	160	181	0.318	0.32	0.362
0.3	20	0.05	193	500	166	149	185	0.332	0.298	0.37
0.3	20	0.05	194	500	166	152	182	0.332	0.304	0.364
0.3	20	0.05	195	500	167	133	200	0.334	0.266	0.4
0.3	20	0.05	196	500	184	113	203	0.368	0.226	0.406
0.3	20	0.05	197	500	155	144	201	0.31	0.288	0.402
0.3	20	0.05	198	500	158	153	189	0.316	0.306	0.378
0.3	20	0.05	199	500	164	138	198	0.328	0.276	0.396
0.3	20	0.05	200	500	171	142	187	0.342	0.284	0.374
0.3	20	0.05	201	500	148	184	168	0.296	0.368	0.336
0.3	20	0.05	202	500	153	166	181	0.306	0.332	0.362
0.3	20	0.05	203	500	151	157	192	0.302	0.314	0.384
0.3	20	0.05	204	500	162	153	185	0.324	0.306	0.37
0.3	20	0.05	205	500	161	149	190	0.322	0.298	0.38
0.3	20	0.05	206	500	153	166	181	0.306	0.332	0.362
0.3	20	0.05	207	500	162	155	183	0.324	0.31	0.366
0.3	20	0.05	208	500	155	148	197	0.31	0.296	0.394
0.3	20	0.05	209	500	140	159	201	0.28	0.318	0.402
0.3	20	0.05	210	500	162	146	192	0.324	0.292	0.384
0.3	20	0.05	211	500	150	161	189	0.3	0.322	0.378
0.3	20	0.05	212	500	151	171	178	0.302	0.342	0.356
0.3	20	0.05	213	500	147	174	179	0.294	0.348	0.358
0.3	20	0.05	214	500	153	143	204	0.306	0.286	0.408
0.3	20	0.05	215	500	167	142	191	0.334	0.284	0.382
0.3	20	0.05	216	500	150	165	185	0.3	0.33	0.37
0.3	20	0.05	217	500	178	149	173	0.356	0.298	0.346
0.3	20	0.05	218	500	168	155	177	0.336	0.31	0.354
0.3	20	0.05	219	500	158	159	183	0.316	0.318	0.366
0.3	20	0.05	220	500	163	151	186	0.326	0.302	0.372
0.3	20	0.05	221	500	137	154	209	0.274	0.308	0.418
0.3	20	0.05	222	500	182	136	182	0.364	0.272	0.364
0.3	20	0.05	223	500	158	157	185	0.316	0.314	0.37
0.3	20	0.05	224	500	168	165	167	0.336	0.33	0.334
0.3	20	0.05	225	500	167	148	185	0.334	0.296	0.37
0.3	20	0.05	226	500	162	165	173	0.324	0.33	0.346
0.3	20	0.05	227	500	154	176	170	0.308	0.352	0.34
0.3	20	0.05	228	500	167	148	185	0.334	0.296	0.37
0.3	20	0.05	229	500	165	157	178	0.33	0.314	0.356
0.3	20	0.05	230	500	147	153	200	0.294	0.306	0.4
0.3	20	0.05	231	500	146	163	191	0.292	0.326	0.382
0.3	20	0.05	232	500	166	138	196	0.332	0.276	0.392
0.3	20	0.05	233	500	159	154	187	0.318	0.308	0.374
0.3	20	0.05	234	500	168	165	167	0.336	0.33	0.334
0.3	20	0.05	235	500	159	155	186	0.318	0.31	0.372
0.3	20	0.05	236	500	168	150	182	0.336	0.3	0.364
0.3	20	0.05	237	500	176	146	178	0.352	0.292	0.356
0.3	20	0.05	238	500	163	160	177	0.326	0.32	0.354
0.3	20	0.05	239	500	157	171	172	0.314	0.342	0.344
0.3	20	0.05	240	500	167	163	170	0.334	0.326	0.34
0.3	20	0.05	241	500	154	164	182	0.308	0.328	0.364
0.3	20	0.05	242	500	172	156	172	0.344	0.312	0.344
0.3	20	0.05	243	500	177	151	172	0.354	0.302	0.344
0.3	20	0.05	244	500	161	167	172	0.322	0.334	0.344
0.3	20	0.05	245	500	164	166	170	0.328	0.332	0.34
0.3	20	0.05	246	500	163	165	172	0.326	0.33	0.344
0.3	20	0.05	247	500	179	155	166	0.358	0.31	0.332
0.3	20	0.05	248	500	164	147	189	0.328	0.294	0.378
0.3	20	0.05	249	500	162	165	173	0.324	0.33	0.346
0.3	20	0.05	250	500	152	180	168	0.304	0.36	0.336
0.3	20	0.05	251	500	158	160	182	0.316	0.32	0.364
0.3	20	0.05	252	500	164	161	175	0.328	0.322	0.35
0.3	20	0.05	253	500	156	161	183	0.312	0.322	0.366
0.3	20	0.05	254	500	147	169	184	0.294	0.338	0.368
0.3	20	0.05	255	500	172	168	160	0.344	0.336	0.32
0.3	20	0.05	256	500	175	153	172	0.35	0.306	0.344
0.3	20	0.05	257	500	159	158	183	0.318	0.316	0.366
0.3	20	0.05	258	500	184	156	160	0.368	0.312	0.32
0.3	20	0.05	259	500	180	150	170	0.36	0.3	0.34
0.3	20	0.05	260	500	164	172	164	0.328	0.344	0.328
0.3	20	0.05	261	500	195	129	176	0.39	0.258	0.352
0.3	20	0.05	262	500	174	148	178	0.348	0.296	0.356
0.3	20	0.05	263	500	162	160	178	0.324	0.32	0.356
0.3	20	0.05	264	500	168	145	187	0.336	0.29	0.374
0.3	20	0.05	265	500	166	157	177	0.332	0.314	0.354
0.3	20	0.05	266	500	148	177	175	0.296	0.354	0.35
0.3	20	0.05	267	500	172	152	176	0.344	0.304	0.352
0.3	20	0.05	268	500	174	161	165	0.348	0.322	0.33
0.3	20	0.05	269	500	153	181	166	0.306	0.362	0.332
0.3	20	0.05	270	500	158	185	157	0.316	0.37	0.314
0.3	20	0.05	271	500	163	161	176	0.326	0.322	0.352
0.3	20	0.05	272	500	160	170	170	0.32	0.34	0.34
0.3	20	0.05	273	500	184	173	143	0.368	0.346	0.286
0.3	20	0.05	274	500	162	164	174	0.324	0.328	0.348
0.3	20	0.05	275	500	144	185	171	0.288	0.37	0.342
0.3	20	0.05	276	500	181	164	155	0.362	0.328	0.31
0.3	20	0.05	277	500	179	172	149	0.358	0.344	0.298
0.3	20	0.05	278	500	160	177	163	0.32	0.354	0.326
0.3	20	0.05	279	500	156	172	172	0.312	0.344	0.344
0.3	20	0.05	280	500	155	164	181	0.31	0.328	0.362
0.3	20	0.05	281	500	177	163	160	0.354	0.326	0.32
0.3	20	0.05	282	500	145	189	166	0.29	0.378	0.332
0.3	20	0.05	283	500	176	159	165	0.352	0.318	0.33
0.3	20	0.05	284	500	162	161	177	0.324	0.322	0.354
0.3	20	0.05	285	500	167	168	165	0.334	0.336	0.33
0.3	20	0.05	286	500	179	165	156	0.358	0.33	0.312
0.3	20	0.05	287	500	151	180	169	0.302	0.36	0.338
0.3	20	0.05	288	500	171	184	145	0.342	0.368	0.29
0.3	20	0.05	289	500	170	176	154	0.34	0.352	0.308
0.3	20	0.05	290	500	171	162	167	0.342	0.324	0.334
0.3	20	0.05	291	500	162	174	164	0.324	0.348	0.328
0.3	20	0.05	292	500	190	169	141	0.38	0.338	0.282
0.3	20	0.05	293	500	156	150	194	0.312	0.3	0.388
0.3	20	0.05	294	500	159	167	174	0.318	0.334	0.348
0.3	20	0.05	295	500	188	175	137	0.376	0.35	0.274
0.3	20	0.05	296	500	170	183	147	0.34	0.366	0.294
0.3	20	0.05	297	500	153	165	182	0.306	0.33	0.364
0.3	20	0.05	298	500	171	165	164	0.342	0.33	0.328
0.3	20	0.05	299	500	165	187	148	0.33	0.374	0.296
0.3	20	0.05	300	500	156	186	158	0.312	0.372	0.316
0.3	20	0.05	301	500	156	177	167	0.312	0.354	0.334
0.3	20	0.05	302	500	181	169	150	0.362	0.338	0.3
0.3	20	0.05	303	500	172	191	137	0.344	0.382	0.274
0.3	20	0.05	304	500	148	182	170	0.296	0.364	0.34
0.3	20	0.05	305	500	145	177	178	0.29	0.354	0.356
0.3	20	0.05	306	500	179	165	156	0.358	0.33	0.312
0.3	20	0.05	307	500	198	167	135	0.396	0.334	0.27
0.3	20	0.05	308	500	163	181	156	0.326	0.362	0.312
0.3	20	0.05	309	500	174	168	158	0.348	0.336	0.316
0.3	20	0.05	310	500	163	184	153	0.326	0.368	0.306
0.3	20	0.05	311	500	182	177	141	0.364	0.354	0.282
0.3	20	0.05	312	500	168	173	159	0.336	0.346	0.318
0.3	20	0.05	313	500	181	156	163	0.362	0.312	0.326
0.3	20	0.05	314	500	166	163	171	0.332	0.326	0.342
0.3	20	0.05	315	500	182	167	151	0.364	0.334	0.302
0.3	20	0.05	316	500	154	183	163	0.308	0.366	0.326
0.3	20	0.05	317	500	166	153	181	0.332	0.306	0.362
0.3	20	0.05	318	500	166	181	153	0.332	0.362	0.306
0.3	20	0.05	319	500	161	171	168	0.322	0.342	0.336
0.3	20	0.05	320	500	156	193	151	0.312	0.386	0.302
0.3	20	0.05	321	500	166	165	169	0.332	0.33	0.338
0.3	20	0.05	322	500	181	175	144	0.362	0.35	0.288
0.3	20	0.05	323	500	181	167	152	0.362	0.334	0.304
0.3	20	0.05	324	500	166	170	164	0.332	0.34	0.328
0.3	20	0.05	325	500	186	179	135	0.372	0.358	0.27
0.3	20	0.05	326	500	160	182	158	0.32	0.364	0.316
0.3	20	0.05	327	500	175	179	146	0.35	0.358	0.292
0.3	20	0.05	328	500	175	173	152	0.35	0.346	0.304
0.3	20	0.05	329	500	171	180	149	0.342	0.36	0.298
0.3	20	0.05	330	500	161	174	165	0.322	0.348	0.33
0.3	20	0.05	331	500	166	168	166	0.332	0.336	0.332
0.3	20	0.05	332	500	191	162	147	0.382	0.324	0.294
0.3	20	0.05	333	500	165	183	152	0.33	0.366	0.304
0.3	20	0.05	334	500	180	168	152	0.36	0.336	0.304
0.3	20	0.05	335	500	174	152	174	0.348	0.304	0.348
0.3	20	0.05	336	500	193	172	135	0.386	0.344	0.27
0.3	20	0.05	337	500	178	177	145	0.356	0.354	0.29
0.3	20	0.05	338	500	170	187	143	0.34	0.374	0.286
0.3	20	0.05	339	500	187	165	148	0.374	0.33	0.296
0.3	20	0.05	340	500	173	172	155	0.346	0.344	0.31
0.3	20	0.05	341	500	172	173	155	0.344	0.346	0.31
0.3	20	0.05	342	500	179	175	146	0.358	0.35	0.292
0.3	20	0.05	343	500	165	188	147	0.33	0.376	0.294
0.3	20	0.05	344	500	170	155	175	0.34	0.31	0.35
0.3	20	0.05	345	500	194	164	142	0.388	0.328	0.284
0.3	20	0.05	346	500	183	159	158	0.366	0.318	0.316
0.3	20	0.05	347	500	169	179	152	0.338	0.358	0.304
0.3	20	0.05	348	500	162	173	165	0.324	0.346	0.33
0.3	20	0.05	349	500	176	186	138	0.352	0.372	0.276
0.3	20	0.05	350	500	190	167	143	0.38	0.334	0.286
0.3	20	0.05	351	500	188	166	146	0.376	0.332	0.292
0.3	20	0.05	352	500	172	178	150	0.344	0.356	0.3
0.3	20	0.05	353	500	164	188	148	0.328	0.376	0.296
0.3	20	0.05	354	500	156	188	156	0.312	0.376	0.312
0.3	20	0.05	355	500	181	171	148	0.362	0.342	0.296
0.3	20	0.05	356	500	156	178	166	0.312	0.356	0.332
0.3	20	0.05	357	500	182	198	120	0.364	0.396	0.24
0.3	20	0.05	358	500	183	177	140	0.366	0.354	0.28
0.3	20	0.05	359	500	184	182	134	0.368	0.364	0.268
0.3	20	0.05	360	500	163	187	150	0.326	0.374	0.3
0.3	20	0.05	361	500	181	163	156	0.362	0.326	0.312
0.3	20	0.05	362	500	172	200	128	0.344	0.4	0.256
0.3	20	0.05	363	500	174	177	149	0.348	0.354	0.298
0.3	20	0.05	364	500	179	156	165	0.358	0.312	0.33
0.3	20	0.05	365	500	169	195	136	0.338	0.39	0.272
0.3	20	0.05	366	500	194	176	130	0.388	0.352	0.26
0.3	20	0.05	367	500	185	165	150	0.37	0.33	0.3
0.3	20	0.05	368	500	177	178	145	0.354	0.356	0.29
0.3	20	0.05	369	500	201	163	136	0.402	0.326	0.272
0.3	20	0.05	370	500	191	179	130	0.382	0.358	0.26
0.3	20	0.05	371	500	178	166	156	0.356	0.332	0.312
0.3	20	0.05	372	500	181	178	141	0.362	0.356	0.282
0.3	20	0.05	373	500	171	190	139	0.342	0.38	0.278
0.3	20	0.05	374	500	170	180	150	0.34	0.36	0.3
0.3	20	0.05	375	500	184	167	149	0.368	0.334	0.298
0.3	20	0.05	376	500	193	176	131	0.386	0.352	0.262
0.3	20	0.05	377	500	174	188	138	0.348	0.376	0.276
0.3	20	0.05	378	500	189	171	140	0.378	0.342	0.28
0.3	20	0.05	379	500	181	167	152	0.362	0.334	0.304
0.3	20	0.05	380	500	176	183	141	0.352	0.366	0.282
0.3	20	0.05	381	500	170	194	136	0.34	0.388	0.272
0.3	20	0.05	382	500	179	177	144	0.358	0.354	0.288
0.3	20	0.05	383	500	164	183	153	0.328	0.366	0.306
0.3	20	0.05	384	500	192	162	146	0.384	0.324	0.292
0.3	20	0.05	385	500	210	159	131	0.42	0.318	0.262
0.3	20	0.05	386	500	192	195	113	0.384	0.39	0.226
0.3	20	0.05	387	500	174	168	158	0.348	0.336	0.316
0.3	20	0.05	388	500	191	155	154	0.382	0.31	0.308
0.3	20	0.05	389	500	184	172	144	0.368	0.344	0.288
0.3	20	0.05	390	500	197	170	133	0.394	0.34	0.266
0.3	20	0.05	391	500	166	198	136	0.332	0.396	0.272
0.3	20	0.05	392	500	200	170	130	0.4	0.34	0.26
0.3	20	0.05	393	500	186	174	140	0.372	0.348	0.28
0.3	20	0.05	394	500	186	174	140	0.372	0.348	0.28
0.3	20	0.05	395	500	182	188	130	0.364	0.376	0.26
0.3	20	0.05	396	500	192	171	137	0.384	0.342	0.274
0.3	20	0.05	397	500	183	169	148	0.366	0.338	0.296
0.3	20	0.05	398	500	206	159	135	0.412	0.318	0.27
0.3	20	0.05	399	500	176	176	148	0.352	0.352	0.296
0.3	20	0.05	400	500	169	186	145	0.338	0.372	0.29
0.3	20	0.05	401	500	174	173	153	0.348	0.346	0.306
0.3	20	0.05	402	500	162	186	152	0.324	0.372	0.304
0.3	20	0.05	403	500	191	167	142	0.382	0.334	0.284
0.3	20	0.05	404	500	179	169	152	0.358	0.338	0.304
0.3	20	0.05	405	500	185	181	134	0.37	0.362	0.268
0.3	20	0.05	406	500	174	186	140	0.348	0.372	0.28
0.3	20	0.05	407	500	184	175	141	0.368	0.35	0.282
0.3	20	0.05	408	500	177	166	157	0.354	0.332	0.314
0.3	20	0.05	409	500	193	167	140	0.386	0.334	0.28
0.3	20	0.05	410	500	195	176	129	0.39	0.352	0.258
0.3	20	0.05	411	500	177	170	153	0.354	0.34	0.306
0.3	20	0.05	412	500	182	185	133	0.364	0.37	0.266
0.3	20	0.05	413	500	174	171	155	0.348	0.342	0.31
0.3	20	0.05	414	500	171	197	132	0.342	0.394	0.264
0.3	20	0.05	415	500	176	180	144	0.352	0.36	0.288
0.3	20	0.05	416	500	187	159	154	0.374	0.318	0.308
0.3	20	0.05	417	500	189	206	105	0.378	0.412	0.21
0.3	20	0.05	418	500	178	240	82	0.356	0.48	0.164
0.3	20	0.05	419	500	188	263	49	0.376	0.526	0.098
0.3	20	0.05	420	500	186	289	25	0.372	0.578	0.05
0.3	20	0.05	421	500	183	305	12	0.366	0.61	0.024
0.3	20	0.05	422	500	164	336	0	0.328	0.672	0
0.3	20	0.05	423	500	143	357	0	0.286	0.714	0
0.3	20	0.05	424	500	153	347	0	0.306	0.694	0
0.3	20	0.05	425	500	119	381	0	0.238	0.762	0
0.3	20	0.05	426	500	109	391	0	0.218	0.782	0
0.3	20	0.05	427	500	84	416	0	0.168	0.832	0
0.3	20	0.05	428	500	68	432	0	0.136	0.864	0
0.3	20	0.05	429	500	90	410	0	0.18	0.82	0
0.3	20	0.05	430	500	50	450	0	0.1	0.9	0
0.3	20	0.05	431	500	41	459	0	0.082	0.918	0
0.3	20	0.05	432	500	41	459	0	0.082	0.918	0
0.3	20	0.05	433	500	34	466	0	0.068	0.932	0
0.3	20	0.05	434	500	19	481	0	0.038	0.962	0
0.3	20	0.05	435	500	33	467	0	0.066	0.934	0
0.3	20	0.05	436	500	19	481	0	0.038	0.962	0
0.3	20	0.05	437	500	11	489	0	0.022	0.978	0
0.3	20	0.05	438	500	8	492	0	0.016	0.984	0
0.3	20	0.05	439	500	12	488	0	0.024	0.976	0
0.3	20	0.05	440	500	3	497	0	0.006	0.994	0
0.3	20	0.05	441	500	6	494	0	0.012	0.988	0
0.3	20	0.05	442	500	4	496	0	0.008	0.992	0
0.3	20	0.05	443	500	5	495	0	0.01	0.99	0
0.3	20	0.05	444	500	5	495	0	0.01	0.99	0
0.3	20	0.05	445	500	3	497	0	0.006	0.994	0
0.3	20	0.05	446	500	5	495	0	0.01	0.99	0
0.3	20	0.05	447	500	2	498	0	0.004	0.996	0
0.3	20	0.05	448	500	1	499	0	0.002	0.998	0
0.3	20	0.05	449	500	2	498	0	0.004	0.996	0
0.3	20	0.05	450	500	2	498	0	0.004	0.996	0
0.3	20	0.05	451	500	1	499	0	0.002	0.998	0
0.3	20	0.05	452	500	1	499	0	0.002	0.998	0
0.3	20	0.05	453	500	1	499	0	0.002	0.998	0
0.3	20	0.05	454	500	1	499	0	0.002	0.998	0
0.3	20	0.05	455	500	0	500	0	0	1	0
0.3	20	0.05	456	500	0	500	0	0	1	0
0.3	20	0.05	457	500	1	499	0	0.002	0.998	0
0.3	20	0.05	458	500	0	500	0	0	1	0
0.3	20	0.05	459	500	0	500	0	0	1	0
0.3	20	0.05	460	500	0	500	0	0	1	0
0.3	20	0.05	461	500	0	500	0	0	1	0
0.3	20	0.05	462	500	0	500	0	0	1	0
0.3	20	0.05	463	500	0	500	0	0	1	0
0.3	20	0.05	464	500	0	500	0	0	1	0
0.3	20	0.05	465	500	0	500	0	0	1	0
0.3	20	0.05	466	500	0	500	0	0	1	0
0.3	20	0.05	467	500	0	500	0	0	1	0
0.3	20	0.05	468	500	0	500	0	0	1	0
0.3	20	0.05	469	500	0	500	0	0	1	0
0.3	20	0.05	470	500	0	500	0	0	1	0
0.3	20	0.05	471	500	0	500	0	0	1	0
0.3	20	0.05	472	500	0	500	0	0	1	0
0.3	20	0.05	473	500	0	500	0	0	1	0
0.3	20	0.05	474	500	0	500	0	0	1	0
0.3	20	0.05	475	500	0	500	0	0	1	0
0.3	20	0.05	476	500	0	500	0	0	1	0
0.3	20	0.05	477	500	0	500	0	0	1	0
0.3	20	0.05	478	500	0	500	0	0	1	0
0.3	20	0.05	479	500	0	500	0	0	1	0
0.3	20	0.05	480	500	0	500	0	0	1	0
0.3	20	0.05	481	500	0	500	0	0	1	0
0.3	20	0.05	482	500	0	500	0	0	1	0
0.3	20	0.05	483	500	0	500	0	0	1	0
0.3	20	0.05	484	500	0	500	0	0	1	0
0.3	20	0.05	485	500	0	500	0	0	1	0
0.3	20	0.05	486	500	0	500	0	0	1	0
0.3	20	0.05	487	500	0	500	0	0	1	0
0.3	20	0.05	488	500	0	500	0	0	1	0
0.3	20	0.05	489	500	0	500	0	0	1	0
0.3	20	0.05	490	500	0	500	0	0	1	0
0.3	20	0.05	491	500	0	500	0	0	1	0
0.3	20	0.05	492	500	0	500	0	0	1	0
0.3	20	0.05	493	500	0	500	0	0	1	0
0.3	20	0.05	494	500	0	500	0	0	1	0
0.3	20	0.05	495	500	0	500	0	0	1	0
0.3	20	0.05	496	500	0	500	0	0	1	0
0.3	20	0.05	497	500	0	500	0	0	1	0
0.3	20	0.05	498	500	0	500	0	0	1	0
0.3	20	0.05	499	500	0	500	0	0	1	0
0.3	20	0.05	500	500	0	500	0	0	1	0
0.3	20	0.05	501	500	0	500	0	0	1	0
0.3	20	0.05	502	500	0	500	0	0	1	0
0.3	20	0.05	503	500	0	500	0	0	1	0
0.3	20	0.05	504	500	0	500	0	0	1	0
0.3	20	0.05	505	500	0	500	0	0	1	0
0.3	20	0.05	506	500	0	500	0	0	1	0
0.3	20	0.05	507	500	0	500	0	0	1	0
0.3	20	0.05	508	500	0	500	0	0	1	0
0.3	20	0.05	509	500	0	500	0	0	1	0
0.3	20	0.05	510	500	0	500	0	0	1	0
0.3	20	0.05	511	500	0	500	0	0	1	0
0.3	20	0.05	512	500	0	500	0	0	1	0
0.3	20	0.05	513	500	0	500	0	0	1	0
0.3	20	0.05	514	500	0	500	0	0	1	0
0.3	20	0.05	515	500	0	500	0	0	1	0
0.3	20	0.05	516	500	0	500	0	0	1	0
0.3	20	0.05	517	500	0	500	0	0	1	0
0.3	20	0.05	518	500	0	500	0	0	1	0
0.3	20	0.05	519	500	0	500	0	0	1	0
0.3	20	0.05	520	500	0	500	0	0	1	0
0.3	20	0.05	521	500	0	500	0	0	1	0
0.3	20	0.05	522	500	0	500	0	0	1	0
0.3	20	0.05	523	500	0	500	0	0	1	0
0.3	20	0.05	524	500	0	500	0	0	1	0
0.3	20	0.05	525	500	0	500	0	0	1	0
0.3	20	0.05	526	500	0	500	0	0	1	0
0.3	20	0.05	527	500	0	500	0	0	1	0
0.3	20	0.05	528	500	0	500	0	0	1	0
0.3	20	0.05	529	500	0	500	0	0	1	0
0.3	20	0.05	530	500	0	500	0	0	1	0
0.3	20	0.05	531	500	0	500	0	0	1	0
0.3	20	0.05	532	500	0	500	0	0	1	0
0.3	20	0.05	533	500	0	500	0	0	1	0
0.3	20	0.05	534	500	0	500	0	0	1	0
0.3	20	0.05	535	500	0	500	0	0	1	0
0.3	20	0.05	536	500	0	500	0	0	1	0
0.3	20	0.05	537	500	0	500	0	0	1	0
0.3	20	0.05	538	500	0	500	0	0	1	0
0.3	20	0.05	539	500	0	500	0	0	1	0
0.3	20	0.05	540	500	0	500	0	0	1	0
0.3	20	0.05	541	500	0	500	0	0	1	0
0.3	20	0.05	542	500	0	500	0	0	1	0
0.3	20	0.05	543	500	0	500	0	0	1	0
0.3	20	0.05	544	500	0	500	0	0	1	0
0.3	20	0.05	545	500	0	500	0	0	1	0
0.3	20	0.05	546	500	0	500	0	0	1	0
0.3	20	0.05	547	500	0	500	0	0	1	0
0.3	20	0.05	548	500	0	500	0	0	1	0
0.3	20	0.05	549	500	0	500	0	0	1	0
0.3	20	0.05	550	500	0	500	0	0	1	0
0.3	20	0.05	551	500	0	500	0	0	1	0
0.3	20	0.05	552	500	0	500	0	0	1	0
0.3	20	0.05	553	500	0	500	0	0	1	0
0.3	20	0.05	554	500	0	500	0	0	1	0
0.3	20	0.05	555	500	0	500	0	0	1	0
0.3	20	0.05	556	500	0	500	0	0	1	0
0.3	20	0.05	557	500	0	500	0	0	1	0
0.3	20	0.05	558	500	0	500	0	0	1	0
0.3	20	0.05	559	500	0	500	0	0	1	0
0.3	20	0.05	560	500	0	500	0	0	1	0
0.3	20	0.05	561	500	0	500	0	0	1	0
0.3	20	0.05	562	500	0	500	0	0	1	0
0.3	20	0.05	563	500	0	500	0	0	1	0
0.3	20	0.05	564	500	0	500	0	0	1	0
0.3	20	0.05	565	500	0	500	0	0	1	0
0.3	20	0.05	566	500	0	500	0	0	1	0
0.3	20	0.05	567	500	0	500	0	0	1	0
0.3	20	0.05	568	500	0	500	0	0	1	0
0.3	20	0.05	569	500	0	500	0	0	1	0
0.3	20	0.05	570	500	0	500	0	0	1	0
0.3	20	0.05	571	500	0	500	0	0	1	0
0.3	20	0.05	572	500	0	500	0	0	1	0
0.3	20	0.05	573	500	0	500	0	0	1	0
0.3	20	0.05	574	500	0	500	0	0	1	0
0.3	20	0.05	575	500	0	500	0	0	1	0
0.3	20	0.05	576	500	0	500	0	0	1	0
0.3	20	0.05	577	500	0	500	0	0	1	0
0.3	20	0.05	578	500	0	500	0	0	1	0
0.3	20	0.05	579	500	0	500	0	0	1	0
0.3	20	0.05	580	500	0	500	0	0	1	0
0.3	20	0.05	581	500	0	500	0	0	1	0
0.3	20	0.05	582	500	0	500	0	0	1	0
0.3	20	0.05	583	500	0	500	0	0	1	0
0.3	20	0.05	584	500	0	500	0	0	1	0
0.3	20	0.05	585	500	0	500	0	0	1	0
0.3	20	0.05	586	500	0	500	0	0	1	0
0.3	20	0.05	587	500	0	500	0	0	1	0
0.3	20	0.05	588	500	0	500	0	0	1	0
0.3	20	0.05	589	500	0	500	0	0	1	0
0.3	20	0.05	590	500	0	500	0	0	1	0
0.3	20	0.05	591	500	0	500	0	0	1	0
0.3	20	0.05	592	500	0	500	0	0	1	0
0.3	20	0.05	593	500	0	500	0	0	1	0
0.3	20	0.05	594	500	0	500	0	0	1	0
0.3	20	0.05	595	500	0	500	0	0	1	0
0.3	20	0.05	596	500	0	500	0	0	1	0
0.3	20	0.05	597	500	0	500	0	0	1	0
0.3	20	0.05	598	500	0	500	0	0	1	0
0.3	20	0.05	599	500	0	500	0	0	1	0
0.3	20	0.05	600	500	0	500	0	0	1	0
0.3	20	0.05	601	500	0	500	0	0	1	0
0.3	20	0.05	602	500	0	500	0	0	1	0
0.3	20	0.05	603	500	0	500	0	0	1	0
0.3	20	0.05	604	500	0	500	0	0	1	0
0.3	20	0.05	605	500	0	500	0	0	1	0
0.3	20	0.05	606	500	0	500	0	0	1	0
0.3	20	0.05	607	500	0	500	0	0	1	0
0.3	20	0.05	608	500	0	500	0	0	1	0
0.3	20	0.05	609	500	0	500	0	0	1	0
0.3	20	0.05	610	500	0	500	0	0	1	0
0.3	20	0.05	611	500	0	500	0	0	1	0
0.3	20	0.05	612	500	0	500	0	0	1	0
0.3	20	0.05	613	500	0	500	0	0	1	0
0.3	20	0.05	614	500	0	500	0	0	1	0
0.3	20	0.05	615	500	0	500	0	0	1	0
0.3	20	0.05	616	500	0	500	0	0	1	0
0.3	20	0.05	617	500	0	500	0	0	1	0
0.3	20	0.05	618	500	0	500	0	0	1	0
0.3	20	0.05	619	500	0	500	0	0	1	0
0.3	20	0.05	620	500	0	500	0	0	1	0
0.3	20	0.05	621	500	0	500	0	0	1	0
0.3	20	0.05	622	500	0	500	0	0	1	0
0.3	20	0.05	623	500	0	500	0	0	1	0
0.3	20	0.05	624	500	0	500	0	0	1	0
0.3	20	0.05	625	500	0	500	0	0	1	0
0.3	20	0.05	626	500	0	500	0	0	1	0
0.3	20	0.05	627	500	0	500	0	0	1	0
0.3	20	0.05	628	500	0	500	0	0	1	0
0.3	20	0.05	629	500	0	500	0	0	1	0
0.3	20	0.05	630	500	0	500	0	0	1	0
0.3	20	0.05	631	500	0	500	0	0	1	0
0.3	20	0.05	632	500	0	500	0	0	1	0
0.3	20	0.05	633	500	0	500	0	0	1	0
0.3	20	0.05	634	500	0	500	0	0	1	0
0.3	20	0.05	635	500	0	500	0	0	1	0
0.3	20	0.05	636	500	0	500	0	0	1	0
0.3	20	0.05	637	500	0	500	0	0	1	0
0.3	20	0.05	638	500	0	500	0	0	1	0
0.3	20	0.05	639	500	0	500	0	0	1	0
0.3	20	0.05	640	500	0	500	0	0	1	0
0.3	20	0.05	641	500	0	500	0	0	1	0
0.3	20	0.05	642	500	0	500	0	0	1	0
0.3	20	0.05	643	500	0	500	0	0	1	0
0.3	20	0.05	644	500	0	500	0	0	1	0
0.3	20	0.05	645	500	0	500	0	0	1	0
0.3	20	0.05	646	500	0	500	0	0	1	0
0.3	20	0.05	647	500	0	500	0	0	1	0
0.3	20	0.05	648	500	0	500	0	0	1	0
0.3	20	0.05	649	500	0	500	0	0	1	0
0.3	20	0.05	650	500	0	500	0	0	1	0
0.3	20	0.05	651	500	0	500	0	0	1	0
0.3	20	0.05	652	500	0	500	0	0	1	0
0.3	20	0.05	653	500	0	500	0	0	1	0
0.3	20	0.05	654	500	0	500	0	0	1	0
0.3	20	0.05	655	500	0	500	0	0	1	0
0.3	20	0.05	656	500	0	500	0	0	1	0
0.3	20	0.05	657	500	0	500	0	0	1	0
0.3	20	0.05	658	500	0	500	0	0	1	0
0.3	20	0.05	659	500	0	500	0	0	1	0
0.3	20	0.05	660	500	0	500	0	0	1	0
0.3	20	0.05	661	500	0	500	0	0	1	0
0.3	20	0.05	662	500	0	500	0	0	1	0
0.3	20	0.05	663	500	0	500	0	0	1	0
0.3	20	0.05	664	500	0	500	0	0	1	0
0.3	20	0.05	665	500	0	500	0	0	1	0
0.3	20	0.05	666	500	0	500	0	0	1	0
0.3	20	0.05	667	500	0	500	0	0	1	0
0.3	20	0.05	668	500	0	500	0	0	1	0
0.3	20	0.05	669	500	0	500	0	0	1	0
0.3	20	0.05	670	500	0	500	0	0	1	0
0.3	20	0.05	671	500	0	500	0	0	1	0
0.3	20	0.05	672	500	0	500	0	0	1	0
0.3	20	0.05	673	500	0	500	0	0	1	0
0.3	20	0.05	674	500	0	500	0	0	1	0
0.3	20	0.05	675	500	0	500	0	0	1	0
0.3	20	0.05	676	500	0	500	0	0	1	0
0.3	20	0.05	677	500	0	500	0	0	1	0
0.3	20	0.05	678	500	0	500	0	0	1	0
0.3	20	0.05	679	500	0	500	0	0	1	0
0.3	20	0.05	680	500	0	500	0	0	1	0
0.3	20	0.05	681	500	0	500	0	0	1	0
0.3	20	0.05	682	500	0	500	0	0	1	0
0.3	20	0.05	683	500	0	500	0	0	1	0
0.3	20	0.05	684	500	0	500	0	0	1	0
0.3	20	0.05	685	500	0	500	0	0	1	0
0.3	20	0.05	686	500	0	500	0	0	1	0
0.3	20	0.05	687	500	0	500	0	0	1	0
0.3	20	0.05	688	500	0	500	0	0	1	0
0.3	20	0.05	689	500	0	500	0	0	1	0
0.3	20	0.05	690	500	0	500	0	0	1	0
0.3	20	0.05	691	500	0	500	0	0	1	0
0.3	20	0.05	692	500	0	500	0	0	1	0
0.3	20	0.05	693	500	0	500	0	0	1	0
0.3	20	0.05	694	500	0	500	0	0	1	0
0.3	20	0.05	695	500	0	500	0	0	1	0
0.3	20	0.05	696	500	0	500	0	0	1	0
0.3	20	0.05	697	500	0	500	0	0	1	0
0.3	20	0.05	698	500	0	500	0	0	1	0
0.3	20	0.05	699	500	0	500	0	0	1	0
0.3	20	0.05	700	500	0	500	0	0	1	0
0.3	20	0.05	701	500	0	500	0	0	1	0
0.3	20	0.05	702	500	0	500	0	0	1	0
0.3	20	0.05	703	500	0	500	0	0	1	0
0.3	20	0.05	704	500	0	500	0	0	1	0
0.3	20	0.05	705	500	0	500	0	0	1	0
0.3	20	0.05	706	500	0	500	0	0	1	0
0.3	20	0.05	707	500	0	500	0	0	1	0
0.3	20	0.05	708	500	0	500	0	0	1	0
0.3	20	0.05	709	500	0	500	0	0	1	0
0.3	20	0.05	710	500	0	500	0	0	1	0
0.3	20	0.05	711	500	0	500	0	0	1	0
0.3	20	0.05	712	500	0	500	0	0	1	0
0.3	20	0.05	713	500	0	500	0	0	1	0
0.3	20	0.05	714	500	0	500	0	0	1	0
0.3	20	0.05	715	500	0	500	0	0	1	0
0.3	20	0.05	716	500	0	500	0	0	1	0
0.3	20	0.05	717	500	0	500	0	0	1	0
0.3	20	0.05	718	500	0	500	0	0	1	0
0.3	20	0.05	719	500	0	500	0	0	1	0
0.3	20	0.05	720	500	0	500	0	0	1	0
0.3	20	0.05	721	500	0	500	0	0	1	0
0.3	20	0.05	722	500	0	500	0	0	1	0
0.3	20	0.05	723	500	0	500	0	0	1	0
0.3	20	0.05	724	500	0	500	0	0	1	0
0.3	20	0.05	725	500	0	500	0	0	1	0
0.3	20	0.05	726	500	0	500	0	0	1	0
0.3	20	0.05	727	500	0	500	0	0	1	0
0.3	20	0.05	728	500	0	500	0	0	1	0
0.3	20	0.05	729	500	0	500	0	0	1	0
0.3	20	0.05	730	500	0	500	0	0	1	0
0.3	20	0.05	731	500	0	500	0	0	1	0
0.3	20	0.05	732	500	0	500	0	0	1	0
0.3	20	0.05	733	500	0	500	0	0	1	0
0.3	20	0.05	734	500	0	500	0	0	1	0
0.3	20	0.05	735	500	0	500	0	0	1	0
0.3	20	0.05	736	500	0	500	0	0	1	0
0.3	20	0.05	737	500	0	500	0	0	1	0
0.3	20	0.05	738	500	0	500	0	0	1	0
0.3	20	0.05	739	500	0	500	0	0	1	0
0.3	20	0.05	740	500	0	500	0	0	1	0
0.3	20	0.05	741	500	0	500	0	0	1	0
0.3	20	0.05	742	500	0	500	0	0	1	0
0.3	20	0.05	743	500	0	500	0	0	1	0
0.3	20	0.05	744	500	0	500	0	0	1	0
0.3	20	0.05	745	500	0	500	0	0	1	0
0.3	20	0.05	746	500	0	500	0	0	1	0
0.3	20	0.05	747	500	0	500	0	0	1	0
0.3	20	0.05	748	500	0	500	0	0	1	0
0.3	20	0.05	749	500	0	500	0	0	1	0
0.3	20	0.05	750	500	0	500	0	0	1	0
0.3	20	0.05	751	500	0	500	0	0	1	0
0.3	20	0.05	752	500	0	500	0	0	1	0
0.3	20	0.05	753	500	0	500	0	0	1	0
0.3	20	0.05	754	500	0	500	0	0	1	0
0.3	20	0.05	755	500	0	500	0	0	1	0
0.3	20	0.05	756	500	0	500	0	0	1	0
0.3	20	0.05	757	500	0	500	0	0	1	0
0.3	20	0.05	758	500	0	500	0	0	1	0
0.3	20	0.05	759	500	0	500	0	0	1	0
0.3	20	0.05	760	500	0	500	0	0	1	0
0.3	20	0.05	761	500	0	500	0	0	1	0
0.3	20	0.05	762	500	0	500	0	0	1	0
0.3	20	0.05	763	500	0	500	0	0	1	0
0.3	20	0.05	764	500	0	500	0	0	1	0
0.3	20	0.05	765	500	0	500	0	0	1	0
0.3	20	0.05	766	500	0	500	0	0	1	0
0.3	20	0.05	767	500	0	500	0	0	1	0
0.3	20	0.05	768	500	0	500	0	0	1	0
0.3	20	0.05	769	500	0	500	0	0	1	0
0.3	20	0.05	770	500	0	500	0	0	1	0
0.3	20	0.05	771	500	0	500	0	0	1	0
0.3	20	0.05	772	500	0	500	0	0	1	0
0.3	20	0.05	773	500	0	500	0	0	1	0
0.3	20	0.05	774	500	0	500	0	0	1	0
0.3	20	0.05	775	500	0	500	0	0	1	0
0.3	20	0.05	776	500	0	500	0	0	1	0
0.3	20	0.05	777	500	0	500	0	0	1	0
0.3	20	0.05	778	500	0	500	0	0	1	0
0.3	20	0.05	779	500	0	500	0	0	1	0
0.3	20	0.05	780	500	0	500	0	0	1	0
0.3	20	0.05	781	500	0	500	0	0	1	0
0.3	20	0.05	782	500	0	500	0	0	1	0
0.3	20	0.05	783	500	0	500	0	0	1	0
0.3	20	0.05	784	500	0	500	0	0	1	0
0.3	20	0.05	785	500	0	500	0	0	1	0
0.3	20	0.05	786	500	0	500	0	0	1	0
0.3	20	0.05	787	500	0	500	0	0	1	0
0.3	20	0.05	788	500	0	500	0	0	1	0
0.3	20	0.05	789	500	0	500	0	0	1	0
0.3	20	0.05	790	500	0	500	0	0	1	0
0.3	20	0.05	791	500	0	500	0	0	1	0
0.3	20	0.05	792	500	0	500	0	0	1	0
0.3	20	0.05	793	500	0	500	0	0	1	0
0.3	20	0.05	794	500	0	500	0	0	1	0
0.3	20	0.05	795	500	0	500	0	0	1	0
0.3	20	0.05	796	500	0	500	0	0	1	0
0.3	20	0.05	797	500	0	500	0	0	1	0
0.3	20	0.05	798	500	0	500	0	0	1	0
0.3	20	0.05	799	500	0	500	0	0	1	0
0.3	20	0.05	800	500	0	500	0	0	1	0
0.3	20	0.05	801	500	0	500	0	0	1	0
0.3	20	0.05	802	500	0	500	0	0	1	0
0.3	20	0.05	803	500	0	500	0	0	1	0
0.3	20	0.05	804	500	0	500	0	0	1	0
0.3	20	0.05	805	500	0	500	0	0	1	0
0.3	20	0.05	806	500	0	500	0	0	1	0
0.3	20	0.05	807	500	0	500	0	0	1	0
0.3	20	0.05	808	500	0	500	0	0	1	0
0.3	20	0.05	809	500	0	500	0	0	1	0
0.3	20	0.05	810	500	0	500	0	0	1	0
0.3	20	0.05	811	500	0	500	0	0	1	0
0.3	20	0.05	812	500	0	500	0	0	1	0
0.3	20	0.05	813	500	0	500	0	0	1	0
0.3	20	0.05	814	500	0	500	0	0	1	0
0.3	20	0.05	815	500	0	500	0	0	1	0
0.3	20	0.05	816	500	0	500	0	0	1	0
0.3	20	0.05	817	500	0	500	0	0	1	0
0.3	20	0.05	818	500	0	500	0	0	1	0
0.3	20	0.05	819	500	0	500	0	0	1	0
0.3	20	0.05	820	500	0	500	0	0	1	0
0.3	20	0.05	821	500	0	500	0	0	1	0
0.3	20	0.05	822	500	0	500	0	0	1	0
0.3	20	0.05	823	500	0	500	0	0	1	0
0.3	20	0.05	824	500	0	500	0	0	1	0
0.3	20	0.05	825	500	0	500	0	0	1	0
0.3	20	0.05	826	500	0	500	0	0	1	0
0.3	20	0.05	827	500	0	500	0	0	1	0
0.3	20	0.05	828	500	0	500	0	0	1	0
0.3	20	0.05	829	500	0	500	0	0	1	0
0.3	20	0.05	830	500	0	500	0	0	1	0
0.3	20	0.05	831	500	0	500	0	0	1	0
0.3	20	0.05	832	500	0	500	0	0	1	0
0.3	20	0.05	833	500	0	500	0	0	1	0
0.3	20	0.05	834	500	0	500	0	0	1	0
0.3	20	0.05	835	500	0	500	0	0	1	0
0.3	20	0.05	836	500	0	500	0	0	1	0
0.3	20	0.05	837	500	0	500	0	0	1	0
0.3	20	0.05	838	500	0	500	0	0	1	0
0.3	20	0.05	839	500	0	500	0	0	1	0
0.3	20	0.05	840	500	0	500	0	0	1	0
0.3	20	0.05	841	500	0	500	0	0	1	0
0.3	20	0.05	842	500	0	500	0	0	1	0
0.3	20	0.05	843	500	0	500	0	0	1	0
0.3	20	0.05	844	500	0	500	0	0	1	0
0.3	20	0.05	845	500	0	500	0	0	1	0
0.3	20	0.05	846	500	0	500	0	0	1	0
0.3	20	0.05	847	500	0	500	0	0	1	0
0.3	20	0.05	848	500	0	500	0	0	1	0
0.3	20	0.05	849	500	0	500	0	0	1	0
0.3	20	0.05	850	500	0	500	0	0	1	0
0.3	20	0.05	851	500	0	500	0	0	1	0
0.3	20	0.05	852	500	0	500	0	0	1	0
0.3	20	0.05	853	500	0	500	0	0	1	0
0.3	20	0.05	854	500	0	500	0	0	1	0
0.3	20	0.05	855	500	0	500	0	0	1	0
0.3	20	0.05	856	500	0	500	0	0	1	0
0.3	20	0.05	857	500	0	500	0	0	1	0
0.3	20	0.05	858	500	0	500	0	0	1	0
0.3	20	0.05	859	500	0	500	0	0	1	0
0.3	20	0.05	860	500	0	500	0	0	1	0
0.3	20	0.05	861	500	0	500	0	0	1	0
0.3	20	0.05	862	500	0	500	0	0	1	0
0.3	20	0.05	863	500	0	500	0	0	1	0
0.3	20	0.05	864	500	0	500	0	0	1	0
0.3	20	0.05	865	500	0	500	0	0	1	0
0.3	20	0.05	866	500	0	500	0	0	1	0
0.3	20	0.05	867	500	0	500	0	0	1	0
0.3	20	0.05	868	500	0	500	0	0	1	0
0.3	20	0.05	869	500	0	500	0	0	1	0
0.3	20	0.05	870	500	0	500	0	0	1	0
0.3	20	0.05	871	500	0	500	0	0	1	0
0.3	20	0.05	872	500	0	500	0	0	1	0
0.3	20	0.05	873	500	0	500	0	0	1	0
0.3	20	0.05	874	500	0	500	0	0	1	0
0.3	20	0.05	875	500	0	500	0	0	1	0
0.3	20	0.05	876	500	0	500	0	0	1	0
0.3	20	0.05	877	500	0	500	0	0	1	0
0.3	20	0.05	878	500	0	500	0	0	1	0
0.3	20	0.05	879	500	0	500	0	0	1	0
0.3	20	0.05	880	500	0	500	0	0	1	0
0.3	20	0.05	881	500	0	500	0	0	1	0
0.3	20	0.05	882	500	0	500	0	0	1	0
0.3	20	0.05	883	500	0	500	0	0	1	0
0.3	20	0.05	884	500	0	500	0	0	1	0
0.3	20	0.05	885	500	0	500	0	0	1	0
0.3	20	0.05	886	500	0	500	0	0	1	0
0.3	20	0.05	887	500	0	500	0	0	1	0
0.3	20	0.05	888	500	0	500	0	0	1	0
0.3	20	0.05	889	500	0	500	0	0	1	0
0.3	20	0.05	890	500	0	500	0	0	1	0
0.3	20	0.05	891	500	0	500	0	0	1	0
0.3	20	0.05	892	500	0	500	0	0	1	0
0.3	20	0.05	893	500	0	500	0	0	1	0
0.3	20	0.05	894	500	0	500	0	0	1	0
0.3	20	0.05	895	500	0	500	0	0	1	0
0.3	20	0.05	896	500	0	500	0	0	1	0
0.3	20	0.05	897	500	0	500	0	0	1	0
0.3	20	0.05	898	500	0	500	0	0	1	0
0.3	20	0.05	899	500	0	500	0	0	1	0
0.3	20	0.05	900	500	0	500	0	0	1	0
0.3	20	0.05	901	500	0	500	0	0	1	0
0.3	20	0.05	902	500	0	500	0	0	1	0
0.3	20	0.05	903	500	0	500	0	0	1	0
0.3	20	0.05	904	500	0	500	0	0	1	0
0.3	20	0.05	905	500	0	500	0	0	1	0
0.3	20	0.05	906	500	0	500	0	0	1	0
0.3	20	0.05	907	500	0	500	0	0	1	0
0.3	20	0.05	908	500	0	500	0	0	1	0
0.3	20	0.05	909	500	0	500	0	0	1	0
0.3	20	0.05	910	500	0	500	0	0	1	0
0.3	20	0.05	911	500	0	500	0	0	1	0
0.3	20	0.05	912	500	0	500	0	0	1	0
0.3	20	0.05	913	500	0	500	0	0	1	0
0.3	20	0.05	914	500	0	500	0	0	1	0
0.3	20	0.05	915	500	0	500	0	0	1	0
0.3	20	0.05	916	500	0	500	0	0	1	0
0.3	20	0.05	917	500	0	500	0	0	1	0
0.3	20	0.05	918	500	0	500	0	0	1	0
0.3	20	0.05	919	500	0	500	0	0	1	0
0.3	20	0.05	920	500	0	500	0	0	1	0
0.3	20	0.05	921	500	0	500	0	0	1	0
0.3	20	0.05	922	500	0	500	0	0	1	0
0.3	20	0.05	923	500	0	500	0	0	1	0
0.3	20	0.05	924	500	0	500	0	0	1	0
0.3	20	0.05	925	500	0	500	0	0	1	0
0.3	20	0.05	926	500	0	500	0	0	1	0
0.3	20	0.05	927	500	0	500	0	0	1	0
0.3	20	0.05	928	500	0	500	0	0	1	0
0.3	20	0.05	929	500	0	500	0	0	1	0
0.3	20	0.05	930	500	0	500	0	0	1	0
0.3	20	0.05	931	500	0	500	0	0	1	0
0.3	20	0.05	932	500	0	500	0	0	1	0
0.3	20	0.05	933	500	0	500	0	0	1	0
0.3	20	0.05	934	500	0	500	0	0	1	0
0.3	20	0.05	935	500	0	500	0	0	1	0
0.3	20	0.05	936	500	0	500	0	0	1	0
0.3	20	0.05	937	500	0	500	0	0	1	0
0.3	20	0.05	938	500	0	500	0	0	1	0
0.3	20	0.05	939	500	0	500	0	0	1	0
0.3	20	0.05	940	500	0	500	0	0	1	0
0.3	20	0.05	941	500	0	500	0	0	1	0
0.3	20	0.05	942	500	0	500	0	0	1	0
0.3	20	0.05	943	500	0	500	0	0	1	0
0.3	20	0.05	944	500	0	500	0	0	1	0
0.3	20	0.05	945	500	0	500	0	0	1	0
0.3	20	0.05	946	500	0	500	0	0	1	0
0.3	20	0.05	947	500	0	500	0	0	1	0
0.3	20	0.05	948	500	0	500	0	0	1	0
0.3	20	0.05	949	500	0	500	0	0	1	0
0.3	20	0.05	950	500	0	500	0	0	1	0
0.3	20	0.05	951	500	0	500	0	0	1	0
0.3	20	0.05	952	500	0	500	0	0	1	0
0.3	20	0.05	953	500	0	500	0	0	1	0
0.3	20	0.05	954	500	0	500	0	0	1	0
0.3	20	0.05	955	500	0	500	0	0	1	0
0.3	20	0.05	956	500	0	500	0	0	1	0
0.3	20	0.05	957	500	0	500	0	0	1	0
0.3	20	0.05	958	500	0	500	0	0	1	0
0.3	20	0.05	959	500	0	500	0	0	1	0
0.3	20	0.05	960	500	0	500	0	0	1	0
0.3	20	0.05	961	500	0	500	0	0	1	0
0.3	20	0.05	962	500	0	500	0	0	1	0
0.3	20	0.05	963	500	0	500	0	0	1	0
0.3	20	0.05	964	500	0	500	0	0	1	0
0.3	20	0.05	965	500	0	500	0	0	1	0
0.3	20	0.05	966	500	0	500	0	0	1	0
0.3	20	0.05	967	500	0	500	0	0	1	0
0.3	20	0.05	968	500	0	500	0	0	1	0
0.3	20	0.05	969	500	0	500	0	0	1	0
0.3	20	0.05	970	500	0	500	0	0	1	0
0.3	20	0.05	971	500	0	500	0	0	1	0
0.3	20	0.05	972	500	0	500	0	0	1	0
0.3	20	0.05	973	500	0	500	0	0	1	0
0.3	20	0.05	974	500	0	500	0	0	1	0
0.3	20	0.05	975	500	0	500	0	0	1	0
0.3	20	0.05	976	500	0	500	0	0	1	0
0.3	20	0.05	977	500	0	500	0	0	1	0
0.3	20	0.05	978	500	0	500	0	0	1	0
0.3	20	0.05	979	500	0	500	0	0	1	0
0.3	20	0.05	980	500	0	500	0	0	1	0
0.3	20	0.05	981	500	0	500	0	0	1	0
0.3	20	0.05	982	500	0	500	0	0	1	0
0.3	20	0.05	983	500	0	500	0	0	1	0
0.3	20	0.05	984	500	0	500	0	0	1	0
0.3	20	0.05	985	500	0	500	0	0	1	0
0.3	20	0.05	986	500	0	500	0	0	1	0
0.3	20	0.05	987	500	0	500	0	0	1	0
0.3	20	0.05	988	500	0	500	0	0	1	0
0.3	20	0.05	989	500	0	500	0	0	1	0
0.3	20	0.05	990	500	0	500	0	0	1	0
0.3	20	0.05	991	500	0	500	0	0	1	0
0.3	20	0.05	992	500	0	500	0	0	1	0
0.3	20	0.05	993	500	0	500	0	0	1	0
0.3	20	0.05	994	500	0	500	0	0	1	0
0.3	20	0.05	995	500	0	500	0	0	1	0
0.3	20	0.05	996	500	0	500	0	0	1	0
0.3	20	0.05	997	500	0	500	0	0	1	0
0.3	20	0.05	998	500	0	500	0	0	1	0
0.3	20	0.05	999	500	0	500	0	0	1	0
0.3	20	0.05	1000	500	0	500	0	0	1	0
0.4	20	0.05	2	500	0	0	500	0	0	1
0.4	20	0.05	3	500	0	0	500	0	0	1
0.4	20	0.05	4	500	0	0	500	0	0	1
0.4	20	0.05	5	500	0	0	500	0	0	1
0.4	20	0.05	6	500	0	0	500	0	0	1
0.4	20	0.05	7	500	0	0	500	0	0	1
0.4	20	0.05	8	500	0	1	499	0	0.002	0.998
0.4	20	0.05	9	500	0	4	496	0	0.008	0.992
0.4	20	0.05	10	500	2	4	494	0.004	0.008	0.988
0.4	20	0.05	11	500	6	5	489	0.012	0.01	0.978
0.4	20	0.05	12	500	9	6	485	0.018	0.012	0.97
0.4	20	0.05	13	500	9	8	483	0.018	0.016	0.966
0.4	20	0.05	14	500	11	7	482	0.022	0.014	0.964
0.4	20	0.05	15	500	14	10	476	0.028	0.02	0.952
0.4	20	0.05	16	500	33	13	454	0.066	0.026	0.908
0.4	20	0.05	17	500	26	12	462	0.052	0.024	0.924
0.4	20	0.05	18	500	39	10	451	0.078	0.02	0.902
0.4	20	0.05	19	500	50	12	438	0.1	0.024	0.876
0.4	20	0.05	20	500	44	17	439	0.088	0.034	0.878
0.4	20	0.05	21	500	55	14	431	0.11	0.028	0.862
0.4	20	0.05	22	500	59	14	427	0.118	0.028	0.854
0.4	20	0.05	23	500	55	21	424	0.11	0.042	0.848
0.4	20	0.05	24	500	61	26	413	0.122	0.052	0.826
0.4	20	0.05	25	500	66	12	422	0.132	0.024	0.844
0.4	20	0.05	26	500	74	21	405	0.148	0.042	0.81
0.4	20	0.05	27	500	67	36	397	0.134	0.072	0.794
0.4	20	0.05	28	500	76	28	396	0.152	0.056	0.792
0.4	20	0.05	29	500	83	22	395	0.166	0.044	0.79
0.4	20	0.05	30	500	78	24	398	0.156	0.048	0.796
0.4	20	0.05	31	500	98	23	379	0.196	0.046	0.758
0.4	20	0.05	32	500	82	27	391	0.164	0.054	0.782
0.4	20	0.05	33	500	90	35	375	0.18	0.07	0.75
0.4	20	0.05	34	500	106	27	367	0.212	0.054	0.734
0.4	20	0.05	35	500	98	30	372	0.196	0.06	0.744
0.4	20	0.05	36	500	96	38	366	0.192	0.076	0.732
0.4	20	0.05	37	500	109	24	367	0.218	0.048	0.734
0.4	20	0.05	38	500	134	31	335	0.268	0.062	0.67
0.4	20	0.05	39	500	121	28	351	0.242	0.056	0.702
0.4	20	0.05	40	500	115	28	357	0.23	0.056	0.714
0.4	20	0.05	41	500	139	33	328	0.278	0.066	0.656
0.4	20	0.05	42	500	116	35	349	0.232	0.07	0.698
0.4	20	0.05	43	500	130	37	333	0.26	0.074	0.666
0.4	20	0.05	44	500	136	33	331	0.272	0.066	0.662
0.4	20	0.05	45	500	122	36	342	0.244	0.072	0.684
0.4	20	0.05	46	500	148	39	313	0.296	0.078	0.626
0.4	20	0.05	47	500	132	28	340	0.264	0.056	0.68
0.4	20	0.05	48	500	150	34	316	0.3	0.068	0.632
0.4	20	0.05	49	500	153	37	310	0.306	0.074	0.62
0.4	20	0.05	50	500	147	33	320	0.294	0.066	0.64
0.4	20	0.05	51	500	135	35	330	0.27	0.07	0.66
0.4	20	0.05	52	500	156	43	301	0.312	0.086	0.602
0.4	20	0.05	53	500	160	42	298	0.32	0.084	0.596
0.4	20	0.05	54	500	151	34	315	0.302	0.068	0.63
0.4	20	0.05	55	500	161	36	303	0.322	0.072	0.606
0.4	20	0.05	56	500	168	39	293	0.336	0.078	0.586
0.4	20	0.05	57	500	179	27	294	0.358	0.054	0.588
0.4	20	0.05	58	500	163	39	298	0.326	0.078	0.596
0.4	20	0.05	59	500	165	33	302	0.33	0.066	0.604
0.4	20	0.05	60	500	164	27	309	0.328	0.054	0.618
0.4	20	0.05	61	500	171	32	297	0.342	0.064	0.594
0.4	20	0.05	62	500	195	36	269	0.39	0.072	0.538
0.4	20	0.05	63	500	190	25	285	0.38	0.05	0.57
0.4	20	0.05	64	500	160	44	296	0.32	0.088	0.592
0.4	20	0.05	65	500	183	38	279	0.366	0.076	0.558
0.4	20	0.05	66	500	196	44	260	0.392	0.088	0.52
0.4	20	0.05	67	500	206	33	261	0.412	0.066	0.522
0.4	20	0.05	68	500	202	40	258	0.404	0.08	0.516
0.4	20	0.05	69	500	182	40	278	0.364	0.08	0.556
0.4	20	0.05	70	500	201	37	262	0.402	0.074	0.524
0.4	20	0.05	71	500	204	28	268	0.408	0.056	0.536
0.4	20	0.05	72	500	210	32	258	0.42	0.064	0.516
0.4	20	0.05	73	500	200	43	257	0.4	0.086	0.514
0.4	20	0.05	74	500	218	39	243	0.436	0.078	0.486
0.4	20	0.05	75	500	192	42	266	0.384	0.084	0.532
0.4	20	0.05	76	500	197	36	267	0.394	0.072	0.534
0.4	20	0.05	77	500	213	37	250	0.426	0.074	0.5
0.4	20	0.05	78	500	221	40	239	0.442	0.08	0.478
0.4	20	0.05	79	500	199	48	253	0.398	0.096	0.506
0.4	20	0.05	80	500	213	36	251	0.426	0.072	0.502
0.4	20	0.05	81	500	214	47	239	0.428	0.094	0.478
0.4	20	0.05	82	500	213	39	248	0.426	0.078	0.496
0.4	20	0.05	83	500	234	41	225	0.468	0.082	0.45
0.4	20	0.05	84	500	217	41	242	0.434	0.082	0.484
0.4	20	0.05	85	500	251	37	212	0.502	0.074	0.424
0.4	20	0.05	86	500	229	45	226	0.458	0.09	0.452
0.4	20	0.05	87	500	200	51	249	0.4	0.102	0.498
0.4	20	0.05	88	500	225	34	241	0.45	0.068	0.482
0.4	20	0.05	89	500	232	33	235	0.464	0.066	0.47
0.4	20	0.05	90	500	243	41	216	0.486	0.082	0.432
0.4	20	0.05	91	500	227	34	239	0.454	0.068	0.478
0.4	20	0.05	92	500	229	44	227	0.458	0.088	0.454
0.4	20	0.05	93	500	237	45	218	0.474	0.09	0.436
0.4	20	0.05	94	500	232	35	233	0.464	0.07	0.466
0.4	20	0.05	95	500	246	39	215	0.492	0.078	0.43
0.4	20	0.05	96	500	215	48	237	0.43	0.096	0.474
0.4	20	0.05	97	500	247	34	219	0.494	0.068	0.438
0.4	20	0.05	98	500	238	41	221	0.476	0.082	0.442
0.4	20	0.05	99	500	264	33	203	0.528	0.066	0.406
0.4	20	0.05	100	500	248	37	215	0.496	0.074	0.43
0.4	20	0.05	101	500	255	46	199	0.51	0.092	0.398
0.4	20	0.05	102	500	249	36	215	0.498	0.072	0.43
0.4	20	0.05	103	500	251	49	200	0.502	0.098	0.4
0.4	20	0.05	104	500	241	44	215	0.482	0.088	0.43
0.4	20	0.05	105	500	245	44	211	0.49	0.088	0.422
0.4	20	0.05	106	500	282	29	189	0.564	0.058	0.378
0.4	20	0.05	107	500	245	41	214	0.49	0.082	0.428
0.4	20	0.05	108	500	244	30	226	0.488	0.06	0.452
0.4	20	0.05	109	500	256	46	198	0.512	0.092	0.396
0.4	20	0.05	110	500	258	42	200	0.516	0.084	0.4
0.4	20	0.05	111	500	259	40	201	0.518	0.08	0.402
0.4	20	0.05	112	500	256	46	198	0.512	0.092	0.396
0.4	20	0.05	113	500	257	38	205	0.514	0.076	0.41
0.4	20	0.05	114	500	278	32	190	0.556	0.064	0.38
0.4	20	0.05	115	500	271	40	189	0.542	0.08	0.378
0.4	20	0.05	116	500	274	35	191	0.548	0.07	0.382
0.4	20	0.05	117	500	270	38	192	0.54	0.076	0.384
0.4	20	0.05	118	500	264	47	189	0.528	0.094	0.378
0.4	20	0.05	119	500	285	42	173	0.57	0.084	0.346
0.4	20	0.05	120	500	266	40	194	0.532	0.08	0.388
0.4	20	0.05	121	500	273	39	188	0.546	0.078	0.376
0.4	20	0.05	122	500	286	28	186	0.572	0.056	0.372
0.4	20	0.05	123	500	266	33	201	0.532	0.066	0.402
0.4	20	0.05	124	500	282	36	182	0.564	0.072	0.364
0.4	20	0.05	125	500	273	39	188	0.546	0.078	0.376
0.4	20	0.05	126	500	288	39	173	0.576	0.078	0.346
0.4	20	0.05	127	500	283	31	186	0.566	0.062	0.372
0.4	20	0.05	128	500	279	44	177	0.558	0.088	0.354
0.4	20	0.05	129	500	294	36	170	0.588	0.072	0.34
0.4	20	0.05	130	500	283	39	178	0.566	0.078	0.356
0.4	20	0.05	131	500	270	37	193	0.54	0.074	0.386
0.4	20	0.05	132	500	300	38	162	0.6	0.076	0.324
0.4	20	0.05	133	500	276	47	177	0.552	0.094	0.354
0.4	20	0.05	134	500	317	37	146	0.634	0.074	0.292
0.4	20	0.05	135	500	292	35	173	0.584	0.07	0.346
0.4	20	0.05	136	500	278	52	170	0.556	0.104	0.34
0.4	20	0.05	137	500	308	37	155	0.616	0.074	0.31
0.4	20	0.05	138	500	271	45	184	0.542	0.09	0.368
0.4	20	0.05	139	500	297	38	165	0.594	0.076	0.33
0.4	20	0.05	140	500	279	43	178	0.558	0.086	0.356
0.4	20	0.05	141	500	305	30	165	0.61	0.06	0.33
0.4	20	0.05	142	500	285	38	177	0.57	0.076	0.354
0.4	20	0.05	143	500	306	27	167	0.612	0.054	0.334
0.4	20	0.05	144	500	300	39	161	0.6	0.078	0.322
0.4	20	0.05	145	500	287	36	177	0.574	0.072	0.354
0.4	20	0.05	146	500	296	44	160	0.592	0.088	0.32
0.4	20	0.05	147	500	300	38	162	0.6	0.076	0.324
0.4	20	0.05	148	500	302	33	165	0.604	0.066	0.33
0.4	20	0.05	149	500	330	39	131	0.66	0.078	0.262
0.4	20	0.05	150	500	306	34	160	0.612	0.068	0.32
0.4	20	0.05	151	500	310	27	163	0.62	0.054	0.326
0.4	20	0.05	152	500	309	37	154	0.618	0.074	0.308
0.4	20	0.05	153	500	305	38	157	0.61	0.076	0.314
0.4	20	0.05	154	500	303	38	159	0.606	0.076	0.318
0.4	20	0.05	155	500	313	38	149	0.626	0.076	0.298
0.4	20	0.05	156	500	297	39	164	0.594	0.078	0.328
0.4	20	0.05	157	500	324	29	147	0.648	0.058	0.294
0.4	20	0.05	158	500	305	29	166	0.61	0.058	0.332
0.4	20	0.05	159	500	309	36	155	0.618	0.072	0.31
0.4	20	0.05	160	500	313	37	150	0.626	0.074	0.3
0.4	20	0.05	161	500	310	36	154	0.62	0.072	0.308
0.4	20	0.05	162	500	315	31	154	0.63	0.062	0.308
0.4	20	0.05	163	500	317	38	145	0.634	0.076	0.29
0.4	20	0.05	164	500	298	34	168	0.596	0.068	0.336
0.4	20	0.05	165	500	317	35	148	0.634	0.07	0.296
0.4	20	0.05	166	500	313	35	152	0.626	0.07	0.304
0.4	20	0.05	167	500	338	35	127	0.676	0.07	0.254
0.4	20	0.05	168	500	328	30	142	0.656	0.06	0.284
0.4	20	0.05	169	500	326	31	143	0.652	0.062	0.286
0.4	20	0.05	170	500	328	27	145	0.656	0.054	0.29
0.4	20	0.05	171	500	319	36	145	0.638	0.072	0.29
0.4	20	0.05	172	500	308	37	155	0.616	0.074	0.31
0.4	20	0.05	173	500	323	35	142	0.646	0.07	0.284
0.4	20	0.05	174	500	335	22	143	0.67	0.044	0.286
0.4	20	0.05	175	500	324	33	143	0.648	0.066	0.286
0.4	20	0.05	176	500	340	26	134	0.68	0.052	0.268
0.4	20	0.05	177	500	323	35	142	0.646	0.07	0.284
0.4	20	0.05	178	500	318	37	145	0.636	0.074	0.29
0.4	20	0.05	179	500	316	39	145	0.632	0.078	0.29
0.4	20	0.05	180	500	338	35	127	0.676	0.07	0.254
0.4	20	0.05	181	500	322	43	135	0.644	0.086	0.27
0.4	20	0.05	182	500	320	43	137	0.64	0.086	0.274
0.4	20	0.05	183	500	318	44	138	0.636	0.088	0.276
0.4	20	0.05	184	500	320	31	149	0.64	0.062	0.298
0.4	20	0.05	185	500	315	35	150	0.63	0.07	0.3
0.4	20	0.05	186	500	341	41	118	0.682	0.082	0.236
0.4	20	0.05	187	500	341	44	115	0.682	0.088	0.23
0.4	20	0.05	188	500	331	36	133	0.662	0.072	0.266
0.4	20	0.05	189	500	326	27	147	0.652	0.054	0.294
0.4	20	0.05	190	500	338	34	128	0.676	0.068	0.256
0.4	20	0.05	191	500	325	37	138	0.65	0.074	0.276
0.4	20	0.05	192	500	352	24	124	0.704	0.048	0.248
0.4	20	0.05	193	500	316	35	149	0.632	0.07	0.298
0.4	20	0.05	194	500	322	42	136	0.644	0.084	0.272
0.4	20	0.05	195	500	339	39	122	0.678	0.078	0.244
0.4	20	0.05	196	500	345	30	125	0.69	0.06	0.25
0.4	20	0.05	197	500	342	36	122	0.684	0.072	0.244
0.4	20	0.05	198	500	344	30	126	0.688	0.06	0.252
0.4	20	0.05	199	500	340	28	132	0.68	0.056	0.264
0.4	20	0.05	200	500	346	28	126	0.692	0.056	0.252
0.4	20	0.05	201	500	350	30	120	0.7	0.06	0.24
0.4	20	0.05	202	500	340	36	124	0.68	0.072	0.248
0.4	20	0.05	203	500	363	23	114	0.726	0.046	0.228
0.4	20	0.05	204	500	337	42	121	0.674	0.084	0.242
0.4	20	0.05	205	500	367	29	104	0.734	0.058	0.208
0.4	20	0.05	206	500	350	25	125	0.7	0.05	0.25
0.4	20	0.05	207	500	342	42	116	0.684	0.084	0.232
0.4	20	0.05	208	500	341	39	120	0.682	0.078	0.24
0.4	20	0.05	209	500	339	44	117	0.678	0.088	0.234
0.4	20	0.05	210	500	349	30	121	0.698	0.06	0.242
0.4	20	0.05	211	500	355	28	117	0.71	0.056	0.234
0.4	20	0.05	212	500	357	28	115	0.714	0.056	0.23
0.4	20	0.05	213	500	363	34	103	0.726	0.068	0.206
0.4	20	0.05	214	500	376	27	97	0.752	0.054	0.194
0.4	20	0.05	215	500	357	34	109	0.714	0.068	0.218
0.4	20	0.05	216	500	354	30	116	0.708	0.06	0.232
0.4	20	0.05	217	500	350	36	114	0.7	0.072	0.228
0.4	20	0.05	218	500	357	32	111	0.714	0.064	0.222
0.4	20	0.05	219	500	360	29	111	0.72	0.058	0.222
0.4	20	0.05	220	500	344	40	116	0.688	0.08	0.232
0.4	20	0.05	221	500	374	30	96	0.748	0.06	0.192
0.4	20	0.05	222	500	350	41	109	0.7	0.082	0.218
0.4	20	0.05	223	500	349	38	113	0.698	0.076	0.226
0.4	20	0.05	224	500	352	32	116	0.704	0.064	0.232
0.4	20	0.05	225	500	372	33	95	0.744	0.066	0.19
0.4	20	0.05	226	500	362	33	105	0.724	0.066	0.21
0.4	20	0.05	227	500	363	32	105	0.726	0.064	0.21
0.4	20	0.05	228	500	372	28	100	0.744	0.056	0.2
0.4	20	0.05	229	500	368	34	98	0.736	0.068	0.196
0.4	20	0.05	230	500	349	36	115	0.698	0.072	0.23
0.4	20	0.05	231	500	361	25	114	0.722	0.05	0.228
0.4	20	0.05	232	500	377	22	101	0.754	0.044	0.202
0.4	20	0.05	233	500	379	21	100	0.758	0.042	0.2
0.4	20	0.05	234	500	362	48	90	0.724	0.096	0.18
0.4	20	0.05	235	500	370	30	100	0.74	0.06	0.2
0.4	20	0.05	236	500	352	33	115	0.704	0.066	0.23
0.4	20	0.05	237	500	361	32	107	0.722	0.064	0.214
0.4	20	0.05	238	500	369	27	104	0.738	0.054	0.208
0.4	20	0.05	239	500	376	32	92	0.752	0.064	0.184
0.4	20	0.05	240	500	364	31	105	0.728	0.062	0.21
0.4	20	0.05	241	500	375	30	95	0.75	0.06	0.19
0.4	20	0.05	242	500	366	31	103	0.732	0.062	0.206
0.4	20	0.05	243	500	370	27	103	0.74	0.054	0.206
0.4	20	0.05	244	500	374	34	92	0.748	0.068	0.184
0.4	20	0.05	245	500	365	35	100	0.73	0.07	0.2
0.4	20	0.05	246	500	381	21	98	0.762	0.042	0.196
0.4	20	0.05	247	500	372	29	99	0.744	0.058	0.198
0.4	20	0.05	248	500	386	33	81	0.772	0.066	0.162
0.4	20	0.05	249	500	381	32	87	0.762	0.064	0.174
0.4	20	0.05	250	500	368	33	99	0.736	0.066	0.198
0.4	20	0.05	251	500	372	27	101	0.744	0.054	0.202
0.4	20	0.05	252	500	369	27	104	0.738	0.054	0.208
0.4	20	0.05	253	500	367	33	100	0.734	0.066	0.2
0.4	20	0.05	254	500	350	41	109	0.7	0.082	0.218
0.4	20	0.05	255	500	378	19	103	0.756	0.038	0.206
0.4	20	0.05	256	500	385	38	77	0.77	0.076	0.154
0.4	20	0.05	257	500	388	27	85	0.776	0.054	0.17
0.4	20	0.05	258	500	377	32	91	0.754	0.064	0.182
0.4	20	0.05	259	500	358	43	99	0.716	0.086	0.198
0.4	20	0.05	260	500	374	28	98	0.748	0.056	0.196
0.4	20	0.05	261	500	392	19	89	0.784	0.038	0.178
0.4	20	0.05	262	500	370	34	96	0.74	0.068	0.192
0.4	20	0.05	263	500	374	28	98	0.748	0.056	0.196
0.4	20	0.05	264	500	377	28	95	0.754	0.056	0.19
0.4	20	0.05	265	500	384	27	89	0.768	0.054	0.178
0.4	20	0.05	266	500	386	24	90	0.772	0.048	0.18
0.4	20	0.05	267	500	374	24	102	0.748	0.048	0.204
0.4	20	0.05	268	500	382	27	91	0.764	0.054	0.182
0.4	20	0.05	269	500	389	22	89	0.778	0.044	0.178
0.4	20	0.05	270	500	362	30	108	0.724	0.06	0.216
0.4	20	0.05	271	500	359	31	110	0.718	0.062	0.22
0.4	20	0.05	272	500	390	29	81	0.78	0.058	0.162
0.4	20	0.05	273	500	383	27	90	0.766	0.054	0.18
0.4	20	0.05	274	500	384	26	90	0.768	0.052	0.18
0.4	20	0.05	275	500	381	31	88	0.762	0.062	0.176
0.4	20	0.05	276	500	375	35	90	0.75	0.07	0.18
0.4	20	0.05	277	500	392	31	77	0.784	0.062	0.154
0.4	20	0.05	278	500	383	26	91	0.766	0.052	0.182
0.4	20	0.05	279	500	381	32	87	0.762	0.064	0.174
0.4	20	0.05	280	500	391	26	83	0.782	0.052	0.166
0.4	20	0.05	281	500	385	29	86	0.77	0.058	0.172
0.4	20	0.05	282	500	397	32	71	0.794	0.064	0.142
0.4	20	0.05	283	500	379	26	95	0.758	0.052	0.19
0.4	20	0.05	284	500	380	32	88	0.76	0.064	0.176
0.4	20	0.05	285	500	390	23	87	0.78	0.046	0.174
0.4	20	0.05	286	500	382	33	85	0.764	0.066	0.17
0.4	20	0.05	287	500	375	24	101	0.75	0.048	0.202
0.4	20	0.05	288	500	406	21	73	0.812	0.042	0.146
0.4	20	0.05	289	500	393	25	82	0.786	0.05	0.164
0.4	20	0.05	290	500	394	27	79	0.788	0.054	0.158
0.4	20	0.05	291	500	385	22	93	0.77	0.044	0.186
0.4	20	0.05	292	500	392	30	78	0.784	0.06	0.156
0.4	20	0.05	293	500	385	25	90	0.77	0.05	0.18
0.4	20	0.05	294	500	393	24	83	0.786	0.048	0.166
0.4	20	0.05	295	500	401	22	77	0.802	0.044	0.154
0.4	20	0.05	296	500	400	20	80	0.8	0.04	0.16
0.4	20	0.05	297	500	385	32	83	0.77	0.064	0.166
0.4	20	0.05	298	500	398	23	79	0.796	0.046	0.158
0.4	20	0.05	299	500	397	15	88	0.794	0.03	0.176
0.4	20	0.05	300	500	397	27	76	0.794	0.054	0.152
0.4	20	0.05	301	500	395	21	84	0.79	0.042	0.168
0.4	20	0.05	302	500	383	28	89	0.766	0.056	0.178
0.4	20	0.05	303	500	409	21	70	0.818	0.042	0.14
0.4	20	0.05	304	500	394	19	87	0.788	0.038	0.174
0.4	20	0.05	305	500	394	28	78	0.788	0.056	0.156
0.4	20	0.05	306	500	391	30	79	0.782	0.06	0.158
0.4	20	0.05	307	500	386	20	94	0.772	0.04	0.188
0.4	20	0.05	308	500	411	28	61	0.822	0.056	0.122
0.4	20	0.05	309	500	415	21	64	0.83	0.042	0.128
0.4	20	0.05	310	500	419	16	65	0.838	0.032	0.13
0.4	20	0.05	311	500	391	19	90	0.782	0.038	0.18
0.4	20	0.05	312	500	414	16	70	0.828	0.032	0.14
0.4	20	0.05	313	500	392	26	82	0.784	0.052	0.164
0.4	20	0.05	314	500	416	21	63	0.832	0.042	0.126
0.4	20	0.05	315	500	399	30	71	0.798	0.06	0.142
0.4	20	0.05	316	500	403	25	72	0.806	0.05	0.144
0.4	20	0.05	317	500	386	27	87	0.772	0.054	0.174
0.4	20	0.05	318	500	388	28	84	0.776	0.056	0.168
0.4	20	0.05	319	500	402	19	79	0.804	0.038	0.158
0.4	20	0.05	320	500	386	29	85	0.772	0.058	0.17
0.4	20	0.05	321	500	400	20	80	0.8	0.04	0.16
0.4	20	0.05	322	500	416	19	65	0.832	0.038	0.13
0.4	20	0.05	323	500	405	21	74	0.81	0.042	0.148
0.4	20	0.05	324	500	402	21	77	0.804	0.042	0.154
0.4	20	0.05	325	500	392	30	78	0.784	0.06	0.156
0.4	20	0.05	326	500	407	31	62	0.814	0.062	0.124
0.4	20	0.05	327	500	408	27	65	0.816	0.054	0.13
0.4	20	0.05	328	500	407	23	70	0.814	0.046	0.14
0.4	20	0.05	329	500	398	32	70	0.796	0.064	0.14
0.4	20	0.05	330	500	412	17	71	0.824	0.034	0.142
0.4	20	0.05	331	500	423	19	58	0.846	0.038	0.116
0.4	20	0.05	332	500	399	30	71	0.798	0.06	0.142
0.4	20	0.05	333	500	417	22	61	0.834	0.044	0.122
0.4	20	0.05	334	500	413	15	72	0.826	0.03	0.144
0.4	20	0.05	335	500	397	26	77	0.794	0.052	0.154
0.4	20	0.05	336	500	421	21	58	0.842	0.042	0.116
0.4	20	0.05	337	500	414	24	62	0.828	0.048	0.124
0.4	20	0.05	338	500	397	27	76	0.794	0.054	0.152
0.4	20	0.05	339	500	397	20	83	0.794	0.04	0.166
0.4	20	0.05	340	500	415	17	68	0.83	0.034	0.136
0.4	20	0.05	341	500	405	25	70	0.81	0.05	0.14
0.4	20	0.05	342	500	411	27	62	0.822	0.054	0.124
0.4	20	0.05	343	500	415	19	66	0.83	0.038	0.132
0.4	20	0.05	344	500	415	24	61	0.83	0.048	0.122
0.4	20	0.05	345	500	405	26	69	0.81	0.052	0.138
0.4	20	0.05	346	500	417	23	60	0.834	0.046	0.12
0.4	20	0.05	347	500	422	17	61	0.844	0.034	0.122
0.4	20	0.05	348	500	410	20	70	0.82	0.04	0.14
0.4	20	0.05	349	500	412	18	70	0.824	0.036	0.14
0.4	20	0.05	350	500	402	27	71	0.804	0.054	0.142
0.4	20	0.05	351	500	409	22	69	0.818	0.044	0.138
0.4	20	0.05	352	500	403	27	70	0.806	0.054	0.14
0.4	20	0.05	353	500	411	19	70	0.822	0.038	0.14
0.4	20	0.05	354	500	417	18	65	0.834	0.036	0.13
0.4	20	0.05	355	500	404	30	66	0.808	0.06	0.132
0.4	20	0.05	356	500	413	22	65	0.826	0.044	0.13
0.4	20	0.05	357	500	420	20	60	0.84	0.04	0.12
0.4	20	0.05	358	500	406	26	68	0.812	0.052	0.136
0.4	20	0.05	359	500	433	17	50	0.866	0.034	0.1
0.4	20	0.05	360	500	427	21	52	0.854	0.042	0.104
0.4	20	0.05	361	500	414	20	66	0.828	0.04	0.132
0.4	20	0.05	362	500	406	22	72	0.812	0.044	0.144
0.4	20	0.05	363	500	423	15	62	0.846	0.03	0.124
0.4	20	0.05	364	500	403	25	72	0.806	0.05	0.144
0.4	20	0.05	365	500	432	12	56	0.864	0.024	0.112
0.4	20	0.05	366	500	415	23	62	0.83	0.046	0.124
0.4	20	0.05	367	500	411	29	60	0.822	0.058	0.12
0.4	20	0.05	368	500	420	33	47	0.84	0.066	0.094
0.4	20	0.05	369	500	415	20	65	0.83	0.04	0.13
0.4	20	0.05	370	500	423	25	52	0.846	0.05	0.104
0.4	20	0.05	371	500	410	22	68	0.82	0.044	0.136
0.4	20	0.05	372	500	419	18	63	0.838	0.036	0.126
0.4	20	0.05	373	500	413	22	65	0.826	0.044	0.13
0.4	20	0.05	374	500	417	23	60	0.834	0.046	0.12
0.4	20	0.05	375	500	417	24	59	0.834	0.048	0.118
0.4	20	0.05	376	500	417	21	62	0.834	0.042	0.124
0.4	20	0.05	377	500	432	21	47	0.864	0.042	0.094
0.4	20	0.05	378	500	419	26	55	0.838	0.052	0.11
0.4	20	0.05	379	500	424	24	52	0.848	0.048	0.104
0.4	20	0.05	380	500	418	20	62	0.836	0.04	0.124
0.4	20	0.05	381	500	410	22	68	0.82	0.044	0.136
0.4	20	0.05	382	500	419	22	59	0.838	0.044	0.118
0.4	20	0.05	383	500	413	17	70	0.826	0.034	0.14
0.4	20	0.05	384	500	422	23	55	0.844	0.046	0.11
0.4	20	0.05	385	500	434	17	49	0.868	0.034	0.098
0.4	20	0.05	386	500	420	16	64	0.84	0.032	0.128
0.4	20	0.05	387	500	424	21	55	0.848	0.042	0.11
0.4	20	0.05	388	500	424	27	49	0.848	0.054	0.098
0.4	20	0.05	389	500	424	27	49	0.848	0.054	0.098
0.4	20	0.05	390	500	427	14	59	0.854	0.028	0.118
0.4	20	0.05	391	500	427	18	55	0.854	0.036	0.11
0.4	20	0.05	392	500	437	19	44	0.874	0.038	0.088
0.4	20	0.05	393	500	439	16	45	0.878	0.032	0.09
0.4	20	0.05	394	500	421	22	57	0.842	0.044	0.114
0.4	20	0.05	395	500	437	25	38	0.874	0.05	0.076
0.4	20	0.05	396	500	438	12	50	0.876	0.024	0.1
0.4	20	0.05	397	500	434	17	49	0.868	0.034	0.098
0.4	20	0.05	398	500	427	16	57	0.854	0.032	0.114
0.4	20	0.05	399	500	436	13	51	0.872	0.026	0.102
0.4	20	0.05	400	500	423	27	50	0.846	0.054	0.1
0.4	20	0.05	401	500	435	8	57	0.87	0.016	0.114
0.4	20	0.05	402	500	433	17	50	0.866	0.034	0.1
0.4	20	0.05	403	500	434	18	48	0.868	0.036	0.096
0.4	20	0.05	404	500	435	10	55	0.87	0.02	0.11
0.4	20	0.05	405	500	423	20	57	0.846	0.04	0.114
0.4	20	0.05	406	500	441	15	44	0.882	0.03	0.088
0.4	20	0.05	407	500	429	20	51	0.858	0.04	0.102
0.4	20	0.05	408	500	435	20	45	0.87	0.04	0.09
0.4	20	0.05	409	500	436	13	51	0.872	0.026	0.102
0.4	20	0.05	410	500	433	17	50	0.866	0.034	0.1
0.4	20	0.05	411	500	417	17	66	0.834	0.034	0.132
0.4	20	0.05	412	500	431	23	46	0.862	0.046	0.092
0.4	20	0.05	413	500	438	20	42	0.876	0.04	0.084
0.4	20	0.05	414	500	438	16	46	0.876	0.032	0.092
0.4	20	0.05	415	500	427	25	48	0.854	0.05	0.096
0.4	20	0.05	416	500	436	22	42	0.872	0.044	0.084
0.4	20	0.05	417	500	434	26	40	0.868	0.052	0.08
0.4	20	0.05	418	500	437	26	37	0.874	0.052	0.074
0.4	20	0.05	419	500	433	44	23	0.866	0.088	0.046
0.4	20	0.05	420	500	434	51	15	0.868	0.102	0.03
0.4	20	0.05	421	500	413	79	8	0.826	0.158	0.016
0.4	20	0.05	422	500	424	76	0	0.848	0.152	0
0.4	20	0.05	423	500	415	85	0	0.83	0.17	0
0.4	20	0.05	424	500	390	110	0	0.78	0.22	0
0.4	20	0.05	425	500	371	129	0	0.742	0.258	0
0.4	20	0.05	426	500	363	137	0	0.726	0.274	0
0.4	20	0.05	427	500	365	135	0	0.73	0.27	0
0.4	20	0.05	428	500	331	169	0	0.662	0.338	0
0.4	20	0.05	429	500	338	162	0	0.676	0.324	0
0.4	20	0.05	430	500	310	190	0	0.62	0.38	0
0.4	20	0.05	431	500	298	202	0	0.596	0.404	0
0.4	20	0.05	432	500	265	235	0	0.53	0.47	0
0.4	20	0.05	433	500	230	270	0	0.46	0.54	0
0.4	20	0.05	434	500	217	283	0	0.434	0.566	0
0.4	20	0.05	435	500	210	290	0	0.42	0.58	0
0.4	20	0.05	436	500	191	309	0	0.382	0.618	0
0.4	20	0.05	437	500	177	323	0	0.354	0.646	0
0.4	20	0.05	438	500	152	348	0	0.304	0.696	0
0.4	20	0.05	439	500	131	369	0	0.262	0.738	0
0.4	20	0.05	440	500	144	356	0	0.288	0.712	0
0.4	20	0.05	441	500	123	377	0	0.246	0.754	0
0.4	20	0.05	442	500	88	412	0	0.176	0.824	0
0.4	20	0.05	443	500	105	395	0	0.21	0.79	0
0.4	20	0.05	444	500	76	424	0	0.152	0.848	0
0.4	20	0.05	445	500	77	423	0	0.154	0.846	0
0.4	20	0.05	446	500	63	437	0	0.126	0.874	0
0.4	20	0.05	447	500	71	429	0	0.142	0.858	0
0.4	20	0.05	448	500	51	449	0	0.102	0.898	0
0.4	20	0.05	449	500	48	452	0	0.096	0.904	0
0.4	20	0.05	450	500	45	455	0	0.09	0.91	0
0.4	20	0.05	451	500	28	472	0	0.056	0.944	0
0.4	20	0.05	452	500	24	476	0	0.048	0.952	0
0.4	20	0.05	453	500	31	469	0	0.062	0.938	0
0.4	20	0.05	454	500	20	480	0	0.04	0.96	0
0.4	20	0.05	455	500	22	478	0	0.044	0.956	0
0.4	20	0.05	456	500	18	482	0	0.036	0.964	0
0.4	20	0.05	457	500	10	490	0	0.02	0.98	0
0.4	20	0.05	458	500	17	483	0	0.034	0.966	0
0.4	20	0.05	459	500	11	489	0	0.022	0.978	0
0.4	20	0.05	460	500	9	491	0	0.018	0.982	0
0.4	20	0.05	461	500	12	488	0	0.024	0.976	0
0.4	20	0.05	462	500	15	485	0	0.03	0.97	0
0.4	20	0.05	463	500	7	493	0	0.014	0.986	0
0.4	20	0.05	464	500	5	495	0	0.01	0.99	0
0.4	20	0.05	465	500	2	498	0	0.004	0.996	0
0.4	20	0.05	466	500	3	497	0	0.006	0.994	0
0.4	20	0.05	467	500	3	497	0	0.006	0.994	0
0.4	20	0.05	468	500	0	500	0	0	1	0
0.4	20	0.05	469	500	1	499	0	0.002	0.998	0
0.4	20	0.05	470	500	1	499	0	0.002	0.998	0
0.4	20	0.05	471	500	2	498	0	0.004	0.996	0
0.4	20	0.05	472	500	0	500	0	0	1	0
0.4	20	0.05	473	500	0	500	0	0	1	0
0.4	20	0.05	474	500	0	500	0	0	1	0
0.4	20	0.05	475	500	1	499	0	0.002	0.998	0
0.4	20	0.05	476	500	0	500	0	0	1	0
0.4	20	0.05	477	500	0	500	0	0	1	0
0.4	20	0.05	478	500	0	500	0	0	1	0
0.4	20	0.05	479	500	1	499	0	0.002	0.998	0
0.4	20	0.05	480	500	0	500	0	0	1	0
0.4	20	0.05	481	500	0	500	0	0	1	0
0.4	20	0.05	482	500	0	500	0	0	1	0
0.4	20	0.05	483	500	0	500	0	0	1	0
0.4	20	0.05	484	500	0	500	0	0	1	0
0.4	20	0.05	485	500	0	500	0	0	1	0
0.4	20	0.05	486	500	0	500	0	0	1	0
0.4	20	0.05	487	500	0	500	0	0	1	0
0.4	20	0.05	488	500	0	500	0	0	1	0
0.4	20	0.05	489	500	0	500	0	0	1	0
0.4	20	0.05	490	500	0	500	0	0	1	0
0.4	20	0.05	491	500	0	500	0	0	1	0
0.4	20	0.05	492	500	0	500	0	0	1	0
0.4	20	0.05	493	500	0	500	0	0	1	0
0.4	20	0.05	494	500	0	500	0	0	1	0
0.4	20	0.05	495	500	0	500	0	0	1	0
0.4	20	0.05	496	500	0	500	0	0	1	0
0.4	20	0.05	497	500	0	500	0	0	1	0
0.4	20	0.05	498	500	0	500	0	0	1	0
0.4	20	0.05	499	500	0	500	0	0	1	0
0.4	20	0.05	500	500	0	500	0	0	1	0
0.4	20	0.05	501	500	0	500	0	0	1	0
0.4	20	0.05	502	500	0	500	0	0	1	0
0.4	20	0.05	503	500	0	500	0	0	1	0
0.4	20	0.05	504	500	0	500	0	0	1	0
0.4	20	0.05	505	500	0	500	0	0	1	0
0.4	20	0.05	506	500	0	500	0	0	1	0
0.4	20	0.05	507	500	0	500	0	0	1	0
0.4	20	0.05	508	500	0	500	0	0	1	0
0.4	20	0.05	509	500	0	500	0	0	1	0
0.4	20	0.05	510	500	0	500	0	0	1	0
0.4	20	0.05	511	500	0	500	0	0	1	0
0.4	20	0.05	512	500	0	500	0	0	1	0
0.4	20	0.05	513	500	0	500	0	0	1	0
0.4	20	0.05	514	500	0	500	0	0	1	0
0.4	20	0.05	515	500	0	500	0	0	1	0
0.4	20	0.05	516	500	0	500	0	0	1	0
0.4	20	0.05	517	500	0	500	0	0	1	0
0.4	20	0.05	518	500	0	500	0	0	1	0
0.4	20	0.05	519	500	0	500	0	0	1	0
0.4	20	0.05	520	500	0	500	0	0	1	0
0.4	20	0.05	521	500	0	500	0	0	1	0
0.4	20	0.05	522	500	0	500	0	0	1	0
0.4	20	0.05	523	500	0	500	0	0	1	0
0.4	20	0.05	524	500	0	500	0	0	1	0
0.4	20	0.05	525	500	0	500	0	0	1	0
0.4	20	0.05	526	500	0	500	0	0	1	0
0.4	20	0.05	527	500	0	500	0	0	1	0
0.4	20	0.05	528	500	0	500	0	0	1	0
0.4	20	0.05	529	500	0	500	0	0	1	0
0.4	20	0.05	530	500	0	500	0	0	1	0
0.4	20	0.05	531	500	0	500	0	0	1	0
0.4	20	0.05	532	500	0	500	0	0	1	0
0.4	20	0.05	533	500	0	500	0	0	1	0
0.4	20	0.05	534	500	0	500	0	0	1	0
0.4	20	0.05	535	500	0	500	0	0	1	0
0.4	20	0.05	536	500	0	500	0	0	1	0
0.4	20	0.05	537	500	0	500	0	0	1	0
0.4	20	0.05	538	500	0	500	0	0	1	0
0.4	20	0.05	539	500	0	500	0	0	1	0
0.4	20	0.05	540	500	0	500	0	0	1	0
0.4	20	0.05	541	500	0	500	0	0	1	0
0.4	20	0.05	542	500	0	500	0	0	1	0
0.4	20	0.05	543	500	0	500	0	0	1	0
0.4	20	0.05	544	500	0	500	0	0	1	0
0.4	20	0.05	545	500	0	500	0	0	1	0
0.4	20	0.05	546	500	0	500	0	0	1	0
0.4	20	0.05	547	500	0	500	0	0	1	0
0.4	20	0.05	548	500	0	500	0	0	1	0
0.4	20	0.05	549	500	0	500	0	0	1	0
0.4	20	0.05	550	500	0	500	0	0	1	0
0.4	20	0.05	551	500	0	500	0	0	1	0
0.4	20	0.05	552	500	0	500	0	0	1	0
0.4	20	0.05	553	500	0	500	0	0	1	0
0.4	20	0.05	554	500	0	500	0	0	1	0
0.4	20	0.05	555	500	0	500	0	0	1	0
0.4	20	0.05	556	500	0	500	0	0	1	0
0.4	20	0.05	557	500	0	500	0	0	1	0
0.4	20	0.05	558	500	0	500	0	0	1	0
0.4	20	0.05	559	500	0	500	0	0	1	0
0.4	20	0.05	560	500	0	500	0	0	1	0
0.4	20	0.05	561	500	0	500	0	0	1	0
0.4	20	0.05	562	500	0	500	0	0	1	0
0.4	20	0.05	563	500	0	500	0	0	1	0
0.4	20	0.05	564	500	0	500	0	0	1	0
0.4	20	0.05	565	500	0	500	0	0	1	0
0.4	20	0.05	566	500	0	500	0	0	1	0
0.4	20	0.05	567	500	0	500	0	0	1	0
0.4	20	0.05	568	500	0	500	0	0	1	0
0.4	20	0.05	569	500	0	500	0	0	1	0
0.4	20	0.05	570	500	0	500	0	0	1	0
0.4	20	0.05	571	500	0	500	0	0	1	0
0.4	20	0.05	572	500	0	500	0	0	1	0
0.4	20	0.05	573	500	0	500	0	0	1	0
0.4	20	0.05	574	500	0	500	0	0	1	0
0.4	20	0.05	575	500	0	500	0	0	1	0
0.4	20	0.05	576	500	0	500	0	0	1	0
0.4	20	0.05	577	500	0	500	0	0	1	0
0.4	20	0.05	578	500	0	500	0	0	1	0
0.4	20	0.05	579	500	0	500	0	0	1	0
0.4	20	0.05	580	500	0	500	0	0	1	0
0.4	20	0.05	581	500	0	500	0	0	1	0
0.4	20	0.05	582	500	0	500	0	0	1	0
0.4	20	0.05	583	500	0	500	0	0	1	0
0.4	20	0.05	584	500	0	500	0	0	1	0
0.4	20	0.05	585	500	0	500	0	0	1	0
0.4	20	0.05	586	500	0	500	0	0	1	0
0.4	20	0.05	587	500	0	500	0	0	1	0
0.4	20	0.05	588	500	0	500	0	0	1	0
0.4	20	0.05	589	500	0	500	0	0	1	0
0.4	20	0.05	590	500	0	500	0	0	1	0
0.4	20	0.05	591	500	0	500	0	0	1	0
0.4	20	0.05	592	500	0	500	0	0	1	0
0.4	20	0.05	593	500	0	500	0	0	1	0
0.4	20	0.05	594	500	0	500	0	0	1	0
0.4	20	0.05	595	500	0	500	0	0	1	0
0.4	20	0.05	596	500	0	500	0	0	1	0
0.4	20	0.05	597	500	0	500	0	0	1	0
0.4	20	0.05	598	500	0	500	0	0	1	0
0.4	20	0.05	599	500	0	500	0	0	1	0
0.4	20	0.05	600	500	0	500	0	0	1	0
0.4	20	0.05	601	500	0	500	0	0	1	0
0.4	20	0.05	602	500	0	500	0	0	1	0
0.4	20	0.05	603	500	0	500	0	0	1	0
0.4	20	0.05	604	500	0	500	0	0	1	0
0.4	20	0.05	605	500	0	500	0	0	1	0
0.4	20	0.05	606	500	0	500	0	0	1	0
0.4	20	0.05	607	500	0	500	0	0	1	0
0.4	20	0.05	608	500	0	500	0	0	1	0
0.4	20	0.05	609	500	0	500	0	0	1	0
0.4	20	0.05	610	500	0	500	0	0	1	0
0.4	20	0.05	611	500	0	500	0	0	1	0
0.4	20	0.05	612	500	0	500	0	0	1	0
0.4	20	0.05	613	500	0	500	0	0	1	0
0.4	20	0.05	614	500	0	500	0	0	1	0
0.4	20	0.05	615	500	0	500	0	0	1	0
0.4	20	0.05	616	500	0	500	0	0	1	0
0.4	20	0.05	617	500	0	500	0	0	1	0
0.4	20	0.05	618	500	0	500	0	0	1	0
0.4	20	0.05	619	500	0	500	0	0	1	0
0.4	20	0.05	620	500	0	500	0	0	1	0
0.4	20	0.05	621	500	0	500	0	0	1	0
0.4	20	0.05	622	500	0	500	0	0	1	0
0.4	20	0.05	623	500	0	500	0	0	1	0
0.4	20	0.05	624	500	0	500	0	0	1	0
0.4	20	0.05	625	500	0	500	0	0	1	0
0.4	20	0.05	626	500	0	500	0	0	1	0
0.4	20	0.05	627	500	0	500	0	0	1	0
0.4	20	0.05	628	500	0	500	0	0	1	0
0.4	20	0.05	629	500	0	500	0	0	1	0
0.4	20	0.05	630	500	0	500	0	0	1	0
0.4	20	0.05	631	500	0	500	0	0	1	0
0.4	20	0.05	632	500	0	500	0	0	1	0
0.4	20	0.05	633	500	0	500	0	0	1	0
0.4	20	0.05	634	500	0	500	0	0	1	0
0.4	20	0.05	635	500	0	500	0	0	1	0
0.4	20	0.05	636	500	0	500	0	0	1	0
0.4	20	0.05	637	500	0	500	0	0	1	0
0.4	20	0.05	638	500	0	500	0	0	1	0
0.4	20	0.05	639	500	0	500	0	0	1	0
0.4	20	0.05	640	500	0	500	0	0	1	0
0.4	20	0.05	641	500	0	500	0	0	1	0
0.4	20	0.05	642	500	0	500	0	0	1	0
0.4	20	0.05	643	500	0	500	0	0	1	0
0.4	20	0.05	644	500	0	500	0	0	1	0
0.4	20	0.05	645	500	0	500	0	0	1	0
0.4	20	0.05	646	500	0	500	0	0	1	0
0.4	20	0.05	647	500	0	500	0	0	1	0
0.4	20	0.05	648	500	0	500	0	0	1	0
0.4	20	0.05	649	500	0	500	0	0	1	0
0.4	20	0.05	650	500	0	500	0	0	1	0
0.4	20	0.05	651	500	0	500	0	0	1	0
0.4	20	0.05	652	500	0	500	0	0	1	0
0.4	20	0.05	653	500	0	500	0	0	1	0
0.4	20	0.05	654	500	0	500	0	0	1	0
0.4	20	0.05	655	500	0	500	0	0	1	0
0.4	20	0.05	656	500	0	500	0	0	1	0
0.4	20	0.05	657	500	0	500	0	0	1	0
0.4	20	0.05	658	500	0	500	0	0	1	0
0.4	20	0.05	659	500	0	500	0	0	1	0
0.4	20	0.05	660	500	0	500	0	0	1	0
0.4	20	0.05	661	500	0	500	0	0	1	0
0.4	20	0.05	662	500	0	500	0	0	1	0
0.4	20	0.05	663	500	0	500	0	0	1	0
0.4	20	0.05	664	500	0	500	0	0	1	0
0.4	20	0.05	665	500	0	500	0	0	1	0
0.4	20	0.05	666	500	0	500	0	0	1	0
0.4	20	0.05	667	500	0	500	0	0	1	0
0.4	20	0.05	668	500	0	500	0	0	1	0
0.4	20	0.05	669	500	0	500	0	0	1	0
0.4	20	0.05	670	500	0	500	0	0	1	0
0.4	20	0.05	671	500	0	500	0	0	1	0
0.4	20	0.05	672	500	0	500	0	0	1	0
0.4	20	0.05	673	500	0	500	0	0	1	0
0.4	20	0.05	674	500	0	500	0	0	1	0
0.4	20	0.05	675	500	0	500	0	0	1	0
0.4	20	0.05	676	500	0	500	0	0	1	0
0.4	20	0.05	677	500	0	500	0	0	1	0
0.4	20	0.05	678	500	0	500	0	0	1	0
0.4	20	0.05	679	500	0	500	0	0	1	0
0.4	20	0.05	680	500	0	500	0	0	1	0
0.4	20	0.05	681	500	0	500	0	0	1	0
0.4	20	0.05	682	500	0	500	0	0	1	0
0.4	20	0.05	683	500	0	500	0	0	1	0
0.4	20	0.05	684	500	0	500	0	0	1	0
0.4	20	0.05	685	500	0	500	0	0	1	0
0.4	20	0.05	686	500	0	500	0	0	1	0
0.4	20	0.05	687	500	0	500	0	0	1	0
0.4	20	0.05	688	500	0	500	0	0	1	0
0.4	20	0.05	689	500	0	500	0	0	1	0
0.4	20	0.05	690	500	0	500	0	0	1	0
0.4	20	0.05	691	500	0	500	0	0	1	0
0.4	20	0.05	692	500	0	500	0	0	1	0
0.4	20	0.05	693	500	0	500	0	0	1	0
0.4	20	0.05	694	500	0	500	0	0	1	0
0.4	20	0.05	695	500	0	500	0	0	1	0
0.4	20	0.05	696	500	0	500	0	0	1	0
0.4	20	0.05	697	500	0	500	0	0	1	0
0.4	20	0.05	698	500	0	500	0	0	1	0
0.4	20	0.05	699	500	0	500	0	0	1	0
0.4	20	0.05	700	500	0	500	0	0	1	0
0.4	20	0.05	701	500	0	500	0	0	1	0
0.4	20	0.05	702	500	0	500	0	0	1	0
0.4	20	0.05	703	500	0	500	0	0	1	0
0.4	20	0.05	704	500	0	500	0	0	1	0
0.4	20	0.05	705	500	0	500	0	0	1	0
0.4	20	0.05	706	500	0	500	0	0	1	0
0.4	20	0.05	707	500	0	500	0	0	1	0
0.4	20	0.05	708	500	0	500	0	0	1	0
0.4	20	0.05	709	500	0	500	0	0	1	0
0.4	20	0.05	710	500	0	500	0	0	1	0
0.4	20	0.05	711	500	0	500	0	0	1	0
0.4	20	0.05	712	500	0	500	0	0	1	0
0.4	20	0.05	713	500	0	500	0	0	1	0
0.4	20	0.05	714	500	0	500	0	0	1	0
0.4	20	0.05	715	500	0	500	0	0	1	0
0.4	20	0.05	716	500	0	500	0	0	1	0
0.4	20	0.05	717	500	0	500	0	0	1	0
0.4	20	0.05	718	500	0	500	0	0	1	0
0.4	20	0.05	719	500	0	500	0	0	1	0
0.4	20	0.05	720	500	0	500	0	0	1	0
0.4	20	0.05	721	500	0	500	0	0	1	0
0.4	20	0.05	722	500	0	500	0	0	1	0
0.4	20	0.05	723	500	0	500	0	0	1	0
0.4	20	0.05	724	500	0	500	0	0	1	0
0.4	20	0.05	725	500	0	500	0	0	1	0
0.4	20	0.05	726	500	0	500	0	0	1	0
0.4	20	0.05	727	500	0	500	0	0	1	0
0.4	20	0.05	728	500	0	500	0	0	1	0
0.4	20	0.05	729	500	0	500	0	0	1	0
0.4	20	0.05	730	500	0	500	0	0	1	0
0.4	20	0.05	731	500	0	500	0	0	1	0
0.4	20	0.05	732	500	0	500	0	0	1	0
0.4	20	0.05	733	500	0	500	0	0	1	0
0.4	20	0.05	734	500	0	500	0	0	1	0
0.4	20	0.05	735	500	0	500	0	0	1	0
0.4	20	0.05	736	500	0	500	0	0	1	0
0.4	20	0.05	737	500	0	500	0	0	1	0
0.4	20	0.05	738	500	0	500	0	0	1	0
0.4	20	0.05	739	500	0	500	0	0	1	0
0.4	20	0.05	740	500	0	500	0	0	1	0
0.4	20	0.05	741	500	0	500	0	0	1	0
0.4	20	0.05	742	500	0	500	0	0	1	0
0.4	20	0.05	743	500	0	500	0	0	1	0
0.4	20	0.05	744	500	0	500	0	0	1	0
0.4	20	0.05	745	500	0	500	0	0	1	0
0.4	20	0.05	746	500	0	500	0	0	1	0
0.4	20	0.05	747	500	0	500	0	0	1	0
0.4	20	0.05	748	500	0	500	0	0	1	0
0.4	20	0.05	749	500	0	500	0	0	1	0
0.4	20	0.05	750	500	0	500	0	0	1	0
0.4	20	0.05	751	500	0	500	0	0	1	0
0.4	20	0.05	752	500	0	500	0	0	1	0
0.4	20	0.05	753	500	0	500	0	0	1	0
0.4	20	0.05	754	500	0	500	0	0	1	0
0.4	20	0.05	755	500	0	500	0	0	1	0
0.4	20	0.05	756	500	0	500	0	0	1	0
0.4	20	0.05	757	500	0	500	0	0	1	0
0.4	20	0.05	758	500	0	500	0	0	1	0
0.4	20	0.05	759	500	0	500	0	0	1	0
0.4	20	0.05	760	500	0	500	0	0	1	0
0.4	20	0.05	761	500	0	500	0	0	1	0
0.4	20	0.05	762	500	0	500	0	0	1	0
0.4	20	0.05	763	500	0	500	0	0	1	0
0.4	20	0.05	764	500	0	500	0	0	1	0
0.4	20	0.05	765	500	0	500	0	0	1	0
0.4	20	0.05	766	500	0	500	0	0	1	0
0.4	20	0.05	767	500	0	500	0	0	1	0
0.4	20	0.05	768	500	0	500	0	0	1	0
0.4	20	0.05	769	500	0	500	0	0	1	0
0.4	20	0.05	770	500	0	500	0	0	1	0
0.4	20	0.05	771	500	0	500	0	0	1	0
0.4	20	0.05	772	500	0	500	0	0	1	0
0.4	20	0.05	773	500	0	500	0	0	1	0
0.4	20	0.05	774	500	0	500	0	0	1	0
0.4	20	0.05	775	500	0	500	0	0	1	0
0.4	20	0.05	776	500	0	500	0	0	1	0
0.4	20	0.05	777	500	0	500	0	0	1	0
0.4	20	0.05	778	500	0	500	0	0	1	0
0.4	20	0.05	779	500	0	500	0	0	1	0
0.4	20	0.05	780	500	0	500	0	0	1	0
0.4	20	0.05	781	500	0	500	0	0	1	0
0.4	20	0.05	782	500	0	500	0	0	1	0
0.4	20	0.05	783	500	0	500	0	0	1	0
0.4	20	0.05	784	500	0	500	0	0	1	0
0.4	20	0.05	785	500	0	500	0	0	1	0
0.4	20	0.05	786	500	0	500	0	0	1	0
0.4	20	0.05	787	500	0	500	0	0	1	0
0.4	20	0.05	788	500	0	500	0	0	1	0
0.4	20	0.05	789	500	0	500	0	0	1	0
0.4	20	0.05	790	500	0	500	0	0	1	0
0.4	20	0.05	791	500	0	500	0	0	1	0
0.4	20	0.05	792	500	0	500	0	0	1	0
0.4	20	0.05	793	500	0	500	0	0	1	0
0.4	20	0.05	794	500	0	500	0	0	1	0
0.4	20	0.05	795	500	0	500	0	0	1	0
0.4	20	0.05	796	500	0	500	0	0	1	0
0.4	20	0.05	797	500	0	500	0	0	1	0
0.4	20	0.05	798	500	0	500	0	0	1	0
0.4	20	0.05	799	500	0	500	0	0	1	0
0.4	20	0.05	800	500	0	500	0	0	1	0
0.4	20	0.05	801	500	0	500	0	0	1	0
0.4	20	0.05	802	500	0	500	0	0	1	0
0.4	20	0.05	803	500	0	500	0	0	1	0
0.4	20	0.05	804	500	0	500	0	0	1	0
0.4	20	0.05	805	500	0	500	0	0	1	0
0.4	20	0.05	806	500	0	500	0	0	1	0
0.4	20	0.05	807	500	0	500	0	0	1	0
0.4	20	0.05	808	500	0	500	0	0	1	0
0.4	20	0.05	809	500	0	500	0	0	1	0
0.4	20	0.05	810	500	0	500	0	0	1	0
0.4	20	0.05	811	500	0	500	0	0	1	0
0.4	20	0.05	812	500	0	500	0	0	1	0
0.4	20	0.05	813	500	0	500	0	0	1	0
0.4	20	0.05	814	500	0	500	0	0	1	0
0.4	20	0.05	815	500	0	500	0	0	1	0
0.4	20	0.05	816	500	0	500	0	0	1	0
0.4	20	0.05	817	500	0	500	0	0	1	0
0.4	20	0.05	818	500	0	500	0	0	1	0
0.4	20	0.05	819	500	0	500	0	0	1	0
0.4	20	0.05	820	500	0	500	0	0	1	0
0.4	20	0.05	821	500	0	500	0	0	1	0
0.4	20	0.05	822	500	0	500	0	0	1	0
0.4	20	0.05	823	500	0	500	0	0	1	0
0.4	20	0.05	824	500	0	500	0	0	1	0
0.4	20	0.05	825	500	0	500	0	0	1	0
0.4	20	0.05	826	500	0	500	0	0	1	0
0.4	20	0.05	827	500	0	500	0	0	1	0
0.4	20	0.05	828	500	0	500	0	0	1	0
0.4	20	0.05	829	500	0	500	0	0	1	0
0.4	20	0.05	830	500	0	500	0	0	1	0
0.4	20	0.05	831	500	0	500	0	0	1	0
0.4	20	0.05	832	500	0	500	0	0	1	0
0.4	20	0.05	833	500	0	500	0	0	1	0
0.4	20	0.05	834	500	0	500	0	0	1	0
0.4	20	0.05	835	500	0	500	0	0	1	0
0.4	20	0.05	836	500	0	500	0	0	1	0
0.4	20	0.05	837	500	0	500	0	0	1	0
0.4	20	0.05	838	500	0	500	0	0	1	0
0.4	20	0.05	839	500	0	500	0	0	1	0
0.4	20	0.05	840	500	0	500	0	0	1	0
0.4	20	0.05	841	500	0	500	0	0	1	0
0.4	20	0.05	842	500	0	500	0	0	1	0
0.4	20	0.05	843	500	0	500	0	0	1	0
0.4	20	0.05	844	500	0	500	0	0	1	0
0.4	20	0.05	845	500	0	500	0	0	1	0
0.4	20	0.05	846	500	0	500	0	0	1	0
0.4	20	0.05	847	500	0	500	0	0	1	0
0.4	20	0.05	848	500	0	500	0	0	1	0
0.4	20	0.05	849	500	0	500	0	0	1	0
0.4	20	0.05	850	500	0	500	0	0	1	0
0.4	20	0.05	851	500	0	500	0	0	1	0
0.4	20	0.05	852	500	0	500	0	0	1	0
0.4	20	0.05	853	500	0	500	0	0	1	0
0.4	20	0.05	854	500	0	500	0	0	1	0
0.4	20	0.05	855	500	0	500	0	0	1	0
0.4	20	0.05	856	500	0	500	0	0	1	0
0.4	20	0.05	857	500	0	500	0	0	1	0
0.4	20	0.05	858	500	0	500	0	0	1	0
0.4	20	0.05	859	500	0	500	0	0	1	0
0.4	20	0.05	860	500	0	500	0	0	1	0
0.4	20	0.05	861	500	0	500	0	0	1	0
0.4	20	0.05	862	500	0	500	0	0	1	0
0.4	20	0.05	863	500	0	500	0	0	1	0
0.4	20	0.05	864	500	0	500	0	0	1	0
0.4	20	0.05	865	500	0	500	0	0	1	0
0.4	20	0.05	866	500	0	500	0	0	1	0
0.4	20	0.05	867	500	0	500	0	0	1	0
0.4	20	0.05	868	500	0	500	0	0	1	0
0.4	20	0.05	869	500	0	500	0	0	1	0
0.4	20	0.05	870	500	0	500	0	0	1	0
0.4	20	0.05	871	500	0	500	0	0	1	0
0.4	20	0.05	872	500	0	500	0	0	1	0
0.4	20	0.05	873	500	0	500	0	0	1	0
0.4	20	0.05	874	500	0	500	0	0	1	0
0.4	20	0.05	875	500	0	500	0	0	1	0
0.4	20	0.05	876	500	0	500	0	0	1	0
0.4	20	0.05	877	500	0	500	0	0	1	0
0.4	20	0.05	878	500	0	500	0	0	1	0
0.4	20	0.05	879	500	0	500	0	0	1	0
0.4	20	0.05	880	500	0	500	0	0	1	0
0.4	20	0.05	881	500	0	500	0	0	1	0
0.4	20	0.05	882	500	0	500	0	0	1	0
0.4	20	0.05	883	500	0	500	0	0	1	0
0.4	20	0.05	884	500	0	500	0	0	1	0
0.4	20	0.05	885	500	0	500	0	0	1	0
0.4	20	0.05	886	500	0	500	0	0	1	0
0.4	20	0.05	887	500	0	500	0	0	1	0
0.4	20	0.05	888	500	0	500	0	0	1	0
0.4	20	0.05	889	500	0	500	0	0	1	0
0.4	20	0.05	890	500	0	500	0	0	1	0
0.4	20	0.05	891	500	0	500	0	0	1	0
0.4	20	0.05	892	500	0	500	0	0	1	0
0.4	20	0.05	893	500	0	500	0	0	1	0
0.4	20	0.05	894	500	0	500	0	0	1	0
0.4	20	0.05	895	500	0	500	0	0	1	0
0.4	20	0.05	896	500	0	500	0	0	1	0
0.4	20	0.05	897	500	0	500	0	0	1	0
0.4	20	0.05	898	500	0	500	0	0	1	0
0.4	20	0.05	899	500	0	500	0	0	1	0
0.4	20	0.05	900	500	0	500	0	0	1	0
0.4	20	0.05	901	500	0	500	0	0	1	0
0.4	20	0.05	902	500	0	500	0	0	1	0
0.4	20	0.05	903	500	0	500	0	0	1	0
0.4	20	0.05	904	500	0	500	0	0	1	0
0.4	20	0.05	905	500	0	500	0	0	1	0
0.4	20	0.05	906	500	0	500	0	0	1	0
0.4	20	0.05	907	500	0	500	0	0	1	0
0.4	20	0.05	908	500	0	500	0	0	1	0
0.4	20	0.05	909	500	0	500	0	0	1	0
0.4	20	0.05	910	500	0	500	0	0	1	0
0.4	20	0.05	911	500	0	500	0	0	1	0
0.4	20	0.05	912	500	0	500	0	0	1	0
0.4	20	0.05	913	500	0	500	0	0	1	0
0.4	20	0.05	914	500	0	500	0	0	1	0
0.4	20	0.05	915	500	0	500	0	0	1	0
0.4	20	0.05	916	500	0	500	0	0	1	0
0.4	20	0.05	917	500	0	500	0	0	1	0
0.4	20	0.05	918	500	0	500	0	0	1	0
0.4	20	0.05	919	500	0	500	0	0	1	0
0.4	20	0.05	920	500	0	500	0	0	1	0
0.4	20	0.05	921	500	0	500	0	0	1	0
0.4	20	0.05	922	500	0	500	0	0	1	0
0.4	20	0.05	923	500	0	500	0	0	1	0
0.4	20	0.05	924	500	0	500	0	0	1	0
0.4	20	0.05	925	500	0	500	0	0	1	0
0.4	20	0.05	926	500	0	500	0	0	1	0
0.4	20	0.05	927	500	0	500	0	0	1	0
0.4	20	0.05	928	500	0	500	0	0	1	0
0.4	20	0.05	929	500	0	500	0	0	1	0
0.4	20	0.05	930	500	0	500	0	0	1	0
0.4	20	0.05	931	500	0	500	0	0	1	0
0.4	20	0.05	932	500	0	500	0	0	1	0
0.4	20	0.05	933	500	0	500	0	0	1	0
0.4	20	0.05	934	500	0	500	0	0	1	0
0.4	20	0.05	935	500	0	500	0	0	1	0
0.4	20	0.05	936	500	0	500	0	0	1	0
0.4	20	0.05	937	500	0	500	0	0	1	0
0.4	20	0.05	938	500	0	500	0	0	1	0
0.4	20	0.05	939	500	0	500	0	0	1	0
0.4	20	0.05	940	500	0	500	0	0	1	0
0.4	20	0.05	941	500	0	500	0	0	1	0
0.4	20	0.05	942	500	0	500	0	0	1	0
0.4	20	0.05	943	500	0	500	0	0	1	0
0.4	20	0.05	944	500	0	500	0	0	1	0
0.4	20	0.05	945	500	0	500	0	0	1	0
0.4	20	0.05	946	500	0	500	0	0	1	0
0.4	20	0.05	947	500	0	500	0	0	1	0
0.4	20	0.05	948	500	0	500	0	0	1	0
0.4	20	0.05	949	500	0	500	0	0	1	0
0.4	20	0.05	950	500	0	500	0	0	1	0
0.4	20	0.05	951	500	0	500	0	0	1	0
0.4	20	0.05	952	500	0	500	0	0	1	0
0.4	20	0.05	953	500	0	500	0	0	1	0
0.4	20	0.05	954	500	0	500	0	0	1	0
0.4	20	0.05	955	500	0	500	0	0	1	0
0.4	20	0.05	956	500	0	500	0	0	1	0
0.4	20	0.05	957	500	0	500	0	0	1	0
0.4	20	0.05	958	500	0	500	0	0	1	0
0.4	20	0.05	959	500	0	500	0	0	1	0
0.4	20	0.05	960	500	0	500	0	0	1	0
0.4	20	0.05	961	500	0	500	0	0	1	0
0.4	20	0.05	962	500	0	500	0	0	1	0
0.4	20	0.05	963	500	0	500	0	0	1	0
0.4	20	0.05	964	500	0	500	0	0	1	0
0.4	20	0.05	965	500	0	500	0	0	1	0
0.4	20	0.05	966	500	0	500	0	0	1	0
0.4	20	0.05	967	500	0	500	0	0	1	0
0.4	20	0.05	968	500	0	500	0	0	1	0
0.4	20	0.05	969	500	0	500	0	0	1	0
0.4	20	0.05	970	500	0	500	0	0	1	0
0.4	20	0.05	971	500	0	500	0	0	1	0
0.4	20	0.05	972	500	0	500	0	0	1	0
0.4	20	0.05	973	500	0	500	0	0	1	0
0.4	20	0.05	974	500	0	500	0	0	1	0
0.4	20	0.05	975	500	0	500	0	0	1	0
0.4	20	0.05	976	500	0	500	0	0	1	0
0.4	20	0.05	977	500	0	500	0	0	1	0
0.4	20	0.05	978	500	0	500	0	0	1	0
0.4	20	0.05	979	500	0	500	0	0	1	0
0.4	20	0.05	980	500	0	500	0	0	1	0
0.4	20	0.05	981	500	0	500	0	0	1	0
0.4	20	0.05	982	500	0	500	0	0	1	0
0.4	20	0.05	983	500	0	500	0	0	1	0
0.4	20	0.05	984	500	0	500	0	0	1	0
0.4	20	0.05	985	500	0	500	0	0	1	0
0.4	20	0.05	986	500	0	500	0	0	1	0
0.4	20	0.05	987	500	0	500	0	0	1	0
0.4	20	0.05	988	500	0	500	0	0	1	0
0.4	20	0.05	989	500	0	500	0	0	1	0
0.4	20	0.05	990	500	0	500	0	0	1	0
0.4	20	0.05	991	500	0	500	0	0	1	0
0.4	20	0.05	992	500	0	500	0	0	1	0
0.4	20	0.05	993	500	0	500	0	0	1	0
0.4	20	0.05	994	500	0	500	0	0	1	0
0.4	20	0.05	995	500	0	500	0	0	1	0
0.4	20	0.05	996	500	0	500	0	0	1	0
0.4	20	0.05	997	500	0	500	0	0	1	0
0.4	20	0.05	998	500	0	500	0	0	1	0
0.4	20	0.05	999	500	0	500	0	0	1	0
0.4	20	0.05	1000	500	0	500	0	0	1	0
0.5	20	0.05	2	500	0	0	500	0	0	1
0.5	20	0.05	3	500	0	0	500	0	0	1
0.5	20	0.05	4	500	0	0	500	0	0	1
0.5	20	0.05	5	500	0	0	500	0	0	1
0.5	20	0.05	6	500	0	0	500	0	0	1
0.5	20	0.05	7	500	0	0	500	0	0	1
0.5	20	0.05	8	500	0	0	500	0	0	1
0.5	20	0.05	9	500	1	1	498	0.002	0.002	0.996
0.5	20	0.05	10	500	3	2	495	0.006	0.004	0.99
0.5	20	0.05	11	500	7	2	491	0.014	0.004	0.982
0.5	20	0.05	12	500	6	5	489	0.012	0.01	0.978
0.5	20	0.05	13	500	23	1	476	0.046	0.002	0.952
0.5	20	0.05	14	500	24	6	470	0.048	0.012	0.94
0.5	20	0.05	15	500	29	3	468	0.058	0.006	0.936
0.5	20	0.05	16	500	39	5	456	0.078	0.01	0.912
0.5	20	0.05	17	500	42	13	445	0.084	0.026	0.89
0.5	20	0.05	18	500	62	6	432	0.124	0.012	0.864
0.5	20	0.05	19	500	67	7	426	0.134	0.014	0.852
0.5	20	0.05	20	500	69	8	423	0.138	0.016	0.846
0.5	20	0.05	21	500	73	2	425	0.146	0.004	0.85
0.5	20	0.05	22	500	86	5	409	0.172	0.01	0.818
0.5	20	0.05	23	500	99	9	392	0.198	0.018	0.784
0.5	20	0.05	24	500	106	6	388	0.212	0.012	0.776
0.5	20	0.05	25	500	114	3	383	0.228	0.006	0.766
0.5	20	0.05	26	500	110	7	383	0.22	0.014	0.766
0.5	20	0.05	27	500	111	9	380	0.222	0.018	0.76
0.5	20	0.05	28	500	109	14	377	0.218	0.028	0.754
0.5	20	0.05	29	500	147	13	340	0.294	0.026	0.68
0.5	20	0.05	30	500	146	9	345	0.292	0.018	0.69
0.5	20	0.05	31	500	134	11	355	0.268	0.022	0.71
0.5	20	0.05	32	500	161	12	327	0.322	0.024	0.654
0.5	20	0.05	33	500	155	15	330	0.31	0.03	0.66
0.5	20	0.05	34	500	139	16	345	0.278	0.032	0.69
0.5	20	0.05	35	500	173	6	321	0.346	0.012	0.642
0.5	20	0.05	36	500	183	9	308	0.366	0.018	0.616
0.5	20	0.05	37	500	197	11	292	0.394	0.022	0.584
0.5	20	0.05	38	500	208	7	285	0.416	0.014	0.57
0.5	20	0.05	39	500	203	14	283	0.406	0.028	0.566
0.5	20	0.05	40	500	186	10	304	0.372	0.02	0.608
0.5	20	0.05	41	500	197	12	291	0.394	0.024	0.582
0.5	20	0.05	42	500	195	10	295	0.39	0.02	0.59
0.5	20	0.05	43	500	208	7	285	0.416	0.014	0.57
0.5	20	0.05	44	500	216	16	268	0.432	0.032	0.536
0.5	20	0.05	45	500	222	7	271	0.444	0.014	0.542
0.5	20	0.05	46	500	226	14	260	0.452	0.028	0.52
0.5	20	0.05	47	500	234	11	255	0.468	0.022	0.51
0.5	20	0.05	48	500	240	12	248	0.48	0.024	0.496
0.5	20	0.05	49	500	249	10	241	0.498	0.02	0.482
0.5	20	0.05	50	500	248	12	240	0.496	0.024	0.48
0.5	20	0.05	51	500	249	9	242	0.498	0.018	0.484
0.5	20	0.05	52	500	257	11	232	0.514	0.022	0.464
0.5	20	0.05	53	500	239	17	244	0.478	0.034	0.488
0.5	20	0.05	54	500	249	11	240	0.498	0.022	0.48
0.5	20	0.05	55	500	265	8	227	0.53	0.016	0.454
0.5	20	0.05	56	500	268	9	223	0.536	0.018	0.446
0.5	20	0.05	57	500	245	12	243	0.49	0.024	0.486
0.5	20	0.05	58	500	259	14	227	0.518	0.028	0.454
0.5	20	0.05	59	500	276	11	213	0.552	0.022	0.426
0.5	20	0.05	60	500	292	9	199	0.584	0.018	0.398
0.5	20	0.05	61	500	291	4	205	0.582	0.008	0.41
0.5	20	0.05	62	500	308	7	185	0.616	0.014	0.37
0.5	20	0.05	63	500	275	11	214	0.55	0.022	0.428
0.5	20	0.05	64	500	271	11	218	0.542	0.022	0.436
0.5	20	0.05	65	500	281	17	202	0.562	0.034	0.404
0.5	20	0.05	66	500	295	12	193	0.59	0.024	0.386
0.5	20	0.05	67	500	301	8	191	0.602	0.016	0.382
0.5	20	0.05	68	500	316	6	178	0.632	0.012	0.356
0.5	20	0.05	69	500	307	9	184	0.614	0.018	0.368
0.5	20	0.05	70	500	294	11	195	0.588	0.022	0.39
0.5	20	0.05	71	500	302	8	190	0.604	0.016	0.38
0.5	20	0.05	72	500	295	11	194	0.59	0.022	0.388
0.5	20	0.05	73	500	294	16	190	0.588	0.032	0.38
0.5	20	0.05	74	500	336	10	154	0.672	0.02	0.308
0.5	20	0.05	75	500	334	14	152	0.668	0.028	0.304
0.5	20	0.05	76	500	338	6	156	0.676	0.012	0.312
0.5	20	0.05	77	500	340	6	154	0.68	0.012	0.308
0.5	20	0.05	78	500	316	8	176	0.632	0.016	0.352
0.5	20	0.05	79	500	343	11	146	0.686	0.022	0.292
0.5	20	0.05	80	500	333	10	157	0.666	0.02	0.314
0.5	20	0.05	81	500	356	9	135	0.712	0.018	0.27
0.5	20	0.05	82	500	352	10	138	0.704	0.02	0.276
0.5	20	0.05	83	500	345	8	147	0.69	0.016	0.294
0.5	20	0.05	84	500	346	6	148	0.692	0.012	0.296
0.5	20	0.05	85	500	352	10	138	0.704	0.02	0.276
0.5	20	0.05	86	500	362	9	129	0.724	0.018	0.258
0.5	20	0.05	87	500	354	8	138	0.708	0.016	0.276
0.5	20	0.05	88	500	358	11	131	0.716	0.022	0.262
0.5	20	0.05	89	500	352	10	138	0.704	0.02	0.276
0.5	20	0.05	90	500	355	7	138	0.71	0.014	0.276
0.5	20	0.05	91	500	346	8	146	0.692	0.016	0.292
0.5	20	0.05	92	500	361	13	126	0.722	0.026	0.252
0.5	20	0.05	93	500	365	12	123	0.73	0.024	0.246
0.5	20	0.05	94	500	383	9	108	0.766	0.018	0.216
0.5	20	0.05	95	500	369	9	122	0.738	0.018	0.244
0.5	20	0.05	96	500	353	9	138	0.706	0.018	0.276
0.5	20	0.05	97	500	383	8	109	0.766	0.016	0.218
0.5	20	0.05	98	500	367	10	123	0.734	0.02	0.246
0.5	20	0.05	99	500	378	1	121	0.756	0.002	0.242
0.5	20	0.05	100	500	371	5	124	0.742	0.01	0.248
0.5	20	0.05	101	500	379	14	107	0.758	0.028	0.214
0.5	20	0.05	102	500	387	4	109	0.774	0.008	0.218
0.5	20	0.05	103	500	370	12	118	0.74	0.024	0.236
0.5	20	0.05	104	500	390	10	100	0.78	0.02	0.2
0.5	20	0.05	105	500	377	14	109	0.754	0.028	0.218
0.5	20	0.05	106	500	380	8	112	0.76	0.016	0.224
0.5	20	0.05	107	500	376	8	116	0.752	0.016	0.232
0.5	20	0.05	108	500	395	11	94	0.79	0.022	0.188
0.5	20	0.05	109	500	418	5	77	0.836	0.01	0.154
0.5	20	0.05	110	500	399	8	93	0.798	0.016	0.186
0.5	20	0.05	111	500	398	8	94	0.796	0.016	0.188
0.5	20	0.05	112	500	396	3	101	0.792	0.006	0.202
0.5	20	0.05	113	500	384	7	109	0.768	0.014	0.218
0.5	20	0.05	114	500	396	6	98	0.792	0.012	0.196
0.5	20	0.05	115	500	405	4	91	0.81	0.008	0.182
0.5	20	0.05	116	500	408	11	81	0.816	0.022	0.162
0.5	20	0.05	117	500	403	14	83	0.806	0.028	0.166
0.5	20	0.05	118	500	411	5	84	0.822	0.01	0.168
0.5	20	0.05	119	500	394	7	99	0.788	0.014	0.198
0.5	20	0.05	120	500	418	8	74	0.836	0.016	0.148
0.5	20	0.05	121	500	421	5	74	0.842	0.01	0.148
0.5	20	0.05	122	500	408	6	86	0.816	0.012	0.172
0.5	20	0.05	123	500	404	10	86	0.808	0.02	0.172
0.5	20	0.05	124	500	410	8	82	0.82	0.016	0.164
0.5	20	0.05	125	500	422	2	76	0.844	0.004	0.152
0.5	20	0.05	126	500	411	9	80	0.822	0.018	0.16
0.5	20	0.05	127	500	414	11	75	0.828	0.022	0.15
0.5	20	0.05	128	500	419	6	75	0.838	0.012	0.15
0.5	20	0.05	129	500	405	6	89	0.81	0.012	0.178
0.5	20	0.05	130	500	424	8	68	0.848	0.016	0.136
0.5	20	0.05	131	500	416	8	76	0.832	0.016	0.152
0.5	20	0.05	132	500	421	4	75	0.842	0.008	0.15
0.5	20	0.05	133	500	414	2	84	0.828	0.004	0.168
0.5	20	0.05	134	500	412	4	84	0.824	0.008	0.168
0.5	20	0.05	135	500	428	5	67	0.856	0.01	0.134
0.5	20	0.05	136	500	422	8	70	0.844	0.016	0.14
0.5	20	0.05	137	500	430	6	64	0.86	0.012	0.128
0.5	20	0.05	138	500	432	5	63	0.864	0.01	0.126
0.5	20	0.05	139	500	424	7	69	0.848	0.014	0.138
0.5	20	0.05	140	500	422	9	69	0.844	0.018	0.138
0.5	20	0.05	141	500	426	7	67	0.852	0.014	0.134
0.5	20	0.05	142	500	429	8	63	0.858	0.016	0.126
0.5	20	0.05	143	500	424	6	70	0.848	0.012	0.14
0.5	20	0.05	144	500	433	9	58	0.866	0.018	0.116
0.5	20	0.05	145	500	428	3	69	0.856	0.006	0.138
0.5	20	0.05	146	500	431	7	62	0.862	0.014	0.124
0.5	20	0.05	147	500	440	8	52	0.88	0.016	0.104
0.5	20	0.05	148	500	418	10	72	0.836	0.02	0.144
0.5	20	0.05	149	500	428	7	65	0.856	0.014	0.13
0.5	20	0.05	150	500	438	4	58	0.876	0.008	0.116
0.5	20	0.05	151	500	436	6	58	0.872	0.012	0.116
0.5	20	0.05	152	500	432	6	62	0.864	0.012	0.124
0.5	20	0.05	153	500	428	4	68	0.856	0.008	0.136
0.5	20	0.05	154	500	447	6	47	0.894	0.012	0.094
0.5	20	0.05	155	500	431	5	64	0.862	0.01	0.128
0.5	20	0.05	156	500	451	7	42	0.902	0.014	0.084
0.5	20	0.05	157	500	444	5	51	0.888	0.01	0.102
0.5	20	0.05	158	500	442	8	50	0.884	0.016	0.1
0.5	20	0.05	159	500	431	9	60	0.862	0.018	0.12
0.5	20	0.05	160	500	441	5	54	0.882	0.01	0.108
0.5	20	0.05	161	500	449	2	49	0.898	0.004	0.098
0.5	20	0.05	162	500	446	8	46	0.892	0.016	0.092
0.5	20	0.05	163	500	449	5	46	0.898	0.01	0.092
0.5	20	0.05	164	500	428	9	63	0.856	0.018	0.126
0.5	20	0.05	165	500	442	2	56	0.884	0.004	0.112
0.5	20	0.05	166	500	447	5	48	0.894	0.01	0.096
0.5	20	0.05	167	500	453	5	42	0.906	0.01	0.084
0.5	20	0.05	168	500	443	6	51	0.886	0.012	0.102
0.5	20	0.05	169	500	450	3	47	0.9	0.006	0.094
0.5	20	0.05	170	500	440	7	53	0.88	0.014	0.106
0.5	20	0.05	171	500	447	10	43	0.894	0.02	0.086
0.5	20	0.05	172	500	464	1	35	0.928	0.002	0.07
0.5	20	0.05	173	500	440	6	54	0.88	0.012	0.108
0.5	20	0.05	174	500	456	7	37	0.912	0.014	0.074
0.5	20	0.05	175	500	450	7	43	0.9	0.014	0.086
0.5	20	0.05	176	500	458	3	39	0.916	0.006	0.078
0.5	20	0.05	177	500	458	6	36	0.916	0.012	0.072
0.5	20	0.05	178	500	459	3	38	0.918	0.006	0.076
0.5	20	0.05	179	500	451	4	45	0.902	0.008	0.09
0.5	20	0.05	180	500	460	6	34	0.92	0.012	0.068
0.5	20	0.05	181	500	460	6	34	0.92	0.012	0.068
0.5	20	0.05	182	500	462	2	36	0.924	0.004	0.072
0.5	20	0.05	183	500	450	3	47	0.9	0.006	0.094
0.5	20	0.05	184	500	458	4	38	0.916	0.008	0.076
0.5	20	0.05	185	500	446	3	51	0.892	0.006	0.102
0.5	20	0.05	186	500	450	3	47	0.9	0.006	0.094
0.5	20	0.05	187	500	452	5	43	0.904	0.01	0.086
0.5	20	0.05	188	500	464	3	33	0.928	0.006	0.066
0.5	20	0.05	189	500	452	5	43	0.904	0.01	0.086
0.5	20	0.05	190	500	463	4	33	0.926	0.008	0.066
0.5	20	0.05	191	500	454	1	45	0.908	0.002	0.09
0.5	20	0.05	192	500	468	4	28	0.936	0.008	0.056
0.5	20	0.05	193	500	455	6	39	0.91	0.012	0.078
0.5	20	0.05	194	500	468	6	26	0.936	0.012	0.052
0.5	20	0.05	195	500	452	5	43	0.904	0.01	0.086
0.5	20	0.05	196	500	458	4	38	0.916	0.008	0.076
0.5	20	0.05	197	500	466	4	30	0.932	0.008	0.06
0.5	20	0.05	198	500	464	4	32	0.928	0.008	0.064
0.5	20	0.05	199	500	471	3	26	0.942	0.006	0.052
0.5	20	0.05	200	500	473	5	22	0.946	0.01	0.044
0.5	20	0.05	201	500	472	2	26	0.944	0.004	0.052
0.5	20	0.05	202	500	464	5	31	0.928	0.01	0.062
0.5	20	0.05	203	500	457	4	39	0.914	0.008	0.078
0.5	20	0.05	204	500	470	1	29	0.94	0.002	0.058
0.5	20	0.05	205	500	469	2	29	0.938	0.004	0.058
0.5	20	0.05	206	500	464	4	32	0.928	0.008	0.064
0.5	20	0.05	207	500	460	2	38	0.92	0.004	0.076
0.5	20	0.05	208	500	468	1	31	0.936	0.002	0.062
0.5	20	0.05	209	500	473	2	25	0.946	0.004	0.05
0.5	20	0.05	210	500	468	3	29	0.936	0.006	0.058
0.5	20	0.05	211	500	458	4	38	0.916	0.008	0.076
0.5	20	0.05	212	500	471	1	28	0.942	0.002	0.056
0.5	20	0.05	213	500	463	2	35	0.926	0.004	0.07
0.5	20	0.05	214	500	475	1	24	0.95	0.002	0.048
0.5	20	0.05	215	500	468	6	26	0.936	0.012	0.052
0.5	20	0.05	216	500	475	2	23	0.95	0.004	0.046
0.5	20	0.05	217	500	471	4	25	0.942	0.008	0.05
0.5	20	0.05	218	500	468	2	30	0.936	0.004	0.06
0.5	20	0.05	219	500	475	3	22	0.95	0.006	0.044
0.5	20	0.05	220	500	478	3	19	0.956	0.006	0.038
0.5	20	0.05	221	500	473	6	21	0.946	0.012	0.042
0.5	20	0.05	222	500	473	2	25	0.946	0.004	0.05
0.5	20	0.05	223	500	478	1	21	0.956	0.002	0.042
0.5	20	0.05	224	500	471	3	26	0.942	0.006	0.052
0.5	20	0.05	225	500	480	3	17	0.96	0.006	0.034
0.5	20	0.05	226	500	477	0	23	0.954	0	0.046
0.5	20	0.05	227	500	473	2	25	0.946	0.004	0.05
0.5	20	0.05	228	500	472	4	24	0.944	0.008	0.048
0.5	20	0.05	229	500	473	3	24	0.946	0.006	0.048
0.5	20	0.05	230	500	476	2	22	0.952	0.004	0.044
0.5	20	0.05	231	500	484	1	15	0.968	0.002	0.03
0.5	20	0.05	232	500	473	4	23	0.946	0.008	0.046
0.5	20	0.05	233	500	474	6	20	0.948	0.012	0.04
0.5	20	0.05	234	500	473	2	25	0.946	0.004	0.05
0.5	20	0.05	235	500	467	6	27	0.934	0.012	0.054
0.5	20	0.05	236	500	480	3	17	0.96	0.006	0.034
0.5	20	0.05	237	500	474	0	26	0.948	0	0.052
0.5	20	0.05	238	500	479	4	17	0.958	0.008	0.034
0.5	20	0.05	239	500	477	2	21	0.954	0.004	0.042
0.5	20	0.05	240	500	484	4	12	0.968	0.008	0.024
0.5	20	0.05	241	500	476	1	23	0.952	0.002	0.046
0.5	20	0.05	242	500	480	1	19	0.96	0.002	0.038
0.5	20	0.05	243	500	484	0	16	0.968	0	0.032
0.5	20	0.05	244	500	473	4	23	0.946	0.008	0.046
0.5	20	0.05	245	500	479	1	20	0.958	0.002	0.04
0.5	20	0.05	246	500	462	4	34	0.924	0.008	0.068
0.5	20	0.05	247	500	480	2	18	0.96	0.004	0.036
0.5	20	0.05	248	500	482	0	18	0.964	0	0.036
0.5	20	0.05	249	500	474	3	23	0.948	0.006	0.046
0.5	20	0.05	250	500	474	2	24	0.948	0.004	0.048
0.5	20	0.05	251	500	483	3	14	0.966	0.006	0.028
0.5	20	0.05	252	500	489	1	10	0.978	0.002	0.02
0.5	20	0.05	253	500	489	0	11	0.978	0	0.022
0.5	20	0.05	254	500	482	5	13	0.964	0.01	0.026
0.5	20	0.05	255	500	484	3	13	0.968	0.006	0.026
0.5	20	0.05	256	500	470	3	27	0.94	0.006	0.054
0.5	20	0.05	257	500	488	1	11	0.976	0.002	0.022
0.5	20	0.05	258	500	482	1	17	0.964	0.002	0.034
0.5	20	0.05	259	500	478	4	18	0.956	0.008	0.036
0.5	20	0.05	260	500	489	1	10	0.978	0.002	0.02
0.5	20	0.05	261	500	479	4	17	0.958	0.008	0.034
0.5	20	0.05	262	500	483	3	14	0.966	0.006	0.028
0.5	20	0.05	263	500	480	1	19	0.96	0.002	0.038
0.5	20	0.05	264	500	486	1	13	0.972	0.002	0.026
0.5	20	0.05	265	500	477	1	22	0.954	0.002	0.044
0.5	20	0.05	266	500	487	0	13	0.974	0	0.026
0.5	20	0.05	267	500	484	1	15	0.968	0.002	0.03
0.5	20	0.05	268	500	482	2	16	0.964	0.004	0.032
0.5	20	0.05	269	500	486	0	14	0.972	0	0.028
0.5	20	0.05	270	500	475	3	22	0.95	0.006	0.044
0.5	20	0.05	271	500	482	4	14	0.964	0.008	0.028
0.5	20	0.05	272	500	484	1	15	0.968	0.002	0.03
0.5	20	0.05	273	500	481	0	19	0.962	0	0.038
0.5	20	0.05	274	500	486	3	11	0.972	0.006	0.022
0.5	20	0.05	275	500	487	2	11	0.974	0.004	0.022
0.5	20	0.05	276	500	489	1	10	0.978	0.002	0.02
0.5	20	0.05	277	500	493	0	7	0.986	0	0.014
0.5	20	0.05	278	500	479	2	19	0.958	0.004	0.038
0.5	20	0.05	279	500	480	2	18	0.96	0.004	0.036
0.5	20	0.05	280	500	482	1	17	0.964	0.002	0.034
0.5	20	0.05	281	500	493	0	7	0.986	0	0.014
0.5	20	0.05	282	500	488	2	10	0.976	0.004	0.02
0.5	20	0.05	283	500	492	1	7	0.984	0.002	0.014
0.5	20	0.05	284	500	485	1	14	0.97	0.002	0.028
0.5	20	0.05	285	500	490	1	9	0.98	0.002	0.018
0.5	20	0.05	286	500	487	1	12	0.974	0.002	0.024
0.5	20	0.05	287	500	486	1	13	0.972	0.002	0.026
0.5	20	0.05	288	500	489	0	11	0.978	0	0.022
0.5	20	0.05	289	500	483	1	16	0.966	0.002	0.032
0.5	20	0.05	290	500	489	2	9	0.978	0.004	0.018
0.5	20	0.05	291	500	486	2	12	0.972	0.004	0.024
0.5	20	0.05	292	500	488	1	11	0.976	0.002	0.022
0.5	20	0.05	293	500	480	1	19	0.96	0.002	0.038
0.5	20	0.05	294	500	491	1	8	0.982	0.002	0.016
0.5	20	0.05	295	500	483	4	13	0.966	0.008	0.026
0.5	20	0.05	296	500	487	0	13	0.974	0	0.026
0.5	20	0.05	297	500	485	3	12	0.97	0.006	0.024
0.5	20	0.05	298	500	487	1	12	0.974	0.002	0.024
0.5	20	0.05	299	500	483	5	12	0.966	0.01	0.024
0.5	20	0.05	300	500	492	2	6	0.984	0.004	0.012
0.5	20	0.05	301	500	487	2	11	0.974	0.004	0.022
0.5	20	0.05	302	500	489	0	11	0.978	0	0.022
0.5	20	0.05	303	500	493	0	7	0.986	0	0.014
0.5	20	0.05	304	500	496	0	4	0.992	0	0.008
0.5	20	0.05	305	500	492	0	8	0.984	0	0.016
0.5	20	0.05	306	500	490	0	10	0.98	0	0.02
0.5	20	0.05	307	500	492	1	7	0.984	0.002	0.014
0.5	20	0.05	308	500	489	1	10	0.978	0.002	0.02
0.5	20	0.05	309	500	489	0	11	0.978	0	0.022
0.5	20	0.05	310	500	489	2	9	0.978	0.004	0.018
0.5	20	0.05	311	500	493	3	4	0.986	0.006	0.008
0.5	20	0.05	312	500	490	1	9	0.98	0.002	0.018
0.5	20	0.05	313	500	487	2	11	0.974	0.004	0.022
0.5	20	0.05	314	500	491	1	8	0.982	0.002	0.016
0.5	20	0.05	315	500	497	0	3	0.994	0	0.006
0.5	20	0.05	316	500	492	1	7	0.984	0.002	0.014
0.5	20	0.05	317	500	492	0	8	0.984	0	0.016
0.5	20	0.05	318	500	490	2	8	0.98	0.004	0.016
0.5	20	0.05	319	500	492	2	6	0.984	0.004	0.012
0.5	20	0.05	320	500	491	0	9	0.982	0	0.018
0.5	20	0.05	321	500	488	0	12	0.976	0	0.024
0.5	20	0.05	322	500	490	0	10	0.98	0	0.02
0.5	20	0.05	323	500	489	0	11	0.978	0	0.022
0.5	20	0.05	324	500	495	0	5	0.99	0	0.01
0.5	20	0.05	325	500	491	1	8	0.982	0.002	0.016
0.5	20	0.05	326	500	492	0	8	0.984	0	0.016
0.5	20	0.05	327	500	497	0	3	0.994	0	0.006
0.5	20	0.05	328	500	493	1	6	0.986	0.002	0.012
0.5	20	0.05	329	500	488	3	9	0.976	0.006	0.018
0.5	20	0.05	330	500	487	4	9	0.974	0.008	0.018
0.5	20	0.05	331	500	494	0	6	0.988	0	0.012
0.5	20	0.05	332	500	488	1	11	0.976	0.002	0.022
0.5	20	0.05	333	500	497	0	3	0.994	0	0.006
0.5	20	0.05	334	500	494	1	5	0.988	0.002	0.01
0.5	20	0.05	335	500	494	0	6	0.988	0	0.012
0.5	20	0.05	336	500	496	2	2	0.992	0.004	0.004
0.5	20	0.05	337	500	493	1	6	0.986	0.002	0.012
0.5	20	0.05	338	500	490	1	9	0.98	0.002	0.018
0.5	20	0.05	339	500	491	0	9	0.982	0	0.018
0.5	20	0.05	340	500	496	0	4	0.992	0	0.008
0.5	20	0.05	341	500	490	1	9	0.98	0.002	0.018
0.5	20	0.05	342	500	494	1	5	0.988	0.002	0.01
0.5	20	0.05	343	500	496	1	3	0.992	0.002	0.006
0.5	20	0.05	344	500	492	0	8	0.984	0	0.016
0.5	20	0.05	345	500	497	0	3	0.994	0	0.006
0.5	20	0.05	346	500	492	1	7	0.984	0.002	0.014
0.5	20	0.05	347	500	493	1	6	0.986	0.002	0.012
0.5	20	0.05	348	500	498	1	1	0.996	0.002	0.002
0.5	20	0.05	349	500	498	0	2	0.996	0	0.004
0.5	20	0.05	350	500	490	0	10	0.98	0	0.02
0.5	20	0.05	351	500	493	2	5	0.986	0.004	0.01
0.5	20	0.05	352	500	490	1	9	0.98	0.002	0.018
0.5	20	0.05	353	500	493	3	4	0.986	0.006	0.008
0.5	20	0.05	354	500	496	0	4	0.992	0	0.008
0.5	20	0.05	355	500	492	0	8	0.984	0	0.016
0.5	20	0.05	356	500	493	0	7	0.986	0	0.014
0.5	20	0.05	357	500	497	0	3	0.994	0	0.006
0.5	20	0.05	358	500	494	0	6	0.988	0	0.012
0.5	20	0.05	359	500	492	2	6	0.984	0.004	0.012
0.5	20	0.05	360	500	492	2	6	0.984	0.004	0.012
0.5	20	0.05	361	500	497	0	3	0.994	0	0.006
0.5	20	0.05	362	500	488	0	12	0.976	0	0.024
0.5	20	0.05	363	500	498	0	2	0.996	0	0.004
0.5	20	0.05	364	500	494	1	5	0.988	0.002	0.01
0.5	20	0.05	365	500	492	1	7	0.984	0.002	0.014
0.5	20	0.05	366	500	495	1	4	0.99	0.002	0.008
0.5	20	0.05	367	500	494	1	5	0.988	0.002	0.01
0.5	20	0.05	368	500	497	0	3	0.994	0	0.006
0.5	20	0.05	369	500	495	0	5	0.99	0	0.01
0.5	20	0.05	370	500	495	0	5	0.99	0	0.01
0.5	20	0.05	371	500	497	0	3	0.994	0	0.006
0.5	20	0.05	372	500	499	0	1	0.998	0	0.002
0.5	20	0.05	373	500	495	1	4	0.99	0.002	0.008
0.5	20	0.05	374	500	497	0	3	0.994	0	0.006
0.5	20	0.05	375	500	494	1	5	0.988	0.002	0.01
0.5	20	0.05	376	500	496	1	3	0.992	0.002	0.006
0.5	20	0.05	377	500	495	1	4	0.99	0.002	0.008
0.5	20	0.05	378	500	498	1	1	0.996	0.002	0.002
0.5	20	0.05	379	500	497	0	3	0.994	0	0.006
0.5	20	0.05	380	500	497	0	3	0.994	0	0.006
0.5	20	0.05	381	500	497	1	2	0.994	0.002	0.004
0.5	20	0.05	382	500	494	0	6	0.988	0	0.012
0.5	20	0.05	383	500	493	0	7	0.986	0	0.014
0.5	20	0.05	384	500	491	0	9	0.982	0	0.018
0.5	20	0.05	385	500	498	0	2	0.996	0	0.004
0.5	20	0.05	386	500	498	1	1	0.996	0.002	0.002
0.5	20	0.05	387	500	499	0	1	0.998	0	0.002
0.5	20	0.05	388	500	499	0	1	0.998	0	0.002
0.5	20	0.05	389	500	494	2	4	0.988	0.004	0.008
0.5	20	0.05	390	500	495	0	5	0.99	0	0.01
0.5	20	0.05	391	500	496	1	3	0.992	0.002	0.006
0.5	20	0.05	392	500	494	1	5	0.988	0.002	0.01
0.5	20	0.05	393	500	499	0	1	0.998	0	0.002
0.5	20	0.05	394	500	496	0	4	0.992	0	0.008
0.5	20	0.05	395	500	497	0	3	0.994	0	0.006
0.5	20	0.05	396	500	496	0	4	0.992	0	0.008
0.5	20	0.05	397	500	498	1	1	0.996	0.002	0.002
0.5	20	0.05	398	500	498	0	2	0.996	0	0.004
0.5	20	0.05	399	500	495	0	5	0.99	0	0.01
0.5	20	0.05	400	500	498	0	2	0.996	0	0.004
0.5	20	0.05	401	500	495	1	4	0.99	0.002	0.008
0.5	20	0.05	402	500	496	1	3	0.992	0.002	0.006
0.5	20	0.05	403	500	497	0	3	0.994	0	0.006
0.5	20	0.05	404	500	497	0	3	0.994	0	0.006
0.5	20	0.05	405	500	498	0	2	0.996	0	0.004
0.5	20	0.05	406	500	498	1	1	0.996	0.002	0.002
0.5	20	0.05	407	500	497	0	3	0.994	0	0.006
0.5	20	0.05	408	500	498	0	2	0.996	0	0.004
0.5	20	0.05	409	500	499	0	1	0.998	0	0.002
0.5	20	0.05	410	500	495	0	5	0.99	0	0.01
0.5	20	0.05	411	500	499	0	1	0.998	0	0.002
0.5	20	0.05	412	500	496	0	4	0.992	0	0.008
0.5	20	0.05	413	500	496	0	4	0.992	0	0.008
0.5	20	0.05	414	500	497	0	3	0.994	0	0.006
0.5	20	0.05	415	500	493	0	7	0.986	0	0.014
0.5	20	0.05	416	500	497	0	3	0.994	0	0.006
0.5	20	0.05	417	500	496	2	2	0.992	0.004	0.004
0.5	20	0.05	418	500	492	3	5	0.984	0.006	0.01
0.5	20	0.05	419	500	497	2	1	0.994	0.004	0.002
0.5	20	0.05	420	500	494	5	1	0.988	0.01	0.002
0.5	20	0.05	421	500	496	4	0	0.992	0.008	0
0.5	20	0.05	422	500	499	1	0	0.998	0.002	0
0.5	20	0.05	423	500	493	7	0	0.986	0.014	0
0.5	20	0.05	424	500	496	4	0	0.992	0.008	0
0.5	20	0.05	425	500	495	5	0	0.99	0.01	0
0.5	20	0.05	426	500	488	12	0	0.976	0.024	0
0.5	20	0.05	427	500	483	17	0	0.966	0.034	0
0.5	20	0.05	428	500	485	15	0	0.97	0.03	0
0.5	20	0.05	429	500	477	23	0	0.954	0.046	0
0.5	20	0.05	430	500	474	26	0	0.948	0.052	0
0.5	20	0.05	431	500	462	38	0	0.924	0.076	0
0.5	20	0.05	432	500	468	32	0	0.936	0.064	0
0.5	20	0.05	433	500	444	56	0	0.888	0.112	0
0.5	20	0.05	434	500	451	49	0	0.902	0.098	0
0.5	20	0.05	435	500	448	52	0	0.896	0.104	0
0.5	20	0.05	436	500	440	60	0	0.88	0.12	0
0.5	20	0.05	437	500	432	68	0	0.864	0.136	0
0.5	20	0.05	438	500	429	71	0	0.858	0.142	0
0.5	20	0.05	439	500	402	98	0	0.804	0.196	0
0.5	20	0.05	440	500	399	101	0	0.798	0.202	0
0.5	20	0.05	441	500	384	116	0	0.768	0.232	0
0.5	20	0.05	442	500	367	133	0	0.734	0.266	0
0.5	20	0.05	443	500	376	124	0	0.752	0.248	0
0.5	20	0.05	444	500	355	145	0	0.71	0.29	0
0.5	20	0.05	445	500	337	163	0	0.674	0.326	0
0.5	20	0.05	446	500	312	188	0	0.624	0.376	0
0.5	20	0.05	447	500	302	198	0	0.604	0.396	0
0.5	20	0.05	448	500	303	197	0	0.606	0.394	0
0.5	20	0.05	449	500	274	226	0	0.548	0.452	0
0.5	20	0.05	450	500	258	242	0	0.516	0.484	0
0.5	20	0.05	451	500	256	244	0	0.512	0.488	0
0.5	20	0.05	452	500	232	268	0	0.464	0.536	0
0.5	20	0.05	453	500	229	271	0	0.458	0.542	0
0.5	20	0.05	454	500	198	302	0	0.396	0.604	0
0.5	20	0.05	455	500	181	319	0	0.362	0.638	0
0.5	20	0.05	456	500	192	308	0	0.384	0.616	0
0.5	20	0.05	457	500	168	332	0	0.336	0.664	0
0.5	20	0.05	458	500	152	348	0	0.304	0.696	0
0.5	20	0.05	459	500	137	363	0	0.274	0.726	0
0.5	20	0.05	460	500	109	391	0	0.218	0.782	0
0.5	20	0.05	461	500	139	361	0	0.278	0.722	0
0.5	20	0.05	462	500	112	388	0	0.224	0.776	0
0.5	20	0.05	463	500	99	401	0	0.198	0.802	0
0.5	20	0.05	464	500	98	402	0	0.196	0.804	0
0.5	20	0.05	465	500	75	425	0	0.15	0.85	0
0.5	20	0.05	466	500	73	427	0	0.146	0.854	0
0.5	20	0.05	467	500	73	427	0	0.146	0.854	0
0.5	20	0.05	468	500	61	439	0	0.122	0.878	0
0.5	20	0.05	469	500	50	450	0	0.1	0.9	0
0.5	20	0.05	470	500	49	451	0	0.098	0.902	0
0.5	20	0.05	471	500	50	450	0	0.1	0.9	0
0.5	20	0.05	472	500	27	473	0	0.054	0.946	0
0.5	20	0.05	473	500	31	469	0	0.062	0.938	0
0.5	20	0.05	474	500	38	462	0	0.076	0.924	0
0.5	20	0.05	475	500	32	468	0	0.064	0.936	0
0.5	20	0.05	476	500	17	483	0	0.034	0.966	0
0.5	20	0.05	477	500	19	481	0	0.038	0.962	0
0.5	20	0.05	478	500	17	483	0	0.034	0.966	0
0.5	20	0.05	479	500	20	480	0	0.04	0.96	0
0.5	20	0.05	480	500	16	484	0	0.032	0.968	0
0.5	20	0.05	481	500	14	486	0	0.028	0.972	0
0.5	20	0.05	482	500	9	491	0	0.018	0.982	0
0.5	20	0.05	483	500	12	488	0	0.024	0.976	0
0.5	20	0.05	484	500	7	493	0	0.014	0.986	0
0.5	20	0.05	485	500	6	494	0	0.012	0.988	0
0.5	20	0.05	486	500	4	496	0	0.008	0.992	0
0.5	20	0.05	487	500	4	496	0	0.008	0.992	0
0.5	20	0.05	488	500	2	498	0	0.004	0.996	0
0.5	20	0.05	489	500	2	498	0	0.004	0.996	0
0.5	20	0.05	490	500	2	498	0	0.004	0.996	0
0.5	20	0.05	491	500	3	497	0	0.006	0.994	0
0.5	20	0.05	492	500	0	500	0	0	1	0
0.5	20	0.05	493	500	0	500	0	0	1	0
0.5	20	0.05	494	500	2	498	0	0.004	0.996	0
0.5	20	0.05	495	500	3	497	0	0.006	0.994	0
0.5	20	0.05	496	500	1	499	0	0.002	0.998	0
0.5	20	0.05	497	500	0	500	0	0	1	0
0.5	20	0.05	498	500	1	499	0	0.002	0.998	0
0.5	20	0.05	499	500	0	500	0	0	1	0
0.5	20	0.05	500	500	0	500	0	0	1	0
0.5	20	0.05	501	500	0	500	0	0	1	0
0.5	20	0.05	502	500	1	499	0	0.002	0.998	0
0.5	20	0.05	503	500	0	500	0	0	1	0
0.5	20	0.05	504	500	0	500	0	0	1	0
0.5	20	0.05	505	500	0	500	0	0	1	0
0.5	20	0.05	506	500	1	499	0	0.002	0.998	0
0.5	20	0.05	507	500	0	500	0	0	1	0
0.5	20	0.05	508	500	0	500	0	0	1	0
0.5	20	0.05	509	500	0	500	0	0	1	0
0.5	20	0.05	510	500	0	500	0	0	1	0
0.5	20	0.05	511	500	0	500	0	0	1	0
0.5	20	0.05	512	500	0	500	0	0	1	0
0.5	20	0.05	513	500	0	500	0	0	1	0
0.5	20	0.05	514	500	0	500	0	0	1	0
0.5	20	0.05	515	500	0	500	0	0	1	0
0.5	20	0.05	516	500	0	500	0	0	1	0
0.5	20	0.05	517	500	0	500	0	0	1	0
0.5	20	0.05	518	500	0	500	0	0	1	0
0.5	20	0.05	519	500	0	500	0	0	1	0
0.5	20	0.05	520	500	0	500	0	0	1	0
0.5	20	0.05	521	500	0	500	0	0	1	0
0.5	20	0.05	522	500	0	500	0	0	1	0
0.5	20	0.05	523	500	0	500	0	0	1	0
0.5	20	0.05	524	500	0	500	0	0	1	0
0.5	20	0.05	525	500	0	500	0	0	1	0
0.5	20	0.05	526	500	0	500	0	0	1	0
0.5	20	0.05	527	500	0	500	0	0	1	0
0.5	20	0.05	528	500	0	500	0	0	1	0
0.5	20	0.05	529	500	0	500	0	0	1	0
0.5	20	0.05	530	500	0	500	0	0	1	0
0.5	20	0.05	531	500	0	500	0	0	1	0
0.5	20	0.05	532	500	0	500	0	0	1	0
0.5	20	0.05	533	500	0	500	0	0	1	0
0.5	20	0.05	534	500	0	500	0	0	1	0
0.5	20	0.05	535	500	0	500	0	0	1	0
0.5	20	0.05	536	500	0	500	0	0	1	0
0.5	20	0.05	537	500	0	500	0	0	1	0
0.5	20	0.05	538	500	0	500	0	0	1	0
0.5	20	0.05	539	500	0	500	0	0	1	0
0.5	20	0.05	540	500	0	500	0	0	1	0
0.5	20	0.05	541	500	0	500	0	0	1	0
0.5	20	0.05	542	500	0	500	0	0	1	0
0.5	20	0.05	543	500	0	500	0	0	1	0
0.5	20	0.05	544	500	0	500	0	0	1	0
0.5	20	0.05	545	500	0	500	0	0	1	0
0.5	20	0.05	546	500	0	500	0	0	1	0
0.5	20	0.05	547	500	0	500	0	0	1	0
0.5	20	0.05	548	500	0	500	0	0	1	0
0.5	20	0.05	549	500	0	500	0	0	1	0
0.5	20	0.05	550	500	0	500	0	0	1	0
0.5	20	0.05	551	500	0	500	0	0	1	0
0.5	20	0.05	552	500	0	500	0	0	1	0
0.5	20	0.05	553	500	0	500	0	0	1	0
0.5	20	0.05	554	500	0	500	0	0	1	0
0.5	20	0.05	555	500	0	500	0	0	1	0
0.5	20	0.05	556	500	0	500	0	0	1	0
0.5	20	0.05	557	500	0	500	0	0	1	0
0.5	20	0.05	558	500	0	500	0	0	1	0
0.5	20	0.05	559	500	0	500	0	0	1	0
0.5	20	0.05	560	500	0	500	0	0	1	0
0.5	20	0.05	561	500	0	500	0	0	1	0
0.5	20	0.05	562	500	0	500	0	0	1	0
0.5	20	0.05	563	500	0	500	0	0	1	0
0.5	20	0.05	564	500	0	500	0	0	1	0
0.5	20	0.05	565	500	0	500	0	0	1	0
0.5	20	0.05	566	500	0	500	0	0	1	0
0.5	20	0.05	567	500	0	500	0	0	1	0
0.5	20	0.05	568	500	0	500	0	0	1	0
0.5	20	0.05	569	500	0	500	0	0	1	0
0.5	20	0.05	570	500	0	500	0	0	1	0
0.5	20	0.05	571	500	0	500	0	0	1	0
0.5	20	0.05	572	500	0	500	0	0	1	0
0.5	20	0.05	573	500	0	500	0	0	1	0
0.5	20	0.05	574	500	0	500	0	0	1	0
0.5	20	0.05	575	500	0	500	0	0	1	0
0.5	20	0.05	576	500	0	500	0	0	1	0
0.5	20	0.05	577	500	0	500	0	0	1	0
0.5	20	0.05	578	500	0	500	0	0	1	0
0.5	20	0.05	579	500	0	500	0	0	1	0
0.5	20	0.05	580	500	0	500	0	0	1	0
0.5	20	0.05	581	500	0	500	0	0	1	0
0.5	20	0.05	582	500	0	500	0	0	1	0
0.5	20	0.05	583	500	0	500	0	0	1	0
0.5	20	0.05	584	500	0	500	0	0	1	0
0.5	20	0.05	585	500	0	500	0	0	1	0
0.5	20	0.05	586	500	0	500	0	0	1	0
0.5	20	0.05	587	500	0	500	0	0	1	0
0.5	20	0.05	588	500	0	500	0	0	1	0
0.5	20	0.05	589	500	0	500	0	0	1	0
0.5	20	0.05	590	500	0	500	0	0	1	0
0.5	20	0.05	591	500	0	500	0	0	1	0
0.5	20	0.05	592	500	0	500	0	0	1	0
0.5	20	0.05	593	500	0	500	0	0	1	0
0.5	20	0.05	594	500	0	500	0	0	1	0
0.5	20	0.05	595	500	0	500	0	0	1	0
0.5	20	0.05	596	500	0	500	0	0	1	0
0.5	20	0.05	597	500	0	500	0	0	1	0
0.5	20	0.05	598	500	0	500	0	0	1	0
0.5	20	0.05	599	500	0	500	0	0	1	0
0.5	20	0.05	600	500	0	500	0	0	1	0
0.5	20	0.05	601	500	0	500	0	0	1	0
0.5	20	0.05	602	500	0	500	0	0	1	0
0.5	20	0.05	603	500	0	500	0	0	1	0
0.5	20	0.05	604	500	0	500	0	0	1	0
0.5	20	0.05	605	500	0	500	0	0	1	0
0.5	20	0.05	606	500	0	500	0	0	1	0
0.5	20	0.05	607	500	0	500	0	0	1	0
0.5	20	0.05	608	500	0	500	0	0	1	0
0.5	20	0.05	609	500	0	500	0	0	1	0
0.5	20	0.05	610	500	0	500	0	0	1	0
0.5	20	0.05	611	500	0	500	0	0	1	0
0.5	20	0.05	612	500	0	500	0	0	1	0
0.5	20	0.05	613	500	0	500	0	0	1	0
0.5	20	0.05	614	500	0	500	0	0	1	0
0.5	20	0.05	615	500	0	500	0	0	1	0
0.5	20	0.05	616	500	0	500	0	0	1	0
0.5	20	0.05	617	500	0	500	0	0	1	0
0.5	20	0.05	618	500	0	500	0	0	1	0
0.5	20	0.05	619	500	0	500	0	0	1	0
0.5	20	0.05	620	500	0	500	0	0	1	0
0.5	20	0.05	621	500	0	500	0	0	1	0
0.5	20	0.05	622	500	0	500	0	0	1	0
0.5	20	0.05	623	500	0	500	0	0	1	0
0.5	20	0.05	624	500	0	500	0	0	1	0
0.5	20	0.05	625	500	0	500	0	0	1	0
0.5	20	0.05	626	500	0	500	0	0	1	0
0.5	20	0.05	627	500	0	500	0	0	1	0
0.5	20	0.05	628	500	0	500	0	0	1	0
0.5	20	0.05	629	500	0	500	0	0	1	0
0.5	20	0.05	630	500	0	500	0	0	1	0
0.5	20	0.05	631	500	0	500	0	0	1	0
0.5	20	0.05	632	500	0	500	0	0	1	0
0.5	20	0.05	633	500	0	500	0	0	1	0
0.5	20	0.05	634	500	0	500	0	0	1	0
0.5	20	0.05	635	500	0	500	0	0	1	0
0.5	20	0.05	636	500	0	500	0	0	1	0
0.5	20	0.05	637	500	0	500	0	0	1	0
0.5	20	0.05	638	500	0	500	0	0	1	0
0.5	20	0.05	639	500	0	500	0	0	1	0
0.5	20	0.05	640	500	0	500	0	0	1	0
0.5	20	0.05	641	500	0	500	0	0	1	0
0.5	20	0.05	642	500	0	500	0	0	1	0
0.5	20	0.05	643	500	0	500	0	0	1	0
0.5	20	0.05	644	500	0	500	0	0	1	0
0.5	20	0.05	645	500	0	500	0	0	1	0
0.5	20	0.05	646	500	0	500	0	0	1	0
0.5	20	0.05	647	500	0	500	0	0	1	0
0.5	20	0.05	648	500	0	500	0	0	1	0
0.5	20	0.05	649	500	0	500	0	0	1	0
0.5	20	0.05	650	500	0	500	0	0	1	0
0.5	20	0.05	651	500	0	500	0	0	1	0
0.5	20	0.05	652	500	0	500	0	0	1	0
0.5	20	0.05	653	500	0	500	0	0	1	0
0.5	20	0.05	654	500	0	500	0	0	1	0
0.5	20	0.05	655	500	0	500	0	0	1	0
0.5	20	0.05	656	500	0	500	0	0	1	0
0.5	20	0.05	657	500	0	500	0	0	1	0
0.5	20	0.05	658	500	0	500	0	0	1	0
0.5	20	0.05	659	500	0	500	0	0	1	0
0.5	20	0.05	660	500	0	500	0	0	1	0
0.5	20	0.05	661	500	0	500	0	0	1	0
0.5	20	0.05	662	500	0	500	0	0	1	0
0.5	20	0.05	663	500	0	500	0	0	1	0
0.5	20	0.05	664	500	0	500	0	0	1	0
0.5	20	0.05	665	500	0	500	0	0	1	0
0.5	20	0.05	666	500	0	500	0	0	1	0
0.5	20	0.05	667	500	0	500	0	0	1	0
0.5	20	0.05	668	500	0	500	0	0	1	0
0.5	20	0.05	669	500	0	500	0	0	1	0
0.5	20	0.05	670	500	0	500	0	0	1	0
0.5	20	0.05	671	500	0	500	0	0	1	0
0.5	20	0.05	672	500	0	500	0	0	1	0
0.5	20	0.05	673	500	0	500	0	0	1	0
0.5	20	0.05	674	500	0	500	0	0	1	0
0.5	20	0.05	675	500	0	500	0	0	1	0
0.5	20	0.05	676	500	0	500	0	0	1	0
0.5	20	0.05	677	500	0	500	0	0	1	0
0.5	20	0.05	678	500	0	500	0	0	1	0
0.5	20	0.05	679	500	0	500	0	0	1	0
0.5	20	0.05	680	500	0	500	0	0	1	0
0.5	20	0.05	681	500	0	500	0	0	1	0
0.5	20	0.05	682	500	0	500	0	0	1	0
0.5	20	0.05	683	500	0	500	0	0	1	0
0.5	20	0.05	684	500	0	500	0	0	1	0
0.5	20	0.05	685	500	0	500	0	0	1	0
0.5	20	0.05	686	500	0	500	0	0	1	0
0.5	20	0.05	687	500	0	500	0	0	1	0
0.5	20	0.05	688	500	0	500	0	0	1	0
0.5	20	0.05	689	500	0	500	0	0	1	0
0.5	20	0.05	690	500	0	500	0	0	1	0
0.5	20	0.05	691	500	0	500	0	0	1	0
0.5	20	0.05	692	500	0	500	0	0	1	0
0.5	20	0.05	693	500	0	500	0	0	1	0
0.5	20	0.05	694	500	0	500	0	0	1	0
0.5	20	0.05	695	500	0	500	0	0	1	0
0.5	20	0.05	696	500	0	500	0	0	1	0
0.5	20	0.05	697	500	0	500	0	0	1	0
0.5	20	0.05	698	500	0	500	0	0	1	0
0.5	20	0.05	699	500	0	500	0	0	1	0
0.5	20	0.05	700	500	0	500	0	0	1	0
0.5	20	0.05	701	500	0	500	0	0	1	0
0.5	20	0.05	702	500	0	500	0	0	1	0
0.5	20	0.05	703	500	0	500	0	0	1	0
0.5	20	0.05	704	500	0	500	0	0	1	0
0.5	20	0.05	705	500	0	500	0	0	1	0
0.5	20	0.05	706	500	0	500	0	0	1	0
0.5	20	0.05	707	500	0	500	0	0	1	0
0.5	20	0.05	708	500	0	500	0	0	1	0
0.5	20	0.05	709	500	0	500	0	0	1	0
0.5	20	0.05	710	500	0	500	0	0	1	0
0.5	20	0.05	711	500	0	500	0	0	1	0
0.5	20	0.05	712	500	0	500	0	0	1	0
0.5	20	0.05	713	500	0	500	0	0	1	0
0.5	20	0.05	714	500	0	500	0	0	1	0
0.5	20	0.05	715	500	0	500	0	0	1	0
0.5	20	0.05	716	500	0	500	0	0	1	0
0.5	20	0.05	717	500	0	500	0	0	1	0
0.5	20	0.05	718	500	0	500	0	0	1	0
0.5	20	0.05	719	500	0	500	0	0	1	0
0.5	20	0.05	720	500	0	500	0	0	1	0
0.5	20	0.05	721	500	0	500	0	0	1	0
0.5	20	0.05	722	500	0	500	0	0	1	0
0.5	20	0.05	723	500	0	500	0	0	1	0
0.5	20	0.05	724	500	0	500	0	0	1	0
0.5	20	0.05	725	500	0	500	0	0	1	0
0.5	20	0.05	726	500	0	500	0	0	1	0
0.5	20	0.05	727	500	0	500	0	0	1	0
0.5	20	0.05	728	500	0	500	0	0	1	0
0.5	20	0.05	729	500	0	500	0	0	1	0
0.5	20	0.05	730	500	0	500	0	0	1	0
0.5	20	0.05	731	500	0	500	0	0	1	0
0.5	20	0.05	732	500	0	500	0	0	1	0
0.5	20	0.05	733	500	0	500	0	0	1	0
0.5	20	0.05	734	500	0	500	0	0	1	0
0.5	20	0.05	735	500	0	500	0	0	1	0
0.5	20	0.05	736	500	0	500	0	0	1	0
0.5	20	0.05	737	500	0	500	0	0	1	0
0.5	20	0.05	738	500	0	500	0	0	1	0
0.5	20	0.05	739	500	0	500	0	0	1	0
0.5	20	0.05	740	500	0	500	0	0	1	0
0.5	20	0.05	741	500	0	500	0	0	1	0
0.5	20	0.05	742	500	0	500	0	0	1	0
0.5	20	0.05	743	500	0	500	0	0	1	0
0.5	20	0.05	744	500	0	500	0	0	1	0
0.5	20	0.05	745	500	0	500	0	0	1	0
0.5	20	0.05	746	500	0	500	0	0	1	0
0.5	20	0.05	747	500	0	500	0	0	1	0
0.5	20	0.05	748	500	0	500	0	0	1	0
0.5	20	0.05	749	500	0	500	0	0	1	0
0.5	20	0.05	750	500	0	500	0	0	1	0
0.5	20	0.05	751	500	0	500	0	0	1	0
0.5	20	0.05	752	500	0	500	0	0	1	0
0.5	20	0.05	753	500	0	500	0	0	1	0
0.5	20	0.05	754	500	0	500	0	0	1	0
0.5	20	0.05	755	500	0	500	0	0	1	0
0.5	20	0.05	756	500	0	500	0	0	1	0
0.5	20	0.05	757	500	0	500	0	0	1	0
0.5	20	0.05	758	500	0	500	0	0	1	0
0.5	20	0.05	759	500	0	500	0	0	1	0
0.5	20	0.05	760	500	0	500	0	0	1	0
0.5	20	0.05	761	500	0	500	0	0	1	0
0.5	20	0.05	762	500	0	500	0	0	1	0
0.5	20	0.05	763	500	0	500	0	0	1	0
0.5	20	0.05	764	500	0	500	0	0	1	0
0.5	20	0.05	765	500	0	500	0	0	1	0
0.5	20	0.05	766	500	0	500	0	0	1	0
0.5	20	0.05	767	500	0	500	0	0	1	0
0.5	20	0.05	768	500	0	500	0	0	1	0
0.5	20	0.05	769	500	0	500	0	0	1	0
0.5	20	0.05	770	500	0	500	0	0	1	0
0.5	20	0.05	771	500	0	500	0	0	1	0
0.5	20	0.05	772	500	0	500	0	0	1	0
0.5	20	0.05	773	500	0	500	0	0	1	0
0.5	20	0.05	774	500	0	500	0	0	1	0
0.5	20	0.05	775	500	0	500	0	0	1	0
0.5	20	0.05	776	500	0	500	0	0	1	0
0.5	20	0.05	777	500	0	500	0	0	1	0
0.5	20	0.05	778	500	0	500	0	0	1	0
0.5	20	0.05	779	500	0	500	0	0	1	0
0.5	20	0.05	780	500	0	500	0	0	1	0
0.5	20	0.05	781	500	0	500	0	0	1	0
0.5	20	0.05	782	500	0	500	0	0	1	0
0.5	20	0.05	783	500	0	500	0	0	1	0
0.5	20	0.05	784	500	0	500	0	0	1	0
0.5	20	0.05	785	500	0	500	0	0	1	0
0.5	20	0.05	786	500	0	500	0	0	1	0
0.5	20	0.05	787	500	0	500	0	0	1	0
0.5	20	0.05	788	500	0	500	0	0	1	0
0.5	20	0.05	789	500	0	500	0	0	1	0
0.5	20	0.05	790	500	0	500	0	0	1	0
0.5	20	0.05	791	500	0	500	0	0	1	0
0.5	20	0.05	792	500	0	500	0	0	1	0
0.5	20	0.05	793	500	0	500	0	0	1	0
0.5	20	0.05	794	500	0	500	0	0	1	0
0.5	20	0.05	795	500	0	500	0	0	1	0
0.5	20	0.05	796	500	0	500	0	0	1	0
0.5	20	0.05	797	500	0	500	0	0	1	0
0.5	20	0.05	798	500	0	500	0	0	1	0
0.5	20	0.05	799	500	0	500	0	0	1	0
0.5	20	0.05	800	500	0	500	0	0	1	0
0.5	20	0.05	801	500	0	500	0	0	1	0
0.5	20	0.05	802	500	0	500	0	0	1	0
0.5	20	0.05	803	500	0	500	0	0	1	0
0.5	20	0.05	804	500	0	500	0	0	1	0
0.5	20	0.05	805	500	0	500	0	0	1	0
0.5	20	0.05	806	500	0	500	0	0	1	0
0.5	20	0.05	807	500	0	500	0	0	1	0
0.5	20	0.05	808	500	0	500	0	0	1	0
0.5	20	0.05	809	500	0	500	0	0	1	0
0.5	20	0.05	810	500	0	500	0	0	1	0
0.5	20	0.05	811	500	0	500	0	0	1	0
0.5	20	0.05	812	500	0	500	0	0	1	0
0.5	20	0.05	813	500	0	500	0	0	1	0
0.5	20	0.05	814	500	0	500	0	0	1	0
0.5	20	0.05	815	500	0	500	0	0	1	0
0.5	20	0.05	816	500	0	500	0	0	1	0
0.5	20	0.05	817	500	0	500	0	0	1	0
0.5	20	0.05	818	500	0	500	0	0	1	0
0.5	20	0.05	819	500	0	500	0	0	1	0
0.5	20	0.05	820	500	0	500	0	0	1	0
0.5	20	0.05	821	500	0	500	0	0	1	0
0.5	20	0.05	822	500	0	500	0	0	1	0
0.5	20	0.05	823	500	0	500	0	0	1	0
0.5	20	0.05	824	500	0	500	0	0	1	0
0.5	20	0.05	825	500	0	500	0	0	1	0
0.5	20	0.05	826	500	0	500	0	0	1	0
0.5	20	0.05	827	500	0	500	0	0	1	0
0.5	20	0.05	828	500	0	500	0	0	1	0
0.5	20	0.05	829	500	0	500	0	0	1	0
0.5	20	0.05	830	500	0	500	0	0	1	0
0.5	20	0.05	831	500	0	500	0	0	1	0
0.5	20	0.05	832	500	0	500	0	0	1	0
0.5	20	0.05	833	500	0	500	0	0	1	0
0.5	20	0.05	834	500	0	500	0	0	1	0
0.5	20	0.05	835	500	0	500	0	0	1	0
0.5	20	0.05	836	500	0	500	0	0	1	0
0.5	20	0.05	837	500	0	500	0	0	1	0
0.5	20	0.05	838	500	0	500	0	0	1	0
0.5	20	0.05	839	500	0	500	0	0	1	0
0.5	20	0.05	840	500	0	500	0	0	1	0
0.5	20	0.05	841	500	0	500	0	0	1	0
0.5	20	0.05	842	500	0	500	0	0	1	0
0.5	20	0.05	843	500	0	500	0	0	1	0
0.5	20	0.05	844	500	0	500	0	0	1	0
0.5	20	0.05	845	500	0	500	0	0	1	0
0.5	20	0.05	846	500	0	500	0	0	1	0
0.5	20	0.05	847	500	0	500	0	0	1	0
0.5	20	0.05	848	500	0	500	0	0	1	0
0.5	20	0.05	849	500	0	500	0	0	1	0
0.5	20	0.05	850	500	0	500	0	0	1	0
0.5	20	0.05	851	500	0	500	0	0	1	0
0.5	20	0.05	852	500	0	500	0	0	1	0
0.5	20	0.05	853	500	0	500	0	0	1	0
0.5	20	0.05	854	500	0	500	0	0	1	0
0.5	20	0.05	855	500	0	500	0	0	1	0
0.5	20	0.05	856	500	0	500	0	0	1	0
0.5	20	0.05	857	500	0	500	0	0	1	0
0.5	20	0.05	858	500	0	500	0	0	1	0
0.5	20	0.05	859	500	0	500	0	0	1	0
0.5	20	0.05	860	500	0	500	0	0	1	0
0.5	20	0.05	861	500	0	500	0	0	1	0
0.5	20	0.05	862	500	0	500	0	0	1	0
0.5	20	0.05	863	500	0	500	0	0	1	0
0.5	20	0.05	864	500	0	500	0	0	1	0
0.5	20	0.05	865	500	0	500	0	0	1	0
0.5	20	0.05	866	500	0	500	0	0	1	0
0.5	20	0.05	867	500	0	500	0	0	1	0
0.5	20	0.05	868	500	0	500	0	0	1	0
0.5	20	0.05	869	500	0	500	0	0	1	0
0.5	20	0.05	870	500	0	500	0	0	1	0
0.5	20	0.05	871	500	0	500	0	0	1	0
0.5	20	0.05	872	500	0	500	0	0	1	0
0.5	20	0.05	873	500	0	500	0	0	1	0
0.5	20	0.05	874	500	0	500	0	0	1	0
0.5	20	0.05	875	500	0	500	0	0	1	0
0.5	20	0.05	876	500	0	500	0	0	1	0
0.5	20	0.05	877	500	0	500	0	0	1	0
0.5	20	0.05	878	500	0	500	0	0	1	0
0.5	20	0.05	879	500	0	500	0	0	1	0
0.5	20	0.05	880	500	0	500	0	0	1	0
0.5	20	0.05	881	500	0	500	0	0	1	0
0.5	20	0.05	882	500	0	500	0	0	1	0
0.5	20	0.05	883	500	0	500	0	0	1	0
0.5	20	0.05	884	500	0	500	0	0	1	0
0.5	20	0.05	885	500	0	500	0	0	1	0
0.5	20	0.05	886	500	0	500	0	0	1	0
0.5	20	0.05	887	500	0	500	0	0	1	0
0.5	20	0.05	888	500	0	500	0	0	1	0
0.5	20	0.05	889	500	0	500	0	0	1	0
0.5	20	0.05	890	500	0	500	0	0	1	0
0.5	20	0.05	891	500	0	500	0	0	1	0
0.5	20	0.05	892	500	0	500	0	0	1	0
0.5	20	0.05	893	500	0	500	0	0	1	0
0.5	20	0.05	894	500	0	500	0	0	1	0
0.5	20	0.05	895	500	0	500	0	0	1	0
0.5	20	0.05	896	500	0	500	0	0	1	0
0.5	20	0.05	897	500	0	500	0	0	1	0
0.5	20	0.05	898	500	0	500	0	0	1	0
0.5	20	0.05	899	500	0	500	0	0	1	0
0.5	20	0.05	900	500	0	500	0	0	1	0
0.5	20	0.05	901	500	0	500	0	0	1	0
0.5	20	0.05	902	500	0	500	0	0	1	0
0.5	20	0.05	903	500	0	500	0	0	1	0
0.5	20	0.05	904	500	0	500	0	0	1	0
0.5	20	0.05	905	500	0	500	0	0	1	0
0.5	20	0.05	906	500	0	500	0	0	1	0
0.5	20	0.05	907	500	0	500	0	0	1	0
0.5	20	0.05	908	500	0	500	0	0	1	0
0.5	20	0.05	909	500	0	500	0	0	1	0
0.5	20	0.05	910	500	0	500	0	0	1	0
0.5	20	0.05	911	500	0	500	0	0	1	0
0.5	20	0.05	912	500	0	500	0	0	1	0
0.5	20	0.05	913	500	0	500	0	0	1	0
0.5	20	0.05	914	500	0	500	0	0	1	0
0.5	20	0.05	915	500	0	500	0	0	1	0
0.5	20	0.05	916	500	0	500	0	0	1	0
0.5	20	0.05	917	500	0	500	0	0	1	0
0.5	20	0.05	918	500	0	500	0	0	1	0
0.5	20	0.05	919	500	0	500	0	0	1	0
0.5	20	0.05	920	500	0	500	0	0	1	0
0.5	20	0.05	921	500	0	500	0	0	1	0
0.5	20	0.05	922	500	0	500	0	0	1	0
0.5	20	0.05	923	500	0	500	0	0	1	0
0.5	20	0.05	924	500	0	500	0	0	1	0
0.5	20	0.05	925	500	0	500	0	0	1	0
0.5	20	0.05	926	500	0	500	0	0	1	0
0.5	20	0.05	927	500	0	500	0	0	1	0
0.5	20	0.05	928	500	0	500	0	0	1	0
0.5	20	0.05	929	500	0	500	0	0	1	0
0.5	20	0.05	930	500	0	500	0	0	1	0
0.5	20	0.05	931	500	0	500	0	0	1	0
0.5	20	0.05	932	500	0	500	0	0	1	0
0.5	20	0.05	933	500	0	500	0	0	1	0
0.5	20	0.05	934	500	0	500	0	0	1	0
0.5	20	0.05	935	500	0	500	0	0	1	0
0.5	20	0.05	936	500	0	500	0	0	1	0
0.5	20	0.05	937	500	0	500	0	0	1	0
0.5	20	0.05	938	500	0	500	0	0	1	0
0.5	20	0.05	939	500	0	500	0	0	1	0
0.5	20	0.05	940	500	0	500	0	0	1	0
0.5	20	0.05	941	500	0	500	0	0	1	0
0.5	20	0.05	942	500	0	500	0	0	1	0
0.5	20	0.05	943	500	0	500	0	0	1	0
0.5	20	0.05	944	500	0	500	0	0	1	0
0.5	20	0.05	945	500	0	500	0	0	1	0
0.5	20	0.05	946	500	0	500	0	0	1	0
0.5	20	0.05	947	500	0	500	0	0	1	0
0.5	20	0.05	948	500	0	500	0	0	1	0
0.5	20	0.05	949	500	0	500	0	0	1	0
0.5	20	0.05	950	500	0	500	0	0	1	0
0.5	20	0.05	951	500	0	500	0	0	1	0
0.5	20	0.05	952	500	0	500	0	0	1	0
0.5	20	0.05	953	500	0	500	0	0	1	0
0.5	20	0.05	954	500	0	500	0	0	1	0
0.5	20	0.05	955	500	0	500	0	0	1	0
0.5	20	0.05	956	500	0	500	0	0	1	0
0.5	20	0.05	957	500	0	500	0	0	1	0
0.5	20	0.05	958	500	0	500	0	0	1	0
0.5	20	0.05	959	500	0	500	0	0	1	0
0.5	20	0.05	960	500	0	500	0	0	1	0
0.5	20	0.05	961	500	0	500	0	0	1	0
0.5	20	0.05	962	500	0	500	0	0	1	0
0.5	20	0.05	963	500	0	500	0	0	1	0
0.5	20	0.05	964	500	0	500	0	0	1	0
0.5	20	0.05	965	500	0	500	0	0	1	0
0.5	20	0.05	966	500	0	500	0	0	1	0
0.5	20	0.05	967	500	0	500	0	0	1	0
0.5	20	0.05	968	500	0	500	0	0	1	0
0.5	20	0.05	969	500	0	500	0	0	1	0
0.5	20	0.05	970	500	0	500	0	0	1	0
0.5	20	0.05	971	500	0	500	0	0	1	0
0.5	20	0.05	972	500	0	500	0	0	1	0
0.5	20	0.05	973	500	0	500	0	0	1	0
0.5	20	0.05	974	500	0	500	0	0	1	0
0.5	20	0.05	975	500	0	500	0	0	1	0
0.5	20	0.05	976	500	0	500	0	0	1	0
0.5	20	0.05	977	500	0	500	0	0	1	0
0.5	20	0.05	978	500	0	500	0	0	1	0
0.5	20	0.05	979	500	0	500	0	0	1	0
0.5	20	0.05	980	500	0	500	0	0	1	0
0.5	20	0.05	981	500	0	500	0	0	1	0
0.5	20	0.05	982	500	0	500	0	0	1	0
0.5	20	0.05	983	500	0	500	0	0	1	0
0.5	20	0.05	984	500	0	500	0	0	1	0
0.5	20	0.05	985	500	0	500	0	0	1	0
0.5	20	0.05	986	500	0	500	0	0	1	0
0.5	20	0.05	987	500	0	500	0	0	1	0
0.5	20	0.05	988	500	0	500	0	0	1	0
0.5	20	0.05	989	500	0	500	0	0	1	0
0.5	20	0.05	990	500	0	500	0	0	1	0
0.5	20	0.05	991	500	0	500	0	0	1	0
0.5	20	0.05	992	500	0	500	0	0	1	0
0.5	20	0.05	993	500	0	500	0	0	1	0
0.5	20	0.05	994	500	0	500	0	0	1	0
0.5	20	0.05	995	500	0	500	0	0	1	0
0.5	20	0.05	996	500	0	500	0	0	1	0
0.5	20	0.05	997	500	0	500	0	0	1	0
0.5	20	0.05	998	500	0	500	0	0	1	0
0.5	20	0.05	999	500	0	500	0	0	1	0
0.5	20	0.05	1000	500	0	500	0	0	1	0
