"trueDelta"	"eCrit_upper"	"eCrit_lower"	"n"	"n_reps"	"h1_n"	"h0_n"	"ind_n"	"h1_prob"	"h0_prob"	"ind_prob"
0	20	0.05	10	500	0	31	469	0	0.062	0.938
0	20	0.05	11	500	0	30	470	0	0.06	0.94
0	20	0.05	12	500	0	43	457	0	0.086	0.914
0	20	0.05	13	500	4	55	441	0.008	0.11	0.882
0	20	0.05	14	500	1	65	434	0.002	0.13	0.868
0	20	0.05	15	500	0	73	427	0	0.146	0.854
0	20	0.05	16	500	2	84	414	0.004	0.168	0.828
0	20	0.05	17	500	2	89	409	0.004	0.178	0.818
0	20	0.05	18	500	1	117	382	0.002	0.234	0.764
0	20	0.05	19	500	1	115	384	0.002	0.23	0.768
0	20	0.05	20	500	1	134	365	0.002	0.268	0.73
0	20	0.05	21	500	3	138	359	0.006	0.276	0.718
0	20	0.05	22	500	2	167	331	0.004	0.334	0.662
0	20	0.05	23	500	6	161	333	0.012	0.322	0.666
0	20	0.05	24	500	5	156	339	0.01	0.312	0.678
0	20	0.05	25	500	1	179	320	0.002	0.358	0.64
0	20	0.05	26	500	2	199	299	0.004	0.398	0.598
0	20	0.05	27	500	3	205	292	0.006	0.41	0.584
0	20	0.05	28	500	0	199	301	0	0.398	0.602
0	20	0.05	29	500	7	229	264	0.014	0.458	0.528
0	20	0.05	30	500	5	231	264	0.01	0.462	0.528
0	20	0.05	31	500	6	234	260	0.012	0.468	0.52
0	20	0.05	32	500	4	241	255	0.008	0.482	0.51
0	20	0.05	33	500	5	250	245	0.01	0.5	0.49
0	20	0.05	34	500	6	255	239	0.012	0.51	0.478
0	20	0.05	35	500	7	265	228	0.014	0.53	0.456
0	20	0.05	36	500	2	262	236	0.004	0.524	0.472
0	20	0.05	37	500	2	278	220	0.004	0.556	0.44
0	20	0.05	38	500	4	284	212	0.008	0.568	0.424
0	20	0.05	39	500	8	284	208	0.016	0.568	0.416
0	20	0.05	40	500	6	295	199	0.012	0.59	0.398
0	20	0.05	41	500	0	296	204	0	0.592	0.408
0	20	0.05	42	500	3	302	195	0.006	0.604	0.39
0	20	0.05	43	500	1	311	188	0.002	0.622	0.376
0	20	0.05	44	500	2	334	164	0.004	0.668	0.328
0	20	0.05	45	500	3	333	164	0.006	0.666	0.328
0	20	0.05	46	500	3	327	170	0.006	0.654	0.34
0	20	0.05	47	500	5	334	161	0.01	0.668	0.322
0	20	0.05	48	500	8	327	165	0.016	0.654	0.33
0	20	0.05	49	500	1	344	155	0.002	0.688	0.31
0	20	0.05	50	500	4	337	159	0.008	0.674	0.318
0	20	0.05	51	500	5	356	139	0.01	0.712	0.278
0	20	0.05	52	500	7	337	156	0.014	0.674	0.312
0	20	0.05	53	500	4	354	142	0.008	0.708	0.284
0	20	0.05	54	500	5	364	131	0.01	0.728	0.262
0	20	0.05	55	500	3	369	128	0.006	0.738	0.256
0	20	0.05	56	500	1	374	125	0.002	0.748	0.25
0	20	0.05	57	500	2	368	130	0.004	0.736	0.26
0	20	0.05	58	500	2	387	111	0.004	0.774	0.222
0	20	0.05	59	500	2	375	123	0.004	0.75	0.246
0	20	0.05	60	500	7	382	111	0.014	0.764	0.222
0	20	0.05	61	500	2	396	102	0.004	0.792	0.204
0	20	0.05	62	500	4	404	92	0.008	0.808	0.184
0	20	0.05	63	500	0	394	106	0	0.788	0.212
0	20	0.05	64	500	1	402	97	0.002	0.804	0.194
0	20	0.05	65	500	2	394	104	0.004	0.788	0.208
0	20	0.05	66	500	1	391	108	0.002	0.782	0.216
0	20	0.05	67	500	2	402	96	0.004	0.804	0.192
0	20	0.05	68	500	2	403	95	0.004	0.806	0.19
0	20	0.05	69	500	4	414	82	0.008	0.828	0.164
0	20	0.05	70	500	4	413	83	0.008	0.826	0.166
0	20	0.05	71	500	2	416	82	0.004	0.832	0.164
0	20	0.05	72	500	0	417	83	0	0.834	0.166
0	20	0.05	73	500	1	421	78	0.002	0.842	0.156
0	20	0.05	74	500	4	409	87	0.008	0.818	0.174
0	20	0.05	75	500	4	410	86	0.008	0.82	0.172
0	20	0.05	76	500	2	414	84	0.004	0.828	0.168
0	20	0.05	77	500	3	432	65	0.006	0.864	0.13
0	20	0.05	78	500	4	428	68	0.008	0.856	0.136
0	20	0.05	79	500	2	423	75	0.004	0.846	0.15
0	20	0.05	80	500	4	429	67	0.008	0.858	0.134
0	20	0.05	81	500	3	429	68	0.006	0.858	0.136
0	20	0.05	82	500	2	438	60	0.004	0.876	0.12
0	20	0.05	83	500	2	444	54	0.004	0.888	0.108
0	20	0.05	84	500	3	432	65	0.006	0.864	0.13
0	20	0.05	85	500	0	451	49	0	0.902	0.098
0	20	0.05	86	500	0	455	45	0	0.91	0.09
0	20	0.05	87	500	1	447	52	0.002	0.894	0.104
0	20	0.05	88	500	1	442	57	0.002	0.884	0.114
0	20	0.05	89	500	4	432	64	0.008	0.864	0.128
0	20	0.05	90	500	0	450	50	0	0.9	0.1
0	20	0.05	91	500	3	454	43	0.006	0.908	0.086
0	20	0.05	92	500	2	452	46	0.004	0.904	0.092
0	20	0.05	93	500	0	452	48	0	0.904	0.096
0	20	0.05	94	500	1	451	48	0.002	0.902	0.096
0	20	0.05	95	500	2	459	39	0.004	0.918	0.078
0	20	0.05	96	500	0	457	43	0	0.914	0.086
0	20	0.05	97	500	4	448	48	0.008	0.896	0.096
0	20	0.05	98	500	2	454	44	0.004	0.908	0.088
0	20	0.05	99	500	3	458	39	0.006	0.916	0.078
0	20	0.05	100	500	2	443	55	0.004	0.886	0.11
0	20	0.05	101	500	3	463	34	0.006	0.926	0.068
0	20	0.05	102	500	1	472	27	0.002	0.944	0.054
0	20	0.05	103	500	3	458	39	0.006	0.916	0.078
0	20	0.05	104	500	2	464	34	0.004	0.928	0.068
0	20	0.05	105	500	3	457	40	0.006	0.914	0.08
0	20	0.05	106	500	2	463	35	0.004	0.926	0.07
0	20	0.05	107	500	3	466	31	0.006	0.932	0.062
0	20	0.05	108	500	1	468	31	0.002	0.936	0.062
0	20	0.05	109	500	4	463	33	0.008	0.926	0.066
0	20	0.05	110	500	0	470	30	0	0.94	0.06
0	20	0.05	111	500	0	471	29	0	0.942	0.058
0	20	0.05	112	500	0	470	30	0	0.94	0.06
0	20	0.05	113	500	0	475	25	0	0.95	0.05
0	20	0.05	114	500	3	470	27	0.006	0.94	0.054
0	20	0.05	115	500	0	474	26	0	0.948	0.052
0	20	0.05	116	500	1	472	27	0.002	0.944	0.054
0	20	0.05	117	500	0	479	21	0	0.958	0.042
0	20	0.05	118	500	1	468	31	0.002	0.936	0.062
0	20	0.05	119	500	0	470	30	0	0.94	0.06
0	20	0.05	120	500	1	477	22	0.002	0.954	0.044
0	20	0.05	121	500	1	477	22	0.002	0.954	0.044
0	20	0.05	122	500	0	484	16	0	0.968	0.032
0	20	0.05	123	500	1	479	20	0.002	0.958	0.04
0	20	0.05	124	500	1	483	16	0.002	0.966	0.032
0	20	0.05	125	500	2	483	15	0.004	0.966	0.03
0	20	0.05	126	500	1	476	23	0.002	0.952	0.046
0	20	0.05	127	500	1	481	18	0.002	0.962	0.036
0	20	0.05	128	500	0	486	14	0	0.972	0.028
0	20	0.05	129	500	0	487	13	0	0.974	0.026
0	20	0.05	130	500	0	482	18	0	0.964	0.036
0	20	0.05	131	500	1	481	18	0.002	0.962	0.036
0	20	0.05	132	500	1	487	12	0.002	0.974	0.024
0	20	0.05	133	500	0	487	13	0	0.974	0.026
0	20	0.05	134	500	0	483	17	0	0.966	0.034
0	20	0.05	135	500	0	479	21	0	0.958	0.042
0	20	0.05	136	500	0	486	14	0	0.972	0.028
0	20	0.05	137	500	1	487	12	0.002	0.974	0.024
0	20	0.05	138	500	0	483	17	0	0.966	0.034
0	20	0.05	139	500	0	487	13	0	0.974	0.026
0	20	0.05	140	500	2	492	6	0.004	0.984	0.012
0	20	0.05	141	500	0	484	16	0	0.968	0.032
0	20	0.05	142	500	1	485	14	0.002	0.97	0.028
0	20	0.05	143	500	1	490	9	0.002	0.98	0.018
0	20	0.05	144	500	1	491	8	0.002	0.982	0.016
0	20	0.05	145	500	0	490	10	0	0.98	0.02
0	20	0.05	146	500	1	492	7	0.002	0.984	0.014
0	20	0.05	147	500	0	485	15	0	0.97	0.03
0	20	0.05	148	500	2	489	9	0.004	0.978	0.018
0	20	0.05	149	500	1	491	8	0.002	0.982	0.016
0	20	0.05	150	500	0	493	7	0	0.986	0.014
0	20	0.05	151	500	1	494	5	0.002	0.988	0.01
0	20	0.05	152	500	0	483	17	0	0.966	0.034
0	20	0.05	153	500	1	487	12	0.002	0.974	0.024
0	20	0.05	154	500	0	491	9	0	0.982	0.018
0	20	0.05	155	500	1	487	12	0.002	0.974	0.024
0	20	0.05	156	500	0	495	5	0	0.99	0.01
0	20	0.05	157	500	0	491	9	0	0.982	0.018
0	20	0.05	158	500	0	489	11	0	0.978	0.022
0	20	0.05	159	500	0	491	9	0	0.982	0.018
0	20	0.05	160	500	0	492	8	0	0.984	0.016
0	20	0.05	161	500	0	491	9	0	0.982	0.018
0	20	0.05	162	500	0	494	6	0	0.988	0.012
0	20	0.05	163	500	0	489	11	0	0.978	0.022
0	20	0.05	164	500	1	491	8	0.002	0.982	0.016
0	20	0.05	165	500	0	491	9	0	0.982	0.018
0	20	0.05	166	500	0	496	4	0	0.992	0.008
0	20	0.05	167	500	0	495	5	0	0.99	0.01
0	20	0.05	168	500	0	498	2	0	0.996	0.004
0	20	0.05	169	500	1	489	10	0.002	0.978	0.02
0	20	0.05	170	500	0	495	5	0	0.99	0.01
0	20	0.05	171	500	0	489	11	0	0.978	0.022
0	20	0.05	172	500	0	492	8	0	0.984	0.016
0	20	0.05	173	500	0	495	5	0	0.99	0.01
0	20	0.05	174	500	0	492	8	0	0.984	0.016
0	20	0.05	175	500	2	493	5	0.004	0.986	0.01
0	20	0.05	176	500	0	492	8	0	0.984	0.016
0	20	0.05	177	500	0	499	1	0	0.998	0.002
0	20	0.05	178	500	0	495	5	0	0.99	0.01
0	20	0.05	179	500	1	492	7	0.002	0.984	0.014
0	20	0.05	180	500	0	498	2	0	0.996	0.004
0	20	0.05	181	500	0	496	4	0	0.992	0.008
0	20	0.05	182	500	0	494	6	0	0.988	0.012
0	20	0.05	183	500	0	493	7	0	0.986	0.014
0	20	0.05	184	500	0	493	7	0	0.986	0.014
0	20	0.05	185	500	0	497	3	0	0.994	0.006
0	20	0.05	186	500	1	495	4	0.002	0.99	0.008
0	20	0.05	187	500	0	495	5	0	0.99	0.01
0	20	0.05	188	500	1	495	4	0.002	0.99	0.008
0	20	0.05	189	500	0	494	6	0	0.988	0.012
0	20	0.05	190	500	1	492	7	0.002	0.984	0.014
0	20	0.05	191	500	0	496	4	0	0.992	0.008
0	20	0.05	192	500	0	495	5	0	0.99	0.01
0	20	0.05	193	500	0	499	1	0	0.998	0.002
0	20	0.05	194	500	0	497	3	0	0.994	0.006
0	20	0.05	195	500	2	493	5	0.004	0.986	0.01
0	20	0.05	196	500	1	496	3	0.002	0.992	0.006
0	20	0.05	197	500	0	499	1	0	0.998	0.002
0	20	0.05	198	500	0	496	4	0	0.992	0.008
0	20	0.05	199	500	0	498	2	0	0.996	0.004
0	20	0.05	200	500	0	497	3	0	0.994	0.006
0	20	0.05	201	500	0	496	4	0	0.992	0.008
0	20	0.05	202	500	0	497	3	0	0.994	0.006
0	20	0.05	203	500	0	500	0	0	1	0
0	20	0.05	204	500	0	497	3	0	0.994	0.006
0	20	0.05	205	500	0	499	1	0	0.998	0.002
0	20	0.05	206	500	0	497	3	0	0.994	0.006
0	20	0.05	207	500	0	494	6	0	0.988	0.012
0	20	0.05	208	500	0	496	4	0	0.992	0.008
0	20	0.05	209	500	0	497	3	0	0.994	0.006
0	20	0.05	210	500	0	498	2	0	0.996	0.004
0	20	0.05	211	500	0	499	1	0	0.998	0.002
0	20	0.05	212	500	0	496	4	0	0.992	0.008
0	20	0.05	213	500	0	498	2	0	0.996	0.004
0	20	0.05	214	500	1	499	0	0.002	0.998	0
0	20	0.05	215	500	1	498	1	0.002	0.996	0.002
0	20	0.05	216	500	1	497	2	0.002	0.994	0.004
0	20	0.05	217	500	0	498	2	0	0.996	0.004
0	20	0.05	218	500	0	499	1	0	0.998	0.002
0	20	0.05	219	500	2	496	2	0.004	0.992	0.004
0	20	0.05	220	500	0	499	1	0	0.998	0.002
0	20	0.05	221	500	0	498	2	0	0.996	0.004
0	20	0.05	222	500	0	499	1	0	0.998	0.002
0	20	0.05	223	500	0	498	2	0	0.996	0.004
0	20	0.05	224	500	0	499	1	0	0.998	0.002
0	20	0.05	225	500	0	499	1	0	0.998	0.002
0	20	0.05	226	500	0	499	1	0	0.998	0.002
0	20	0.05	227	500	0	496	4	0	0.992	0.008
0	20	0.05	228	500	1	498	1	0.002	0.996	0.002
0	20	0.05	229	500	0	500	0	0	1	0
0	20	0.05	230	500	0	499	1	0	0.998	0.002
0	20	0.05	231	500	0	499	1	0	0.998	0.002
0	20	0.05	232	500	0	499	1	0	0.998	0.002
0	20	0.05	233	500	0	499	1	0	0.998	0.002
0	20	0.05	234	500	0	499	1	0	0.998	0.002
0	20	0.05	235	500	0	497	3	0	0.994	0.006
0	20	0.05	236	500	0	499	1	0	0.998	0.002
0	20	0.05	237	500	0	499	1	0	0.998	0.002
0	20	0.05	238	500	0	498	2	0	0.996	0.004
0	20	0.05	239	500	0	497	3	0	0.994	0.006
0	20	0.05	240	500	0	498	2	0	0.996	0.004
0	20	0.05	241	500	0	500	0	0	1	0
0	20	0.05	242	500	0	499	1	0	0.998	0.002
0	20	0.05	243	500	1	499	0	0.002	0.998	0
0	20	0.05	244	500	0	499	1	0	0.998	0.002
0	20	0.05	245	500	0	500	0	0	1	0
0	20	0.05	246	500	0	497	3	0	0.994	0.006
0	20	0.05	247	500	0	500	0	0	1	0
0	20	0.05	248	500	0	498	2	0	0.996	0.004
0	20	0.05	249	500	0	498	2	0	0.996	0.004
0	20	0.05	250	500	0	499	1	0	0.998	0.002
0	20	0.05	251	500	0	498	2	0	0.996	0.004
0	20	0.05	252	500	0	498	2	0	0.996	0.004
0	20	0.05	253	500	0	498	2	0	0.996	0.004
0	20	0.05	254	500	0	500	0	0	1	0
0	20	0.05	255	500	0	495	5	0	0.99	0.01
0	20	0.05	256	500	0	499	1	0	0.998	0.002
0	20	0.05	257	500	0	499	1	0	0.998	0.002
0	20	0.05	258	500	0	500	0	0	1	0
0	20	0.05	259	500	0	499	1	0	0.998	0.002
0	20	0.05	260	500	0	498	2	0	0.996	0.004
0	20	0.05	261	500	0	499	1	0	0.998	0.002
0	20	0.05	262	500	0	499	1	0	0.998	0.002
0	20	0.05	263	500	0	499	1	0	0.998	0.002
0	20	0.05	264	500	0	500	0	0	1	0
0	20	0.05	265	500	0	500	0	0	1	0
0	20	0.05	266	500	0	497	3	0	0.994	0.006
0	20	0.05	267	500	0	498	2	0	0.996	0.004
0	20	0.05	268	500	0	500	0	0	1	0
0	20	0.05	269	500	0	500	0	0	1	0
0	20	0.05	270	500	0	500	0	0	1	0
0	20	0.05	271	500	0	499	1	0	0.998	0.002
0	20	0.05	272	500	0	500	0	0	1	0
0	20	0.05	273	500	0	499	1	0	0.998	0.002
0	20	0.05	274	500	0	500	0	0	1	0
0	20	0.05	275	500	0	500	0	0	1	0
0	20	0.05	276	500	0	499	1	0	0.998	0.002
0	20	0.05	277	500	0	499	1	0	0.998	0.002
0	20	0.05	278	500	0	500	0	0	1	0
0	20	0.05	279	500	0	500	0	0	1	0
0	20	0.05	280	500	0	500	0	0	1	0
0	20	0.05	281	500	0	498	2	0	0.996	0.004
0	20	0.05	282	500	0	500	0	0	1	0
0	20	0.05	283	500	0	500	0	0	1	0
0	20	0.05	284	500	0	500	0	0	1	0
0	20	0.05	285	500	0	500	0	0	1	0
0	20	0.05	286	500	0	499	1	0	0.998	0.002
0	20	0.05	287	500	0	497	3	0	0.994	0.006
0	20	0.05	288	500	0	500	0	0	1	0
0	20	0.05	289	500	0	500	0	0	1	0
0	20	0.05	290	500	0	499	1	0	0.998	0.002
0	20	0.05	291	500	0	500	0	0	1	0
0	20	0.05	292	500	0	500	0	0	1	0
0	20	0.05	293	500	0	500	0	0	1	0
0	20	0.05	294	500	0	499	1	0	0.998	0.002
0	20	0.05	295	500	0	500	0	0	1	0
0	20	0.05	296	500	0	499	1	0	0.998	0.002
0	20	0.05	297	500	0	500	0	0	1	0
0	20	0.05	298	500	0	500	0	0	1	0
0	20	0.05	299	500	0	499	1	0	0.998	0.002
0	20	0.05	300	500	0	500	0	0	1	0
0	20	0.05	301	500	0	500	0	0	1	0
0	20	0.05	302	500	0	500	0	0	1	0
0	20	0.05	303	500	0	500	0	0	1	0
0	20	0.05	304	500	0	500	0	0	1	0
0	20	0.05	305	500	0	499	1	0	0.998	0.002
0	20	0.05	306	500	0	500	0	0	1	0
0	20	0.05	307	500	0	500	0	0	1	0
0	20	0.05	308	500	0	500	0	0	1	0
0	20	0.05	309	500	0	500	0	0	1	0
0	20	0.05	310	500	0	500	0	0	1	0
0	20	0.05	311	500	0	500	0	0	1	0
0	20	0.05	312	500	0	500	0	0	1	0
0	20	0.05	313	500	0	500	0	0	1	0
0	20	0.05	314	500	0	500	0	0	1	0
0	20	0.05	315	500	0	500	0	0	1	0
0	20	0.05	316	500	0	500	0	0	1	0
0	20	0.05	317	500	0	500	0	0	1	0
0	20	0.05	318	500	0	500	0	0	1	0
0	20	0.05	319	500	0	500	0	0	1	0
0	20	0.05	320	500	0	500	0	0	1	0
0	20	0.05	321	500	0	500	0	0	1	0
0	20	0.05	322	500	0	500	0	0	1	0
0	20	0.05	323	500	0	500	0	0	1	0
0	20	0.05	324	500	0	499	1	0	0.998	0.002
0	20	0.05	325	500	0	500	0	0	1	0
0	20	0.05	326	500	0	500	0	0	1	0
0	20	0.05	327	500	0	500	0	0	1	0
0	20	0.05	328	500	0	500	0	0	1	0
0	20	0.05	329	500	0	500	0	0	1	0
0	20	0.05	330	500	0	500	0	0	1	0
0	20	0.05	331	500	0	500	0	0	1	0
0	20	0.05	332	500	0	500	0	0	1	0
0	20	0.05	333	500	0	500	0	0	1	0
0	20	0.05	334	500	0	499	1	0	0.998	0.002
0	20	0.05	335	500	0	499	1	0	0.998	0.002
0	20	0.05	336	500	0	500	0	0	1	0
0	20	0.05	337	500	0	500	0	0	1	0
0	20	0.05	338	500	0	500	0	0	1	0
0	20	0.05	339	500	0	500	0	0	1	0
0	20	0.05	340	500	0	500	0	0	1	0
0	20	0.05	341	500	0	500	0	0	1	0
0	20	0.05	342	500	0	500	0	0	1	0
0	20	0.05	343	500	0	499	1	0	0.998	0.002
0	20	0.05	344	500	0	500	0	0	1	0
0	20	0.05	345	500	0	500	0	0	1	0
0	20	0.05	346	500	0	500	0	0	1	0
0	20	0.05	347	500	0	500	0	0	1	0
0	20	0.05	348	500	0	500	0	0	1	0
0	20	0.05	349	500	0	500	0	0	1	0
0	20	0.05	350	500	0	500	0	0	1	0
0	20	0.05	351	500	0	500	0	0	1	0
0	20	0.05	352	500	0	499	1	0	0.998	0.002
0	20	0.05	353	500	0	500	0	0	1	0
0	20	0.05	354	500	0	500	0	0	1	0
0	20	0.05	355	500	0	500	0	0	1	0
0	20	0.05	356	500	0	500	0	0	1	0
0	20	0.05	357	500	0	500	0	0	1	0
0	20	0.05	358	500	0	500	0	0	1	0
0	20	0.05	359	500	0	500	0	0	1	0
0	20	0.05	360	500	0	500	0	0	1	0
0	20	0.05	361	500	0	500	0	0	1	0
0	20	0.05	362	500	0	500	0	0	1	0
0	20	0.05	363	500	0	500	0	0	1	0
0	20	0.05	364	500	0	500	0	0	1	0
0	20	0.05	365	500	0	500	0	0	1	0
0	20	0.05	366	500	0	500	0	0	1	0
0	20	0.05	367	500	0	500	0	0	1	0
0	20	0.05	368	500	0	499	1	0	0.998	0.002
0	20	0.05	369	500	0	500	0	0	1	0
0	20	0.05	370	500	0	500	0	0	1	0
0	20	0.05	371	500	0	500	0	0	1	0
0	20	0.05	372	500	0	500	0	0	1	0
0	20	0.05	373	500	0	500	0	0	1	0
0	20	0.05	374	500	0	500	0	0	1	0
0	20	0.05	375	500	0	500	0	0	1	0
0	20	0.05	376	500	0	500	0	0	1	0
0	20	0.05	377	500	0	500	0	0	1	0
0	20	0.05	378	500	0	500	0	0	1	0
0	20	0.05	379	500	0	500	0	0	1	0
0	20	0.05	380	500	0	500	0	0	1	0
0	20	0.05	381	500	0	500	0	0	1	0
0	20	0.05	382	500	0	500	0	0	1	0
0	20	0.05	383	500	0	500	0	0	1	0
0	20	0.05	384	500	0	500	0	0	1	0
0	20	0.05	385	500	0	500	0	0	1	0
0	20	0.05	386	500	0	500	0	0	1	0
0	20	0.05	387	500	0	500	0	0	1	0
0	20	0.05	388	500	0	500	0	0	1	0
0	20	0.05	389	500	0	500	0	0	1	0
0	20	0.05	390	500	0	500	0	0	1	0
0	20	0.05	391	500	0	500	0	0	1	0
0	20	0.05	392	500	0	500	0	0	1	0
0	20	0.05	393	500	0	500	0	0	1	0
0	20	0.05	394	500	0	499	1	0	0.998	0.002
0	20	0.05	395	500	0	500	0	0	1	0
0	20	0.05	396	500	0	500	0	0	1	0
0	20	0.05	397	500	0	500	0	0	1	0
0	20	0.05	398	500	0	500	0	0	1	0
0	20	0.05	399	500	0	500	0	0	1	0
0	20	0.05	400	500	0	500	0	0	1	0
0	20	0.05	401	500	0	500	0	0	1	0
0	20	0.05	402	500	0	499	1	0	0.998	0.002
0	20	0.05	403	500	0	500	0	0	1	0
0	20	0.05	404	500	0	500	0	0	1	0
0	20	0.05	405	500	0	500	0	0	1	0
0	20	0.05	406	500	0	500	0	0	1	0
0	20	0.05	407	500	0	500	0	0	1	0
0	20	0.05	408	500	0	500	0	0	1	0
0	20	0.05	409	500	0	500	0	0	1	0
0	20	0.05	410	500	0	500	0	0	1	0
0	20	0.05	411	500	0	500	0	0	1	0
0	20	0.05	412	500	0	500	0	0	1	0
0	20	0.05	413	500	0	500	0	0	1	0
0	20	0.05	414	500	0	500	0	0	1	0
0	20	0.05	415	500	0	500	0	0	1	0
0	20	0.05	416	500	0	500	0	0	1	0
0	20	0.05	417	500	0	500	0	0	1	0
0	20	0.05	418	500	0	500	0	0	1	0
0	20	0.05	419	500	0	500	0	0	1	0
0	20	0.05	420	500	0	500	0	0	1	0
0	20	0.05	421	500	0	500	0	0	1	0
0	20	0.05	422	500	0	500	0	0	1	0
0	20	0.05	423	500	0	500	0	0	1	0
0	20	0.05	424	500	0	500	0	0	1	0
0	20	0.05	425	500	0	500	0	0	1	0
0	20	0.05	426	500	0	500	0	0	1	0
0	20	0.05	427	500	0	499	1	0	0.998	0.002
0	20	0.05	428	500	0	500	0	0	1	0
0	20	0.05	429	500	0	500	0	0	1	0
0	20	0.05	430	500	0	500	0	0	1	0
0	20	0.05	431	500	0	500	0	0	1	0
0	20	0.05	432	500	0	500	0	0	1	0
0	20	0.05	433	500	0	500	0	0	1	0
0	20	0.05	434	500	0	500	0	0	1	0
0	20	0.05	435	500	0	500	0	0	1	0
0	20	0.05	436	500	0	500	0	0	1	0
0	20	0.05	437	500	0	500	0	0	1	0
0	20	0.05	438	500	0	500	0	0	1	0
0	20	0.05	439	500	0	500	0	0	1	0
0	20	0.05	440	500	0	500	0	0	1	0
0	20	0.05	441	500	0	500	0	0	1	0
0	20	0.05	442	500	0	500	0	0	1	0
0	20	0.05	443	500	0	500	0	0	1	0
0	20	0.05	444	500	0	500	0	0	1	0
0	20	0.05	445	500	0	500	0	0	1	0
0	20	0.05	446	500	0	500	0	0	1	0
0	20	0.05	447	500	0	500	0	0	1	0
0	20	0.05	448	500	0	500	0	0	1	0
0	20	0.05	449	500	0	500	0	0	1	0
0	20	0.05	450	500	0	500	0	0	1	0
0	20	0.05	451	500	0	500	0	0	1	0
0	20	0.05	452	500	0	500	0	0	1	0
0	20	0.05	453	500	0	500	0	0	1	0
0	20	0.05	454	500	0	500	0	0	1	0
0	20	0.05	455	500	0	500	0	0	1	0
0	20	0.05	456	500	0	500	0	0	1	0
0	20	0.05	457	500	0	500	0	0	1	0
0	20	0.05	458	500	0	500	0	0	1	0
0	20	0.05	459	500	0	500	0	0	1	0
0	20	0.05	460	500	0	500	0	0	1	0
0	20	0.05	461	500	0	500	0	0	1	0
0	20	0.05	462	500	0	500	0	0	1	0
0	20	0.05	463	500	0	500	0	0	1	0
0	20	0.05	464	500	0	500	0	0	1	0
0	20	0.05	465	500	0	500	0	0	1	0
0	20	0.05	466	500	0	500	0	0	1	0
0	20	0.05	467	500	0	500	0	0	1	0
0	20	0.05	468	500	0	500	0	0	1	0
0	20	0.05	469	500	0	500	0	0	1	0
0	20	0.05	470	500	0	500	0	0	1	0
0	20	0.05	471	500	0	500	0	0	1	0
0	20	0.05	472	500	0	500	0	0	1	0
0	20	0.05	473	500	0	500	0	0	1	0
0	20	0.05	474	500	0	500	0	0	1	0
0	20	0.05	475	500	0	500	0	0	1	0
0	20	0.05	476	500	0	500	0	0	1	0
0	20	0.05	477	500	0	500	0	0	1	0
0	20	0.05	478	500	0	500	0	0	1	0
0	20	0.05	479	500	0	500	0	0	1	0
0	20	0.05	480	500	0	500	0	0	1	0
0	20	0.05	481	500	0	500	0	0	1	0
0	20	0.05	482	500	0	500	0	0	1	0
0	20	0.05	483	500	0	500	0	0	1	0
0	20	0.05	484	500	0	500	0	0	1	0
0	20	0.05	485	500	0	500	0	0	1	0
0	20	0.05	486	500	0	500	0	0	1	0
0	20	0.05	487	500	0	500	0	0	1	0
0	20	0.05	488	500	0	500	0	0	1	0
0	20	0.05	489	500	0	500	0	0	1	0
0	20	0.05	490	500	0	500	0	0	1	0
0	20	0.05	491	500	0	500	0	0	1	0
0	20	0.05	492	500	0	500	0	0	1	0
0	20	0.05	493	500	0	500	0	0	1	0
0	20	0.05	494	500	0	500	0	0	1	0
0	20	0.05	495	500	0	500	0	0	1	0
0	20	0.05	496	500	0	500	0	0	1	0
0	20	0.05	497	500	0	500	0	0	1	0
0	20	0.05	498	500	0	500	0	0	1	0
0	20	0.05	499	500	0	500	0	0	1	0
0	20	0.05	500	500	0	500	0	0	1	0
0	20	0.05	501	500	0	500	0	0	1	0
0	20	0.05	502	500	0	500	0	0	1	0
0	20	0.05	503	500	0	500	0	0	1	0
0	20	0.05	504	500	0	500	0	0	1	0
0	20	0.05	505	500	0	500	0	0	1	0
0	20	0.05	506	500	0	500	0	0	1	0
0	20	0.05	507	500	0	500	0	0	1	0
0	20	0.05	508	500	0	500	0	0	1	0
0	20	0.05	509	500	0	500	0	0	1	0
0	20	0.05	510	500	0	500	0	0	1	0
0	20	0.05	511	500	0	500	0	0	1	0
0	20	0.05	512	500	0	500	0	0	1	0
0	20	0.05	513	500	0	500	0	0	1	0
0	20	0.05	514	500	0	500	0	0	1	0
0	20	0.05	515	500	0	500	0	0	1	0
0	20	0.05	516	500	0	500	0	0	1	0
0	20	0.05	517	500	0	500	0	0	1	0
0	20	0.05	518	500	0	500	0	0	1	0
0	20	0.05	519	500	0	500	0	0	1	0
0	20	0.05	520	500	0	500	0	0	1	0
0	20	0.05	521	500	0	500	0	0	1	0
0	20	0.05	522	500	0	500	0	0	1	0
0	20	0.05	523	500	0	500	0	0	1	0
0	20	0.05	524	500	0	500	0	0	1	0
0	20	0.05	525	500	0	500	0	0	1	0
0	20	0.05	526	500	0	500	0	0	1	0
0	20	0.05	527	500	0	500	0	0	1	0
0	20	0.05	528	500	0	500	0	0	1	0
0	20	0.05	529	500	0	500	0	0	1	0
0	20	0.05	530	500	0	500	0	0	1	0
0	20	0.05	531	500	0	500	0	0	1	0
0	20	0.05	532	500	0	500	0	0	1	0
0	20	0.05	533	500	0	500	0	0	1	0
0	20	0.05	534	500	0	500	0	0	1	0
0	20	0.05	535	500	0	500	0	0	1	0
0	20	0.05	536	500	0	500	0	0	1	0
0	20	0.05	537	500	0	500	0	0	1	0
0	20	0.05	538	500	0	500	0	0	1	0
0	20	0.05	539	500	0	500	0	0	1	0
0	20	0.05	540	500	0	500	0	0	1	0
0	20	0.05	541	500	0	500	0	0	1	0
0	20	0.05	542	500	0	500	0	0	1	0
0	20	0.05	543	500	0	500	0	0	1	0
0	20	0.05	544	500	0	500	0	0	1	0
0	20	0.05	545	500	0	500	0	0	1	0
0	20	0.05	546	500	0	500	0	0	1	0
0	20	0.05	547	500	0	500	0	0	1	0
0	20	0.05	548	500	0	500	0	0	1	0
0	20	0.05	549	500	0	500	0	0	1	0
0	20	0.05	550	500	0	500	0	0	1	0
0	20	0.05	551	500	0	500	0	0	1	0
0	20	0.05	552	500	0	500	0	0	1	0
0	20	0.05	553	500	0	500	0	0	1	0
0	20	0.05	554	500	0	500	0	0	1	0
0	20	0.05	555	500	0	500	0	0	1	0
0	20	0.05	556	500	0	500	0	0	1	0
0	20	0.05	557	500	0	500	0	0	1	0
0	20	0.05	558	500	0	500	0	0	1	0
0	20	0.05	559	500	0	500	0	0	1	0
0	20	0.05	560	500	0	500	0	0	1	0
0	20	0.05	561	500	0	500	0	0	1	0
0	20	0.05	562	500	0	500	0	0	1	0
0	20	0.05	563	500	0	500	0	0	1	0
0	20	0.05	564	500	0	500	0	0	1	0
0	20	0.05	565	500	0	500	0	0	1	0
0	20	0.05	566	500	0	500	0	0	1	0
0	20	0.05	567	500	0	500	0	0	1	0
0	20	0.05	568	500	0	500	0	0	1	0
0	20	0.05	569	500	0	500	0	0	1	0
0	20	0.05	570	500	0	500	0	0	1	0
0	20	0.05	571	500	0	500	0	0	1	0
0	20	0.05	572	500	0	500	0	0	1	0
0	20	0.05	573	500	0	500	0	0	1	0
0	20	0.05	574	500	0	500	0	0	1	0
0	20	0.05	575	500	0	500	0	0	1	0
0	20	0.05	576	500	0	500	0	0	1	0
0	20	0.05	577	500	0	500	0	0	1	0
0	20	0.05	578	500	0	500	0	0	1	0
0	20	0.05	579	500	0	500	0	0	1	0
0	20	0.05	580	500	0	500	0	0	1	0
0	20	0.05	581	500	0	500	0	0	1	0
0	20	0.05	582	500	0	500	0	0	1	0
0	20	0.05	583	500	0	500	0	0	1	0
0	20	0.05	584	500	0	500	0	0	1	0
0	20	0.05	585	500	0	500	0	0	1	0
0	20	0.05	586	500	0	500	0	0	1	0
0	20	0.05	587	500	0	500	0	0	1	0
0	20	0.05	588	500	0	500	0	0	1	0
0	20	0.05	589	500	0	500	0	0	1	0
0	20	0.05	590	500	0	500	0	0	1	0
0	20	0.05	591	500	0	500	0	0	1	0
0	20	0.05	592	500	0	500	0	0	1	0
0	20	0.05	593	500	0	500	0	0	1	0
0	20	0.05	594	500	0	500	0	0	1	0
0	20	0.05	595	500	0	500	0	0	1	0
0	20	0.05	596	500	0	500	0	0	1	0
0	20	0.05	597	500	0	500	0	0	1	0
0	20	0.05	598	500	0	500	0	0	1	0
0	20	0.05	599	500	0	500	0	0	1	0
0	20	0.05	600	500	0	500	0	0	1	0
0	20	0.05	601	500	0	500	0	0	1	0
0	20	0.05	602	500	0	500	0	0	1	0
0	20	0.05	603	500	0	500	0	0	1	0
0	20	0.05	604	500	0	500	0	0	1	0
0	20	0.05	605	500	0	500	0	0	1	0
0	20	0.05	606	500	0	500	0	0	1	0
0	20	0.05	607	500	0	500	0	0	1	0
0	20	0.05	608	500	0	500	0	0	1	0
0	20	0.05	609	500	0	500	0	0	1	0
0	20	0.05	610	500	0	500	0	0	1	0
0	20	0.05	611	500	0	500	0	0	1	0
0	20	0.05	612	500	0	500	0	0	1	0
0	20	0.05	613	500	0	500	0	0	1	0
0	20	0.05	614	500	0	500	0	0	1	0
0	20	0.05	615	500	0	500	0	0	1	0
0	20	0.05	616	500	0	500	0	0	1	0
0	20	0.05	617	500	0	500	0	0	1	0
0	20	0.05	618	500	0	500	0	0	1	0
0	20	0.05	619	500	0	500	0	0	1	0
0	20	0.05	620	500	0	500	0	0	1	0
0	20	0.05	621	500	0	500	0	0	1	0
0	20	0.05	622	500	0	500	0	0	1	0
0	20	0.05	623	500	0	500	0	0	1	0
0	20	0.05	624	500	0	500	0	0	1	0
0	20	0.05	625	500	0	500	0	0	1	0
0	20	0.05	626	500	0	500	0	0	1	0
0	20	0.05	627	500	0	500	0	0	1	0
0	20	0.05	628	500	0	500	0	0	1	0
0	20	0.05	629	500	0	500	0	0	1	0
0	20	0.05	630	500	0	500	0	0	1	0
0	20	0.05	631	500	0	500	0	0	1	0
0	20	0.05	632	500	0	500	0	0	1	0
0	20	0.05	633	500	0	500	0	0	1	0
0	20	0.05	634	500	0	500	0	0	1	0
0	20	0.05	635	500	0	500	0	0	1	0
0	20	0.05	636	500	0	500	0	0	1	0
0	20	0.05	637	500	0	500	0	0	1	0
0	20	0.05	638	500	0	500	0	0	1	0
0	20	0.05	639	500	0	500	0	0	1	0
0	20	0.05	640	500	0	500	0	0	1	0
0	20	0.05	641	500	0	500	0	0	1	0
0	20	0.05	642	500	0	500	0	0	1	0
0	20	0.05	643	500	0	500	0	0	1	0
0	20	0.05	644	500	0	500	0	0	1	0
0	20	0.05	645	500	0	500	0	0	1	0
0	20	0.05	646	500	0	500	0	0	1	0
0	20	0.05	647	500	0	500	0	0	1	0
0	20	0.05	648	500	0	500	0	0	1	0
0	20	0.05	649	500	0	500	0	0	1	0
0	20	0.05	650	500	0	500	0	0	1	0
0	20	0.05	651	500	0	500	0	0	1	0
0	20	0.05	652	500	0	500	0	0	1	0
0	20	0.05	653	500	0	500	0	0	1	0
0	20	0.05	654	500	0	500	0	0	1	0
0	20	0.05	655	500	0	500	0	0	1	0
0	20	0.05	656	500	0	500	0	0	1	0
0	20	0.05	657	500	0	500	0	0	1	0
0	20	0.05	658	500	0	500	0	0	1	0
0	20	0.05	659	500	0	500	0	0	1	0
0	20	0.05	660	500	0	500	0	0	1	0
0	20	0.05	661	500	0	500	0	0	1	0
0	20	0.05	662	500	0	500	0	0	1	0
0	20	0.05	663	500	0	500	0	0	1	0
0	20	0.05	664	500	0	500	0	0	1	0
0	20	0.05	665	500	0	500	0	0	1	0
0	20	0.05	666	500	0	500	0	0	1	0
0	20	0.05	667	500	0	500	0	0	1	0
0	20	0.05	668	500	0	500	0	0	1	0
0	20	0.05	669	500	0	500	0	0	1	0
0	20	0.05	670	500	0	500	0	0	1	0
0	20	0.05	671	500	0	500	0	0	1	0
0	20	0.05	672	500	0	500	0	0	1	0
0	20	0.05	673	500	0	500	0	0	1	0
0	20	0.05	674	500	0	500	0	0	1	0
0	20	0.05	675	500	0	500	0	0	1	0
0	20	0.05	676	500	0	500	0	0	1	0
0	20	0.05	677	500	0	500	0	0	1	0
0	20	0.05	678	500	0	500	0	0	1	0
0	20	0.05	679	500	0	500	0	0	1	0
0	20	0.05	680	500	0	500	0	0	1	0
0	20	0.05	681	500	0	500	0	0	1	0
0	20	0.05	682	500	0	500	0	0	1	0
0	20	0.05	683	500	0	500	0	0	1	0
0	20	0.05	684	500	0	500	0	0	1	0
0	20	0.05	685	500	0	500	0	0	1	0
0	20	0.05	686	500	0	500	0	0	1	0
0	20	0.05	687	500	0	500	0	0	1	0
0	20	0.05	688	500	0	500	0	0	1	0
0	20	0.05	689	500	0	500	0	0	1	0
0	20	0.05	690	500	0	500	0	0	1	0
0	20	0.05	691	500	0	500	0	0	1	0
0	20	0.05	692	500	0	500	0	0	1	0
0	20	0.05	693	500	0	500	0	0	1	0
0	20	0.05	694	500	0	500	0	0	1	0
0	20	0.05	695	500	0	500	0	0	1	0
0	20	0.05	696	500	0	500	0	0	1	0
0	20	0.05	697	500	0	500	0	0	1	0
0	20	0.05	698	500	0	500	0	0	1	0
0	20	0.05	699	500	0	500	0	0	1	0
0	20	0.05	700	500	0	500	0	0	1	0
0	20	0.05	701	500	0	500	0	0	1	0
0	20	0.05	702	500	0	500	0	0	1	0
0	20	0.05	703	500	0	500	0	0	1	0
0	20	0.05	704	500	0	500	0	0	1	0
0	20	0.05	705	500	0	500	0	0	1	0
0	20	0.05	706	500	0	500	0	0	1	0
0	20	0.05	707	500	0	500	0	0	1	0
0	20	0.05	708	500	0	500	0	0	1	0
0	20	0.05	709	500	0	500	0	0	1	0
0	20	0.05	710	500	0	500	0	0	1	0
0	20	0.05	711	500	0	500	0	0	1	0
0	20	0.05	712	500	0	500	0	0	1	0
0	20	0.05	713	500	0	500	0	0	1	0
0	20	0.05	714	500	0	500	0	0	1	0
0	20	0.05	715	500	0	500	0	0	1	0
0	20	0.05	716	500	0	500	0	0	1	0
0	20	0.05	717	500	0	500	0	0	1	0
0	20	0.05	718	500	0	500	0	0	1	0
0	20	0.05	719	500	0	500	0	0	1	0
0	20	0.05	720	500	0	500	0	0	1	0
0	20	0.05	721	500	0	500	0	0	1	0
0	20	0.05	722	500	0	500	0	0	1	0
0	20	0.05	723	500	0	500	0	0	1	0
0	20	0.05	724	500	0	500	0	0	1	0
0	20	0.05	725	500	0	500	0	0	1	0
0	20	0.05	726	500	0	500	0	0	1	0
0	20	0.05	727	500	0	500	0	0	1	0
0	20	0.05	728	500	0	500	0	0	1	0
0	20	0.05	729	500	0	500	0	0	1	0
0	20	0.05	730	500	0	500	0	0	1	0
0	20	0.05	731	500	0	500	0	0	1	0
0	20	0.05	732	500	0	500	0	0	1	0
0	20	0.05	733	500	0	500	0	0	1	0
0	20	0.05	734	500	0	500	0	0	1	0
0	20	0.05	735	500	0	500	0	0	1	0
0	20	0.05	736	500	0	500	0	0	1	0
0	20	0.05	737	500	0	500	0	0	1	0
0	20	0.05	738	500	0	500	0	0	1	0
0	20	0.05	739	500	0	500	0	0	1	0
0	20	0.05	740	500	0	500	0	0	1	0
0	20	0.05	741	500	0	500	0	0	1	0
0	20	0.05	742	500	0	500	0	0	1	0
0	20	0.05	743	500	0	500	0	0	1	0
0	20	0.05	744	500	0	500	0	0	1	0
0	20	0.05	745	500	0	500	0	0	1	0
0	20	0.05	746	500	0	500	0	0	1	0
0	20	0.05	747	500	0	500	0	0	1	0
0	20	0.05	748	500	0	500	0	0	1	0
0	20	0.05	749	500	0	500	0	0	1	0
0	20	0.05	750	500	0	500	0	0	1	0
0	20	0.05	751	500	0	500	0	0	1	0
0	20	0.05	752	500	0	500	0	0	1	0
0	20	0.05	753	500	0	500	0	0	1	0
0	20	0.05	754	500	0	500	0	0	1	0
0	20	0.05	755	500	0	500	0	0	1	0
0	20	0.05	756	500	0	500	0	0	1	0
0	20	0.05	757	500	0	500	0	0	1	0
0	20	0.05	758	500	0	500	0	0	1	0
0	20	0.05	759	500	0	500	0	0	1	0
0	20	0.05	760	500	0	500	0	0	1	0
0	20	0.05	761	500	0	500	0	0	1	0
0	20	0.05	762	500	0	500	0	0	1	0
0	20	0.05	763	500	0	500	0	0	1	0
0	20	0.05	764	500	0	500	0	0	1	0
0	20	0.05	765	500	0	500	0	0	1	0
0	20	0.05	766	500	0	500	0	0	1	0
0	20	0.05	767	500	0	500	0	0	1	0
0	20	0.05	768	500	0	500	0	0	1	0
0	20	0.05	769	500	0	500	0	0	1	0
0	20	0.05	770	500	0	500	0	0	1	0
0	20	0.05	771	500	0	500	0	0	1	0
0	20	0.05	772	500	0	500	0	0	1	0
0	20	0.05	773	500	0	500	0	0	1	0
0	20	0.05	774	500	0	500	0	0	1	0
0	20	0.05	775	500	0	500	0	0	1	0
0	20	0.05	776	500	0	500	0	0	1	0
0	20	0.05	777	500	0	500	0	0	1	0
0	20	0.05	778	500	0	500	0	0	1	0
0	20	0.05	779	500	0	500	0	0	1	0
0	20	0.05	780	500	0	500	0	0	1	0
0	20	0.05	781	500	0	500	0	0	1	0
0	20	0.05	782	500	0	500	0	0	1	0
0	20	0.05	783	500	0	500	0	0	1	0
0	20	0.05	784	500	0	500	0	0	1	0
0	20	0.05	785	500	0	500	0	0	1	0
0	20	0.05	786	500	0	500	0	0	1	0
0	20	0.05	787	500	0	500	0	0	1	0
0	20	0.05	788	500	0	500	0	0	1	0
0	20	0.05	789	500	0	500	0	0	1	0
0	20	0.05	790	500	0	500	0	0	1	0
0	20	0.05	791	500	0	500	0	0	1	0
0	20	0.05	792	500	0	500	0	0	1	0
0	20	0.05	793	500	0	500	0	0	1	0
0	20	0.05	794	500	0	500	0	0	1	0
0	20	0.05	795	500	0	500	0	0	1	0
0	20	0.05	796	500	0	500	0	0	1	0
0	20	0.05	797	500	0	500	0	0	1	0
0	20	0.05	798	500	0	500	0	0	1	0
0	20	0.05	799	500	0	500	0	0	1	0
0	20	0.05	800	500	0	500	0	0	1	0
0	20	0.05	801	500	0	500	0	0	1	0
0	20	0.05	802	500	0	500	0	0	1	0
0	20	0.05	803	500	0	500	0	0	1	0
0	20	0.05	804	500	0	500	0	0	1	0
0	20	0.05	805	500	0	500	0	0	1	0
0	20	0.05	806	500	0	500	0	0	1	0
0	20	0.05	807	500	0	500	0	0	1	0
0	20	0.05	808	500	0	500	0	0	1	0
0	20	0.05	809	500	0	500	0	0	1	0
0	20	0.05	810	500	0	500	0	0	1	0
0	20	0.05	811	500	0	500	0	0	1	0
0	20	0.05	812	500	0	500	0	0	1	0
0	20	0.05	813	500	0	500	0	0	1	0
0	20	0.05	814	500	0	500	0	0	1	0
0	20	0.05	815	500	0	500	0	0	1	0
0	20	0.05	816	500	0	500	0	0	1	0
0	20	0.05	817	500	0	500	0	0	1	0
0	20	0.05	818	500	0	500	0	0	1	0
0	20	0.05	819	500	0	500	0	0	1	0
0	20	0.05	820	500	0	500	0	0	1	0
0	20	0.05	821	500	0	500	0	0	1	0
0	20	0.05	822	500	0	500	0	0	1	0
0	20	0.05	823	500	0	500	0	0	1	0
0	20	0.05	824	500	0	500	0	0	1	0
0	20	0.05	825	500	0	500	0	0	1	0
0	20	0.05	826	500	0	500	0	0	1	0
0	20	0.05	827	500	0	500	0	0	1	0
0	20	0.05	828	500	0	500	0	0	1	0
0	20	0.05	829	500	0	500	0	0	1	0
0	20	0.05	830	500	0	500	0	0	1	0
0	20	0.05	831	500	0	500	0	0	1	0
0	20	0.05	832	500	0	500	0	0	1	0
0	20	0.05	833	500	0	500	0	0	1	0
0	20	0.05	834	500	0	500	0	0	1	0
0	20	0.05	835	500	0	500	0	0	1	0
0	20	0.05	836	500	0	500	0	0	1	0
0	20	0.05	837	500	0	500	0	0	1	0
0	20	0.05	838	500	0	500	0	0	1	0
0	20	0.05	839	500	0	500	0	0	1	0
0	20	0.05	840	500	0	500	0	0	1	0
0	20	0.05	841	500	0	500	0	0	1	0
0	20	0.05	842	500	0	500	0	0	1	0
0	20	0.05	843	500	0	500	0	0	1	0
0	20	0.05	844	500	0	500	0	0	1	0
0	20	0.05	845	500	0	500	0	0	1	0
0	20	0.05	846	500	0	500	0	0	1	0
0	20	0.05	847	500	0	500	0	0	1	0
0	20	0.05	848	500	0	500	0	0	1	0
0	20	0.05	849	500	0	500	0	0	1	0
0	20	0.05	850	500	0	500	0	0	1	0
0	20	0.05	851	500	0	500	0	0	1	0
0	20	0.05	852	500	0	500	0	0	1	0
0	20	0.05	853	500	0	500	0	0	1	0
0	20	0.05	854	500	0	500	0	0	1	0
0	20	0.05	855	500	0	500	0	0	1	0
0	20	0.05	856	500	0	500	0	0	1	0
0	20	0.05	857	500	0	500	0	0	1	0
0	20	0.05	858	500	0	500	0	0	1	0
0	20	0.05	859	500	0	500	0	0	1	0
0	20	0.05	860	500	0	500	0	0	1	0
0	20	0.05	861	500	0	500	0	0	1	0
0	20	0.05	862	500	0	500	0	0	1	0
0	20	0.05	863	500	0	500	0	0	1	0
0	20	0.05	864	500	0	500	0	0	1	0
0	20	0.05	865	500	0	500	0	0	1	0
0	20	0.05	866	500	0	500	0	0	1	0
0	20	0.05	867	500	0	500	0	0	1	0
0	20	0.05	868	500	0	500	0	0	1	0
0	20	0.05	869	500	0	500	0	0	1	0
0	20	0.05	870	500	0	500	0	0	1	0
0	20	0.05	871	500	0	500	0	0	1	0
0	20	0.05	872	500	0	500	0	0	1	0
0	20	0.05	873	500	0	500	0	0	1	0
0	20	0.05	874	500	0	500	0	0	1	0
0	20	0.05	875	500	0	500	0	0	1	0
0	20	0.05	876	500	0	500	0	0	1	0
0	20	0.05	877	500	0	500	0	0	1	0
0	20	0.05	878	500	0	500	0	0	1	0
0	20	0.05	879	500	0	500	0	0	1	0
0	20	0.05	880	500	0	500	0	0	1	0
0	20	0.05	881	500	0	500	0	0	1	0
0	20	0.05	882	500	0	500	0	0	1	0
0	20	0.05	883	500	0	500	0	0	1	0
0	20	0.05	884	500	0	500	0	0	1	0
0	20	0.05	885	500	0	500	0	0	1	0
0	20	0.05	886	500	0	500	0	0	1	0
0	20	0.05	887	500	0	500	0	0	1	0
0	20	0.05	888	500	0	500	0	0	1	0
0	20	0.05	889	500	0	500	0	0	1	0
0	20	0.05	890	500	0	500	0	0	1	0
0	20	0.05	891	500	0	500	0	0	1	0
0	20	0.05	892	500	0	500	0	0	1	0
0	20	0.05	893	500	0	500	0	0	1	0
0	20	0.05	894	500	0	500	0	0	1	0
0	20	0.05	895	500	0	500	0	0	1	0
0	20	0.05	896	500	0	500	0	0	1	0
0	20	0.05	897	500	0	500	0	0	1	0
0	20	0.05	898	500	0	500	0	0	1	0
0	20	0.05	899	500	0	500	0	0	1	0
0	20	0.05	900	500	0	500	0	0	1	0
0	20	0.05	901	500	0	500	0	0	1	0
0	20	0.05	902	500	0	500	0	0	1	0
0	20	0.05	903	500	0	500	0	0	1	0
0	20	0.05	904	500	0	500	0	0	1	0
0	20	0.05	905	500	0	500	0	0	1	0
0	20	0.05	906	500	0	500	0	0	1	0
0	20	0.05	907	500	0	500	0	0	1	0
0	20	0.05	908	500	0	500	0	0	1	0
0	20	0.05	909	500	0	500	0	0	1	0
0	20	0.05	910	500	0	500	0	0	1	0
0	20	0.05	911	500	0	500	0	0	1	0
0	20	0.05	912	500	0	500	0	0	1	0
0	20	0.05	913	500	0	500	0	0	1	0
0	20	0.05	914	500	0	500	0	0	1	0
0	20	0.05	915	500	0	500	0	0	1	0
0	20	0.05	916	500	0	500	0	0	1	0
0	20	0.05	917	500	0	500	0	0	1	0
0	20	0.05	918	500	0	500	0	0	1	0
0	20	0.05	919	500	0	500	0	0	1	0
0	20	0.05	920	500	0	500	0	0	1	0
0	20	0.05	921	500	0	500	0	0	1	0
0	20	0.05	922	500	0	500	0	0	1	0
0	20	0.05	923	500	0	500	0	0	1	0
0	20	0.05	924	500	0	500	0	0	1	0
0	20	0.05	925	500	0	500	0	0	1	0
0	20	0.05	926	500	0	500	0	0	1	0
0	20	0.05	927	500	0	500	0	0	1	0
0	20	0.05	928	500	0	500	0	0	1	0
0	20	0.05	929	500	0	500	0	0	1	0
0	20	0.05	930	500	0	500	0	0	1	0
0	20	0.05	931	500	0	500	0	0	1	0
0	20	0.05	932	500	0	500	0	0	1	0
0	20	0.05	933	500	0	500	0	0	1	0
0	20	0.05	934	500	0	500	0	0	1	0
0	20	0.05	935	500	0	500	0	0	1	0
0	20	0.05	936	500	0	500	0	0	1	0
0	20	0.05	937	500	0	500	0	0	1	0
0	20	0.05	938	500	0	500	0	0	1	0
0	20	0.05	939	500	0	500	0	0	1	0
0	20	0.05	940	500	0	500	0	0	1	0
0	20	0.05	941	500	0	500	0	0	1	0
0	20	0.05	942	500	0	500	0	0	1	0
0	20	0.05	943	500	0	500	0	0	1	0
0	20	0.05	944	500	0	500	0	0	1	0
0	20	0.05	945	500	0	500	0	0	1	0
0	20	0.05	946	500	0	500	0	0	1	0
0	20	0.05	947	500	0	500	0	0	1	0
0	20	0.05	948	500	0	500	0	0	1	0
0	20	0.05	949	500	0	500	0	0	1	0
0	20	0.05	950	500	0	500	0	0	1	0
0	20	0.05	951	500	0	500	0	0	1	0
0	20	0.05	952	500	0	500	0	0	1	0
0	20	0.05	953	500	0	500	0	0	1	0
0	20	0.05	954	500	0	500	0	0	1	0
0	20	0.05	955	500	0	500	0	0	1	0
0	20	0.05	956	500	0	500	0	0	1	0
0	20	0.05	957	500	0	500	0	0	1	0
0	20	0.05	958	500	0	500	0	0	1	0
0	20	0.05	959	500	0	500	0	0	1	0
0	20	0.05	960	500	0	500	0	0	1	0
0	20	0.05	961	500	0	500	0	0	1	0
0	20	0.05	962	500	0	500	0	0	1	0
0	20	0.05	963	500	0	500	0	0	1	0
0	20	0.05	964	500	0	500	0	0	1	0
0	20	0.05	965	500	0	500	0	0	1	0
0	20	0.05	966	500	0	500	0	0	1	0
0	20	0.05	967	500	0	500	0	0	1	0
0	20	0.05	968	500	0	500	0	0	1	0
0	20	0.05	969	500	0	500	0	0	1	0
0	20	0.05	970	500	0	500	0	0	1	0
0	20	0.05	971	500	0	500	0	0	1	0
0	20	0.05	972	500	0	500	0	0	1	0
0	20	0.05	973	500	0	500	0	0	1	0
0	20	0.05	974	500	0	500	0	0	1	0
0	20	0.05	975	500	0	500	0	0	1	0
0	20	0.05	976	500	0	500	0	0	1	0
0	20	0.05	977	500	0	500	0	0	1	0
0	20	0.05	978	500	0	500	0	0	1	0
0	20	0.05	979	500	0	500	0	0	1	0
0	20	0.05	980	500	0	500	0	0	1	0
0	20	0.05	981	500	0	500	0	0	1	0
0	20	0.05	982	500	0	500	0	0	1	0
0	20	0.05	983	500	0	500	0	0	1	0
0	20	0.05	984	500	0	500	0	0	1	0
0	20	0.05	985	500	0	500	0	0	1	0
0	20	0.05	986	500	0	500	0	0	1	0
0	20	0.05	987	500	0	500	0	0	1	0
0	20	0.05	988	500	0	500	0	0	1	0
0	20	0.05	989	500	0	500	0	0	1	0
0	20	0.05	990	500	0	500	0	0	1	0
0	20	0.05	991	500	0	500	0	0	1	0
0	20	0.05	992	500	0	500	0	0	1	0
0	20	0.05	993	500	0	500	0	0	1	0
0	20	0.05	994	500	0	500	0	0	1	0
0	20	0.05	995	500	0	500	0	0	1	0
0	20	0.05	996	500	0	500	0	0	1	0
0	20	0.05	997	500	0	500	0	0	1	0
0	20	0.05	998	500	0	500	0	0	1	0
0	20	0.05	999	500	0	500	0	0	1	0
0	20	0.05	1000	500	0	500	0	0	1	0
0.1	20	0.05	2	500	0	0	500	0	0	1
0.1	20	0.05	3	500	0	0	500	0	0	1
0.1	20	0.05	4	500	0	0	500	0	0	1
0.1	20	0.05	5	500	0	0	500	0	0	1
0.1	20	0.05	6	500	0	0	500	0	0	1
0.1	20	0.05	7	500	0	0	500	0	0	1
0.1	20	0.05	8	500	0	2	498	0	0.004	0.996
0.1	20	0.05	9	500	0	9	491	0	0.018	0.982
0.1	20	0.05	10	500	0	12	488	0	0.024	0.976
0.1	20	0.05	11	500	2	17	481	0.004	0.034	0.962
0.1	20	0.05	12	500	3	29	468	0.006	0.058	0.936
0.1	20	0.05	13	500	3	36	461	0.006	0.072	0.922
0.1	20	0.05	14	500	2	39	459	0.004	0.078	0.918
0.1	20	0.05	15	500	3	48	449	0.006	0.096	0.898
0.1	20	0.05	16	500	5	51	444	0.01	0.102	0.888
0.1	20	0.05	17	500	2	70	428	0.004	0.14	0.856
0.1	20	0.05	18	500	6	77	417	0.012	0.154	0.834
0.1	20	0.05	19	500	8	82	410	0.016	0.164	0.82
0.1	20	0.05	20	500	6	86	408	0.012	0.172	0.816
0.1	20	0.05	21	500	8	92	400	0.016	0.184	0.8
0.1	20	0.05	22	500	5	104	391	0.01	0.208	0.782
0.1	20	0.05	23	500	6	125	369	0.012	0.25	0.738
0.1	20	0.05	24	500	12	109	379	0.024	0.218	0.758
0.1	20	0.05	25	500	7	134	359	0.014	0.268	0.718
0.1	20	0.05	26	500	9	146	345	0.018	0.292	0.69
0.1	20	0.05	27	500	6	149	345	0.012	0.298	0.69
0.1	20	0.05	28	500	6	147	347	0.012	0.294	0.694
0.1	20	0.05	29	500	6	129	365	0.012	0.258	0.73
0.1	20	0.05	30	500	17	164	319	0.034	0.328	0.638
0.1	20	0.05	31	500	8	148	344	0.016	0.296	0.688
0.1	20	0.05	32	500	10	178	312	0.02	0.356	0.624
0.1	20	0.05	33	500	11	170	319	0.022	0.34	0.638
0.1	20	0.05	34	500	11	188	301	0.022	0.376	0.602
0.1	20	0.05	35	500	9	177	314	0.018	0.354	0.628
0.1	20	0.05	36	500	12	180	308	0.024	0.36	0.616
0.1	20	0.05	37	500	12	199	289	0.024	0.398	0.578
0.1	20	0.05	38	500	8	162	330	0.016	0.324	0.66
0.1	20	0.05	39	500	7	211	282	0.014	0.422	0.564
0.1	20	0.05	40	500	9	217	274	0.018	0.434	0.548
0.1	20	0.05	41	500	18	218	264	0.036	0.436	0.528
0.1	20	0.05	42	500	17	211	272	0.034	0.422	0.544
0.1	20	0.05	43	500	10	210	280	0.02	0.42	0.56
0.1	20	0.05	44	500	11	224	265	0.022	0.448	0.53
0.1	20	0.05	45	500	10	256	234	0.02	0.512	0.468
0.1	20	0.05	46	500	13	231	256	0.026	0.462	0.512
0.1	20	0.05	47	500	15	215	270	0.03	0.43	0.54
0.1	20	0.05	48	500	10	251	239	0.02	0.502	0.478
0.1	20	0.05	49	500	10	241	249	0.02	0.482	0.498
0.1	20	0.05	50	500	14	225	261	0.028	0.45	0.522
0.1	20	0.05	51	500	15	252	233	0.03	0.504	0.466
0.1	20	0.05	52	500	14	247	239	0.028	0.494	0.478
0.1	20	0.05	53	500	18	259	223	0.036	0.518	0.446
0.1	20	0.05	54	500	10	244	246	0.02	0.488	0.492
0.1	20	0.05	55	500	7	252	241	0.014	0.504	0.482
0.1	20	0.05	56	500	13	292	195	0.026	0.584	0.39
0.1	20	0.05	57	500	10	281	209	0.02	0.562	0.418
0.1	20	0.05	58	500	10	288	202	0.02	0.576	0.404
0.1	20	0.05	59	500	8	276	216	0.016	0.552	0.432
0.1	20	0.05	60	500	8	284	208	0.016	0.568	0.416
0.1	20	0.05	61	500	13	293	194	0.026	0.586	0.388
0.1	20	0.05	62	500	9	288	203	0.018	0.576	0.406
0.1	20	0.05	63	500	12	284	204	0.024	0.568	0.408
0.1	20	0.05	64	500	14	292	194	0.028	0.584	0.388
0.1	20	0.05	65	500	18	289	193	0.036	0.578	0.386
0.1	20	0.05	66	500	12	294	194	0.024	0.588	0.388
0.1	20	0.05	67	500	9	310	181	0.018	0.62	0.362
0.1	20	0.05	68	500	8	319	173	0.016	0.638	0.346
0.1	20	0.05	69	500	16	310	174	0.032	0.62	0.348
0.1	20	0.05	70	500	6	320	174	0.012	0.64	0.348
0.1	20	0.05	71	500	10	326	164	0.02	0.652	0.328
0.1	20	0.05	72	500	15	332	153	0.03	0.664	0.306
0.1	20	0.05	73	500	9	307	184	0.018	0.614	0.368
0.1	20	0.05	74	500	12	320	168	0.024	0.64	0.336
0.1	20	0.05	75	500	7	338	155	0.014	0.676	0.31
0.1	20	0.05	76	500	11	319	170	0.022	0.638	0.34
0.1	20	0.05	77	500	6	352	142	0.012	0.704	0.284
0.1	20	0.05	78	500	6	339	155	0.012	0.678	0.31
0.1	20	0.05	79	500	7	336	157	0.014	0.672	0.314
0.1	20	0.05	80	500	10	344	146	0.02	0.688	0.292
0.1	20	0.05	81	500	11	352	137	0.022	0.704	0.274
0.1	20	0.05	82	500	6	321	173	0.012	0.642	0.346
0.1	20	0.05	83	500	16	349	135	0.032	0.698	0.27
0.1	20	0.05	84	500	9	350	141	0.018	0.7	0.282
0.1	20	0.05	85	500	8	357	135	0.016	0.714	0.27
0.1	20	0.05	86	500	8	339	153	0.016	0.678	0.306
0.1	20	0.05	87	500	8	343	149	0.016	0.686	0.298
0.1	20	0.05	88	500	11	347	142	0.022	0.694	0.284
0.1	20	0.05	89	500	8	371	121	0.016	0.742	0.242
0.1	20	0.05	90	500	9	374	117	0.018	0.748	0.234
0.1	20	0.05	91	500	14	359	127	0.028	0.718	0.254
0.1	20	0.05	92	500	6	358	136	0.012	0.716	0.272
0.1	20	0.05	93	500	6	367	127	0.012	0.734	0.254
0.1	20	0.05	94	500	6	370	124	0.012	0.74	0.248
0.1	20	0.05	95	500	12	376	112	0.024	0.752	0.224
0.1	20	0.05	96	500	13	372	115	0.026	0.744	0.23
0.1	20	0.05	97	500	11	362	127	0.022	0.724	0.254
0.1	20	0.05	98	500	7	372	121	0.014	0.744	0.242
0.1	20	0.05	99	500	10	390	100	0.02	0.78	0.2
0.1	20	0.05	100	500	6	375	119	0.012	0.75	0.238
0.1	20	0.05	101	500	10	366	124	0.02	0.732	0.248
0.1	20	0.05	102	500	8	397	95	0.016	0.794	0.19
0.1	20	0.05	103	500	8	383	109	0.016	0.766	0.218
0.1	20	0.05	104	500	8	372	120	0.016	0.744	0.24
0.1	20	0.05	105	500	5	396	99	0.01	0.792	0.198
0.1	20	0.05	106	500	11	379	110	0.022	0.758	0.22
0.1	20	0.05	107	500	4	378	118	0.008	0.756	0.236
0.1	20	0.05	108	500	6	400	94	0.012	0.8	0.188
0.1	20	0.05	109	500	12	390	98	0.024	0.78	0.196
0.1	20	0.05	110	500	12	380	108	0.024	0.76	0.216
0.1	20	0.05	111	500	8	402	90	0.016	0.804	0.18
0.1	20	0.05	112	500	11	396	93	0.022	0.792	0.186
0.1	20	0.05	113	500	13	388	99	0.026	0.776	0.198
0.1	20	0.05	114	500	5	398	97	0.01	0.796	0.194
0.1	20	0.05	115	500	10	397	93	0.02	0.794	0.186
0.1	20	0.05	116	500	8	421	71	0.016	0.842	0.142
0.1	20	0.05	117	500	10	417	73	0.02	0.834	0.146
0.1	20	0.05	118	500	9	394	97	0.018	0.788	0.194
0.1	20	0.05	119	500	11	400	89	0.022	0.8	0.178
0.1	20	0.05	120	500	11	397	92	0.022	0.794	0.184
0.1	20	0.05	121	500	6	400	94	0.012	0.8	0.188
0.1	20	0.05	122	500	9	400	91	0.018	0.8	0.182
0.1	20	0.05	123	500	6	412	82	0.012	0.824	0.164
0.1	20	0.05	124	500	7	411	82	0.014	0.822	0.164
0.1	20	0.05	125	500	4	421	75	0.008	0.842	0.15
0.1	20	0.05	126	500	6	407	87	0.012	0.814	0.174
0.1	20	0.05	127	500	6	417	77	0.012	0.834	0.154
0.1	20	0.05	128	500	5	414	81	0.01	0.828	0.162
0.1	20	0.05	129	500	8	414	78	0.016	0.828	0.156
0.1	20	0.05	130	500	10	403	87	0.02	0.806	0.174
0.1	20	0.05	131	500	5	411	84	0.01	0.822	0.168
0.1	20	0.05	132	500	10	418	72	0.02	0.836	0.144
0.1	20	0.05	133	500	6	406	88	0.012	0.812	0.176
0.1	20	0.05	134	500	6	412	82	0.012	0.824	0.164
0.1	20	0.05	135	500	3	422	75	0.006	0.844	0.15
0.1	20	0.05	136	500	8	406	86	0.016	0.812	0.172
0.1	20	0.05	137	500	4	423	73	0.008	0.846	0.146
0.1	20	0.05	138	500	3	425	72	0.006	0.85	0.144
0.1	20	0.05	139	500	5	418	77	0.01	0.836	0.154
0.1	20	0.05	140	500	3	435	62	0.006	0.87	0.124
0.1	20	0.05	141	500	5	442	53	0.01	0.884	0.106
0.1	20	0.05	142	500	6	426	68	0.012	0.852	0.136
0.1	20	0.05	143	500	7	428	65	0.014	0.856	0.13
0.1	20	0.05	144	500	4	441	55	0.008	0.882	0.11
0.1	20	0.05	145	500	1	432	67	0.002	0.864	0.134
0.1	20	0.05	146	500	8	427	65	0.016	0.854	0.13
0.1	20	0.05	147	500	8	425	67	0.016	0.85	0.134
0.1	20	0.05	148	500	5	433	62	0.01	0.866	0.124
0.1	20	0.05	149	500	5	431	64	0.01	0.862	0.128
0.1	20	0.05	150	500	6	420	74	0.012	0.84	0.148
0.1	20	0.05	151	500	3	439	58	0.006	0.878	0.116
0.1	20	0.05	152	500	4	442	54	0.008	0.884	0.108
0.1	20	0.05	153	500	5	448	47	0.01	0.896	0.094
0.1	20	0.05	154	500	8	438	54	0.016	0.876	0.108
0.1	20	0.05	155	500	5	439	56	0.01	0.878	0.112
0.1	20	0.05	156	500	2	442	56	0.004	0.884	0.112
0.1	20	0.05	157	500	9	434	57	0.018	0.868	0.114
0.1	20	0.05	158	500	9	440	51	0.018	0.88	0.102
0.1	20	0.05	159	500	3	451	46	0.006	0.902	0.092
0.1	20	0.05	160	500	3	451	46	0.006	0.902	0.092
0.1	20	0.05	161	500	2	444	54	0.004	0.888	0.108
0.1	20	0.05	162	500	3	438	59	0.006	0.876	0.118
0.1	20	0.05	163	500	4	448	48	0.008	0.896	0.096
0.1	20	0.05	164	500	4	444	52	0.008	0.888	0.104
0.1	20	0.05	165	500	7	443	50	0.014	0.886	0.1
0.1	20	0.05	166	500	4	464	32	0.008	0.928	0.064
0.1	20	0.05	167	500	5	450	45	0.01	0.9	0.09
0.1	20	0.05	168	500	3	445	52	0.006	0.89	0.104
0.1	20	0.05	169	500	7	454	39	0.014	0.908	0.078
0.1	20	0.05	170	500	7	441	52	0.014	0.882	0.104
0.1	20	0.05	171	500	7	443	50	0.014	0.886	0.1
0.1	20	0.05	172	500	6	446	48	0.012	0.892	0.096
0.1	20	0.05	173	500	4	455	41	0.008	0.91	0.082
0.1	20	0.05	174	500	3	460	37	0.006	0.92	0.074
0.1	20	0.05	175	500	4	451	45	0.008	0.902	0.09
0.1	20	0.05	176	500	3	462	35	0.006	0.924	0.07
0.1	20	0.05	177	500	5	451	44	0.01	0.902	0.088
0.1	20	0.05	178	500	3	469	28	0.006	0.938	0.056
0.1	20	0.05	179	500	8	455	37	0.016	0.91	0.074
0.1	20	0.05	180	500	5	456	39	0.01	0.912	0.078
0.1	20	0.05	181	500	5	459	36	0.01	0.918	0.072
0.1	20	0.05	182	500	4	455	41	0.008	0.91	0.082
0.1	20	0.05	183	500	2	463	35	0.004	0.926	0.07
0.1	20	0.05	184	500	4	464	32	0.008	0.928	0.064
0.1	20	0.05	185	500	7	460	33	0.014	0.92	0.066
0.1	20	0.05	186	500	4	465	31	0.008	0.93	0.062
0.1	20	0.05	187	500	4	457	39	0.008	0.914	0.078
0.1	20	0.05	188	500	3	453	44	0.006	0.906	0.088
0.1	20	0.05	189	500	7	460	33	0.014	0.92	0.066
0.1	20	0.05	190	500	4	463	33	0.008	0.926	0.066
0.1	20	0.05	191	500	4	465	31	0.008	0.93	0.062
0.1	20	0.05	192	500	5	464	31	0.01	0.928	0.062
0.1	20	0.05	193	500	4	468	28	0.008	0.936	0.056
0.1	20	0.05	194	500	1	442	57	0.002	0.884	0.114
0.1	20	0.05	195	500	5	466	29	0.01	0.932	0.058
0.1	20	0.05	196	500	6	452	42	0.012	0.904	0.084
0.1	20	0.05	197	500	5	456	39	0.01	0.912	0.078
0.1	20	0.05	198	500	2	462	36	0.004	0.924	0.072
0.1	20	0.05	199	500	2	460	38	0.004	0.92	0.076
0.1	20	0.05	200	500	4	469	27	0.008	0.938	0.054
0.1	20	0.05	201	500	3	468	29	0.006	0.936	0.058
0.1	20	0.05	202	500	2	460	38	0.004	0.92	0.076
0.1	20	0.05	203	500	7	458	35	0.014	0.916	0.07
0.1	20	0.05	204	500	3	465	32	0.006	0.93	0.064
0.1	20	0.05	205	500	7	464	29	0.014	0.928	0.058
0.1	20	0.05	206	500	2	459	39	0.004	0.918	0.078
0.1	20	0.05	207	500	1	466	33	0.002	0.932	0.066
0.1	20	0.05	208	500	2	471	27	0.004	0.942	0.054
0.1	20	0.05	209	500	3	465	32	0.006	0.93	0.064
0.1	20	0.05	210	500	5	469	26	0.01	0.938	0.052
0.1	20	0.05	211	500	2	472	26	0.004	0.944	0.052
0.1	20	0.05	212	500	3	476	21	0.006	0.952	0.042
0.1	20	0.05	213	500	1	475	24	0.002	0.95	0.048
0.1	20	0.05	214	500	2	465	33	0.004	0.93	0.066
0.1	20	0.05	215	500	4	469	27	0.008	0.938	0.054
0.1	20	0.05	216	500	2	477	21	0.004	0.954	0.042
0.1	20	0.05	217	500	3	473	24	0.006	0.946	0.048
0.1	20	0.05	218	500	6	468	26	0.012	0.936	0.052
0.1	20	0.05	219	500	2	480	18	0.004	0.96	0.036
0.1	20	0.05	220	500	3	473	24	0.006	0.946	0.048
0.1	20	0.05	221	500	2	478	20	0.004	0.956	0.04
0.1	20	0.05	222	500	5	465	30	0.01	0.93	0.06
0.1	20	0.05	223	500	5	473	22	0.01	0.946	0.044
0.1	20	0.05	224	500	1	479	20	0.002	0.958	0.04
0.1	20	0.05	225	500	1	468	31	0.002	0.936	0.062
0.1	20	0.05	226	500	3	472	25	0.006	0.944	0.05
0.1	20	0.05	227	500	1	477	22	0.002	0.954	0.044
0.1	20	0.05	228	500	2	480	18	0.004	0.96	0.036
0.1	20	0.05	229	500	3	476	21	0.006	0.952	0.042
0.1	20	0.05	230	500	3	478	19	0.006	0.956	0.038
0.1	20	0.05	231	500	2	477	21	0.004	0.954	0.042
0.1	20	0.05	232	500	6	467	27	0.012	0.934	0.054
0.1	20	0.05	233	500	2	479	19	0.004	0.958	0.038
0.1	20	0.05	234	500	5	478	17	0.01	0.956	0.034
0.1	20	0.05	235	500	2	483	15	0.004	0.966	0.03
0.1	20	0.05	236	500	2	476	22	0.004	0.952	0.044
0.1	20	0.05	237	500	0	486	14	0	0.972	0.028
0.1	20	0.05	238	500	5	480	15	0.01	0.96	0.03
0.1	20	0.05	239	500	1	489	10	0.002	0.978	0.02
0.1	20	0.05	240	500	2	482	16	0.004	0.964	0.032
0.1	20	0.05	241	500	3	478	19	0.006	0.956	0.038
0.1	20	0.05	242	500	1	474	25	0.002	0.948	0.05
0.1	20	0.05	243	500	1	482	17	0.002	0.964	0.034
0.1	20	0.05	244	500	1	477	22	0.002	0.954	0.044
0.1	20	0.05	245	500	2	475	23	0.004	0.95	0.046
0.1	20	0.05	246	500	3	480	17	0.006	0.96	0.034
0.1	20	0.05	247	500	2	482	16	0.004	0.964	0.032
0.1	20	0.05	248	500	3	487	10	0.006	0.974	0.02
0.1	20	0.05	249	500	1	477	22	0.002	0.954	0.044
0.1	20	0.05	250	500	0	489	11	0	0.978	0.022
0.1	20	0.05	251	500	1	487	12	0.002	0.974	0.024
0.1	20	0.05	252	500	2	477	21	0.004	0.954	0.042
0.1	20	0.05	253	500	2	483	15	0.004	0.966	0.03
0.1	20	0.05	254	500	1	474	25	0.002	0.948	0.05
0.1	20	0.05	255	500	0	483	17	0	0.966	0.034
0.1	20	0.05	256	500	3	481	16	0.006	0.962	0.032
0.1	20	0.05	257	500	4	484	12	0.008	0.968	0.024
0.1	20	0.05	258	500	4	469	27	0.008	0.938	0.054
0.1	20	0.05	259	500	0	486	14	0	0.972	0.028
0.1	20	0.05	260	500	1	479	20	0.002	0.958	0.04
0.1	20	0.05	261	500	3	475	22	0.006	0.95	0.044
0.1	20	0.05	262	500	2	482	16	0.004	0.964	0.032
0.1	20	0.05	263	500	3	483	14	0.006	0.966	0.028
0.1	20	0.05	264	500	0	489	11	0	0.978	0.022
0.1	20	0.05	265	500	2	478	20	0.004	0.956	0.04
0.1	20	0.05	266	500	2	480	18	0.004	0.96	0.036
0.1	20	0.05	267	500	4	484	12	0.008	0.968	0.024
0.1	20	0.05	268	500	3	486	11	0.006	0.972	0.022
0.1	20	0.05	269	500	1	482	17	0.002	0.964	0.034
0.1	20	0.05	270	500	2	482	16	0.004	0.964	0.032
0.1	20	0.05	271	500	2	484	14	0.004	0.968	0.028
0.1	20	0.05	272	500	2	490	8	0.004	0.98	0.016
0.1	20	0.05	273	500	4	485	11	0.008	0.97	0.022
0.1	20	0.05	274	500	2	485	13	0.004	0.97	0.026
0.1	20	0.05	275	500	3	489	8	0.006	0.978	0.016
0.1	20	0.05	276	500	2	489	9	0.004	0.978	0.018
0.1	20	0.05	277	500	0	491	9	0	0.982	0.018
0.1	20	0.05	278	500	2	477	21	0.004	0.954	0.042
0.1	20	0.05	279	500	2	491	7	0.004	0.982	0.014
0.1	20	0.05	280	500	0	486	14	0	0.972	0.028
0.1	20	0.05	281	500	1	488	11	0.002	0.976	0.022
0.1	20	0.05	282	500	3	490	7	0.006	0.98	0.014
0.1	20	0.05	283	500	2	488	10	0.004	0.976	0.02
0.1	20	0.05	284	500	1	484	15	0.002	0.968	0.03
0.1	20	0.05	285	500	0	489	11	0	0.978	0.022
0.1	20	0.05	286	500	1	486	13	0.002	0.972	0.026
0.1	20	0.05	287	500	0	489	11	0	0.978	0.022
0.1	20	0.05	288	500	0	488	12	0	0.976	0.024
0.1	20	0.05	289	500	0	490	10	0	0.98	0.02
0.1	20	0.05	290	500	2	483	15	0.004	0.966	0.03
0.1	20	0.05	291	500	0	494	6	0	0.988	0.012
0.1	20	0.05	292	500	0	485	15	0	0.97	0.03
0.1	20	0.05	293	500	1	490	9	0.002	0.98	0.018
0.1	20	0.05	294	500	3	490	7	0.006	0.98	0.014
0.1	20	0.05	295	500	3	491	6	0.006	0.982	0.012
0.1	20	0.05	296	500	1	485	14	0.002	0.97	0.028
0.1	20	0.05	297	500	0	489	11	0	0.978	0.022
0.1	20	0.05	298	500	2	487	11	0.004	0.974	0.022
0.1	20	0.05	299	500	1	482	17	0.002	0.964	0.034
0.1	20	0.05	300	500	0	488	12	0	0.976	0.024
0.1	20	0.05	301	500	1	488	11	0.002	0.976	0.022
0.1	20	0.05	302	500	1	495	4	0.002	0.99	0.008
0.1	20	0.05	303	500	1	484	15	0.002	0.968	0.03
0.1	20	0.05	304	500	0	494	6	0	0.988	0.012
0.1	20	0.05	305	500	1	484	15	0.002	0.968	0.03
0.1	20	0.05	306	500	1	489	10	0.002	0.978	0.02
0.1	20	0.05	307	500	0	492	8	0	0.984	0.016
0.1	20	0.05	308	500	2	480	18	0.004	0.96	0.036
0.1	20	0.05	309	500	0	484	16	0	0.968	0.032
0.1	20	0.05	310	500	0	496	4	0	0.992	0.008
0.1	20	0.05	311	500	1	491	8	0.002	0.982	0.016
0.1	20	0.05	312	500	2	491	7	0.004	0.982	0.014
0.1	20	0.05	313	500	2	486	12	0.004	0.972	0.024
0.1	20	0.05	314	500	0	495	5	0	0.99	0.01
0.1	20	0.05	315	500	2	491	7	0.004	0.982	0.014
0.1	20	0.05	316	500	1	490	9	0.002	0.98	0.018
0.1	20	0.05	317	500	0	496	4	0	0.992	0.008
0.1	20	0.05	318	500	0	488	12	0	0.976	0.024
0.1	20	0.05	319	500	0	492	8	0	0.984	0.016
0.1	20	0.05	320	500	0	495	5	0	0.99	0.01
0.1	20	0.05	321	500	0	490	10	0	0.98	0.02
0.1	20	0.05	322	500	1	489	10	0.002	0.978	0.02
0.1	20	0.05	323	500	0	494	6	0	0.988	0.012
0.1	20	0.05	324	500	4	486	10	0.008	0.972	0.02
0.1	20	0.05	325	500	1	490	9	0.002	0.98	0.018
0.1	20	0.05	326	500	1	488	11	0.002	0.976	0.022
0.1	20	0.05	327	500	0	497	3	0	0.994	0.006
0.1	20	0.05	328	500	0	496	4	0	0.992	0.008
0.1	20	0.05	329	500	0	492	8	0	0.984	0.016
0.1	20	0.05	330	500	1	493	6	0.002	0.986	0.012
0.1	20	0.05	331	500	0	495	5	0	0.99	0.01
0.1	20	0.05	332	500	0	490	10	0	0.98	0.02
0.1	20	0.05	333	500	0	488	12	0	0.976	0.024
0.1	20	0.05	334	500	1	493	6	0.002	0.986	0.012
0.1	20	0.05	335	500	0	491	9	0	0.982	0.018
0.1	20	0.05	336	500	1	490	9	0.002	0.98	0.018
0.1	20	0.05	337	500	0	492	8	0	0.984	0.016
0.1	20	0.05	338	500	2	490	8	0.004	0.98	0.016
0.1	20	0.05	339	500	1	494	5	0.002	0.988	0.01
0.1	20	0.05	340	500	1	490	9	0.002	0.98	0.018
0.1	20	0.05	341	500	0	493	7	0	0.986	0.014
0.1	20	0.05	342	500	0	493	7	0	0.986	0.014
0.1	20	0.05	343	500	1	492	7	0.002	0.984	0.014
0.1	20	0.05	344	500	1	497	2	0.002	0.994	0.004
0.1	20	0.05	345	500	0	495	5	0	0.99	0.01
0.1	20	0.05	346	500	0	496	4	0	0.992	0.008
0.1	20	0.05	347	500	0	498	2	0	0.996	0.004
0.1	20	0.05	348	500	0	493	7	0	0.986	0.014
0.1	20	0.05	349	500	1	498	1	0.002	0.996	0.002
0.1	20	0.05	350	500	0	492	8	0	0.984	0.016
0.1	20	0.05	351	500	1	493	6	0.002	0.986	0.012
0.1	20	0.05	352	500	2	491	7	0.004	0.982	0.014
0.1	20	0.05	353	500	2	492	6	0.004	0.984	0.012
0.1	20	0.05	354	500	0	496	4	0	0.992	0.008
0.1	20	0.05	355	500	0	491	9	0	0.982	0.018
0.1	20	0.05	356	500	2	492	6	0.004	0.984	0.012
0.1	20	0.05	357	500	0	493	7	0	0.986	0.014
0.1	20	0.05	358	500	0	492	8	0	0.984	0.016
0.1	20	0.05	359	500	1	495	4	0.002	0.99	0.008
0.1	20	0.05	360	500	0	497	3	0	0.994	0.006
0.1	20	0.05	361	500	0	494	6	0	0.988	0.012
0.1	20	0.05	362	500	0	494	6	0	0.988	0.012
0.1	20	0.05	363	500	3	494	3	0.006	0.988	0.006
0.1	20	0.05	364	500	0	493	7	0	0.986	0.014
0.1	20	0.05	365	500	1	495	4	0.002	0.99	0.008
0.1	20	0.05	366	500	0	495	5	0	0.99	0.01
0.1	20	0.05	367	500	0	495	5	0	0.99	0.01
0.1	20	0.05	368	500	1	492	7	0.002	0.984	0.014
0.1	20	0.05	369	500	0	495	5	0	0.99	0.01
0.1	20	0.05	370	500	0	496	4	0	0.992	0.008
0.1	20	0.05	371	500	0	494	6	0	0.988	0.012
0.1	20	0.05	372	500	0	494	6	0	0.988	0.012
0.1	20	0.05	373	500	0	493	7	0	0.986	0.014
0.1	20	0.05	374	500	0	497	3	0	0.994	0.006
0.1	20	0.05	375	500	1	494	5	0.002	0.988	0.01
0.1	20	0.05	376	500	1	496	3	0.002	0.992	0.006
0.1	20	0.05	377	500	0	496	4	0	0.992	0.008
0.1	20	0.05	378	500	1	494	5	0.002	0.988	0.01
0.1	20	0.05	379	500	0	497	3	0	0.994	0.006
0.1	20	0.05	380	500	2	490	8	0.004	0.98	0.016
0.1	20	0.05	381	500	0	496	4	0	0.992	0.008
0.1	20	0.05	382	500	0	496	4	0	0.992	0.008
0.1	20	0.05	383	500	0	498	2	0	0.996	0.004
0.1	20	0.05	384	500	2	495	3	0.004	0.99	0.006
0.1	20	0.05	385	500	1	496	3	0.002	0.992	0.006
0.1	20	0.05	386	500	0	493	7	0	0.986	0.014
0.1	20	0.05	387	500	0	498	2	0	0.996	0.004
0.1	20	0.05	388	500	0	495	5	0	0.99	0.01
0.1	20	0.05	389	500	0	496	4	0	0.992	0.008
0.1	20	0.05	390	500	1	497	2	0.002	0.994	0.004
0.1	20	0.05	391	500	0	498	2	0	0.996	0.004
0.1	20	0.05	392	500	0	492	8	0	0.984	0.016
0.1	20	0.05	393	500	1	496	3	0.002	0.992	0.006
0.1	20	0.05	394	500	0	497	3	0	0.994	0.006
0.1	20	0.05	395	500	0	495	5	0	0.99	0.01
0.1	20	0.05	396	500	2	493	5	0.004	0.986	0.01
0.1	20	0.05	397	500	0	499	1	0	0.998	0.002
0.1	20	0.05	398	500	1	497	2	0.002	0.994	0.004
0.1	20	0.05	399	500	1	496	3	0.002	0.992	0.006
0.1	20	0.05	400	500	0	497	3	0	0.994	0.006
0.1	20	0.05	401	500	0	497	3	0	0.994	0.006
0.1	20	0.05	402	500	1	499	0	0.002	0.998	0
0.1	20	0.05	403	500	0	498	2	0	0.996	0.004
0.1	20	0.05	404	500	0	496	4	0	0.992	0.008
0.1	20	0.05	405	500	1	495	4	0.002	0.99	0.008
0.1	20	0.05	406	500	0	498	2	0	0.996	0.004
0.1	20	0.05	407	500	2	493	5	0.004	0.986	0.01
0.1	20	0.05	408	500	0	497	3	0	0.994	0.006
0.1	20	0.05	409	500	1	497	2	0.002	0.994	0.004
0.1	20	0.05	410	500	0	497	3	0	0.994	0.006
0.1	20	0.05	411	500	0	496	4	0	0.992	0.008
0.1	20	0.05	412	500	0	499	1	0	0.998	0.002
0.1	20	0.05	413	500	0	497	3	0	0.994	0.006
0.1	20	0.05	414	500	0	498	2	0	0.996	0.004
0.1	20	0.05	415	500	1	494	5	0.002	0.988	0.01
0.1	20	0.05	416	500	1	496	3	0.002	0.992	0.006
0.1	20	0.05	417	500	3	494	3	0.006	0.988	0.006
0.1	20	0.05	418	500	0	500	0	0	1	0
0.1	20	0.05	419	500	1	495	4	0.002	0.99	0.008
0.1	20	0.05	420	500	0	498	2	0	0.996	0.004
0.1	20	0.05	421	500	0	498	2	0	0.996	0.004
0.1	20	0.05	422	500	0	497	3	0	0.994	0.006
0.1	20	0.05	423	500	0	498	2	0	0.996	0.004
0.1	20	0.05	424	500	0	497	3	0	0.994	0.006
0.1	20	0.05	425	500	0	498	2	0	0.996	0.004
0.1	20	0.05	426	500	0	498	2	0	0.996	0.004
0.1	20	0.05	427	500	0	496	4	0	0.992	0.008
0.1	20	0.05	428	500	0	496	4	0	0.992	0.008
0.1	20	0.05	429	500	2	494	4	0.004	0.988	0.008
0.1	20	0.05	430	500	0	499	1	0	0.998	0.002
0.1	20	0.05	431	500	0	497	3	0	0.994	0.006
0.1	20	0.05	432	500	0	497	3	0	0.994	0.006
0.1	20	0.05	433	500	0	497	3	0	0.994	0.006
0.1	20	0.05	434	500	0	498	2	0	0.996	0.004
0.1	20	0.05	435	500	0	500	0	0	1	0
0.1	20	0.05	436	500	1	498	1	0.002	0.996	0.002
0.1	20	0.05	437	500	0	497	3	0	0.994	0.006
0.1	20	0.05	438	500	2	497	1	0.004	0.994	0.002
0.1	20	0.05	439	500	2	498	0	0.004	0.996	0
0.1	20	0.05	440	500	0	496	4	0	0.992	0.008
0.1	20	0.05	441	500	0	498	2	0	0.996	0.004
0.1	20	0.05	442	500	0	492	8	0	0.984	0.016
0.1	20	0.05	443	500	0	499	1	0	0.998	0.002
0.1	20	0.05	444	500	1	497	2	0.002	0.994	0.004
0.1	20	0.05	445	500	0	499	1	0	0.998	0.002
0.1	20	0.05	446	500	1	497	2	0.002	0.994	0.004
0.1	20	0.05	447	500	0	500	0	0	1	0
0.1	20	0.05	448	500	0	495	5	0	0.99	0.01
0.1	20	0.05	449	500	0	500	0	0	1	0
0.1	20	0.05	450	500	1	497	2	0.002	0.994	0.004
0.1	20	0.05	451	500	0	498	2	0	0.996	0.004
0.1	20	0.05	452	500	0	499	1	0	0.998	0.002
0.1	20	0.05	453	500	0	500	0	0	1	0
0.1	20	0.05	454	500	1	494	5	0.002	0.988	0.01
0.1	20	0.05	455	500	0	497	3	0	0.994	0.006
0.1	20	0.05	456	500	0	497	3	0	0.994	0.006
0.1	20	0.05	457	500	1	498	1	0.002	0.996	0.002
0.1	20	0.05	458	500	1	496	3	0.002	0.992	0.006
0.1	20	0.05	459	500	0	497	3	0	0.994	0.006
0.1	20	0.05	460	500	0	499	1	0	0.998	0.002
0.1	20	0.05	461	500	0	499	1	0	0.998	0.002
0.1	20	0.05	462	500	0	498	2	0	0.996	0.004
0.1	20	0.05	463	500	0	499	1	0	0.998	0.002
0.1	20	0.05	464	500	0	500	0	0	1	0
0.1	20	0.05	465	500	0	498	2	0	0.996	0.004
0.1	20	0.05	466	500	0	497	3	0	0.994	0.006
0.1	20	0.05	467	500	0	500	0	0	1	0
0.1	20	0.05	468	500	0	497	3	0	0.994	0.006
0.1	20	0.05	469	500	0	498	2	0	0.996	0.004
0.1	20	0.05	470	500	1	498	1	0.002	0.996	0.002
0.1	20	0.05	471	500	0	499	1	0	0.998	0.002
0.1	20	0.05	472	500	0	498	2	0	0.996	0.004
0.1	20	0.05	473	500	0	499	1	0	0.998	0.002
0.1	20	0.05	474	500	0	499	1	0	0.998	0.002
0.1	20	0.05	475	500	2	497	1	0.004	0.994	0.002
0.1	20	0.05	476	500	0	499	1	0	0.998	0.002
0.1	20	0.05	477	500	0	498	2	0	0.996	0.004
0.1	20	0.05	478	500	0	499	1	0	0.998	0.002
0.1	20	0.05	479	500	0	498	2	0	0.996	0.004
0.1	20	0.05	480	500	0	496	4	0	0.992	0.008
0.1	20	0.05	481	500	0	499	1	0	0.998	0.002
0.1	20	0.05	482	500	1	496	3	0.002	0.992	0.006
0.1	20	0.05	483	500	0	496	4	0	0.992	0.008
0.1	20	0.05	484	500	0	498	2	0	0.996	0.004
0.1	20	0.05	485	500	0	499	1	0	0.998	0.002
0.1	20	0.05	486	500	0	498	2	0	0.996	0.004
0.1	20	0.05	487	500	0	500	0	0	1	0
0.1	20	0.05	488	500	0	498	2	0	0.996	0.004
0.1	20	0.05	489	500	0	500	0	0	1	0
0.1	20	0.05	490	500	0	497	3	0	0.994	0.006
0.1	20	0.05	491	500	0	500	0	0	1	0
0.1	20	0.05	492	500	1	497	2	0.002	0.994	0.004
0.1	20	0.05	493	500	0	499	1	0	0.998	0.002
0.1	20	0.05	494	500	1	497	2	0.002	0.994	0.004
0.1	20	0.05	495	500	0	500	0	0	1	0
0.1	20	0.05	496	500	0	500	0	0	1	0
0.1	20	0.05	497	500	0	499	1	0	0.998	0.002
0.1	20	0.05	498	500	0	499	1	0	0.998	0.002
0.1	20	0.05	499	500	0	497	3	0	0.994	0.006
0.1	20	0.05	500	500	0	499	1	0	0.998	0.002
0.1	20	0.05	501	500	0	498	2	0	0.996	0.004
0.1	20	0.05	502	500	0	500	0	0	1	0
0.1	20	0.05	503	500	0	497	3	0	0.994	0.006
0.1	20	0.05	504	500	0	500	0	0	1	0
0.1	20	0.05	505	500	1	495	4	0.002	0.99	0.008
0.1	20	0.05	506	500	0	499	1	0	0.998	0.002
0.1	20	0.05	507	500	0	499	1	0	0.998	0.002
0.1	20	0.05	508	500	0	500	0	0	1	0
0.1	20	0.05	509	500	0	497	3	0	0.994	0.006
0.1	20	0.05	510	500	0	499	1	0	0.998	0.002
0.1	20	0.05	511	500	0	499	1	0	0.998	0.002
0.1	20	0.05	512	500	0	500	0	0	1	0
0.1	20	0.05	513	500	0	498	2	0	0.996	0.004
0.1	20	0.05	514	500	0	499	1	0	0.998	0.002
0.1	20	0.05	515	500	0	498	2	0	0.996	0.004
0.1	20	0.05	516	500	0	500	0	0	1	0
0.1	20	0.05	517	500	0	500	0	0	1	0
0.1	20	0.05	518	500	0	499	1	0	0.998	0.002
0.1	20	0.05	519	500	1	498	1	0.002	0.996	0.002
0.1	20	0.05	520	500	0	498	2	0	0.996	0.004
0.1	20	0.05	521	500	1	499	0	0.002	0.998	0
0.1	20	0.05	522	500	0	500	0	0	1	0
0.1	20	0.05	523	500	0	500	0	0	1	0
0.1	20	0.05	524	500	0	498	2	0	0.996	0.004
0.1	20	0.05	525	500	0	499	1	0	0.998	0.002
0.1	20	0.05	526	500	0	499	1	0	0.998	0.002
0.1	20	0.05	527	500	0	499	1	0	0.998	0.002
0.1	20	0.05	528	500	0	495	5	0	0.99	0.01
0.1	20	0.05	529	500	1	498	1	0.002	0.996	0.002
0.1	20	0.05	530	500	0	498	2	0	0.996	0.004
0.1	20	0.05	531	500	1	498	1	0.002	0.996	0.002
0.1	20	0.05	532	500	0	498	2	0	0.996	0.004
0.1	20	0.05	533	500	0	499	1	0	0.998	0.002
0.1	20	0.05	534	500	0	500	0	0	1	0
0.1	20	0.05	535	500	0	499	1	0	0.998	0.002
0.1	20	0.05	536	500	1	499	0	0.002	0.998	0
0.1	20	0.05	537	500	1	499	0	0.002	0.998	0
0.1	20	0.05	538	500	0	500	0	0	1	0
0.1	20	0.05	539	500	0	500	0	0	1	0
0.1	20	0.05	540	500	0	498	2	0	0.996	0.004
0.1	20	0.05	541	500	0	498	2	0	0.996	0.004
0.1	20	0.05	542	500	0	499	1	0	0.998	0.002
0.1	20	0.05	543	500	0	500	0	0	1	0
0.1	20	0.05	544	500	0	499	1	0	0.998	0.002
0.1	20	0.05	545	500	0	500	0	0	1	0
0.1	20	0.05	546	500	0	499	1	0	0.998	0.002
0.1	20	0.05	547	500	0	500	0	0	1	0
0.1	20	0.05	548	500	0	499	1	0	0.998	0.002
0.1	20	0.05	549	500	0	500	0	0	1	0
0.1	20	0.05	550	500	0	498	2	0	0.996	0.004
0.1	20	0.05	551	500	0	499	1	0	0.998	0.002
0.1	20	0.05	552	500	0	498	2	0	0.996	0.004
0.1	20	0.05	553	500	0	500	0	0	1	0
0.1	20	0.05	554	500	0	499	1	0	0.998	0.002
0.1	20	0.05	555	500	0	499	1	0	0.998	0.002
0.1	20	0.05	556	500	0	500	0	0	1	0
0.1	20	0.05	557	500	0	500	0	0	1	0
0.1	20	0.05	558	500	0	500	0	0	1	0
0.1	20	0.05	559	500	0	499	1	0	0.998	0.002
0.1	20	0.05	560	500	0	500	0	0	1	0
0.1	20	0.05	561	500	0	499	1	0	0.998	0.002
0.1	20	0.05	562	500	0	499	1	0	0.998	0.002
0.1	20	0.05	563	500	0	500	0	0	1	0
0.1	20	0.05	564	500	1	499	0	0.002	0.998	0
0.1	20	0.05	565	500	0	500	0	0	1	0
0.1	20	0.05	566	500	0	498	2	0	0.996	0.004
0.1	20	0.05	567	500	0	499	1	0	0.998	0.002
0.1	20	0.05	568	500	0	500	0	0	1	0
0.1	20	0.05	569	500	0	500	0	0	1	0
0.1	20	0.05	570	500	0	500	0	0	1	0
0.1	20	0.05	571	500	0	499	1	0	0.998	0.002
0.1	20	0.05	572	500	0	499	1	0	0.998	0.002
0.1	20	0.05	573	500	0	500	0	0	1	0
0.1	20	0.05	574	500	0	499	1	0	0.998	0.002
0.1	20	0.05	575	500	0	500	0	0	1	0
0.1	20	0.05	576	500	0	499	1	0	0.998	0.002
0.1	20	0.05	577	500	0	499	1	0	0.998	0.002
0.1	20	0.05	578	500	0	498	2	0	0.996	0.004
0.1	20	0.05	579	500	0	500	0	0	1	0
0.1	20	0.05	580	500	0	500	0	0	1	0
0.1	20	0.05	581	500	0	500	0	0	1	0
0.1	20	0.05	582	500	0	499	1	0	0.998	0.002
0.1	20	0.05	583	500	0	500	0	0	1	0
0.1	20	0.05	584	500	0	500	0	0	1	0
0.1	20	0.05	585	500	0	499	1	0	0.998	0.002
0.1	20	0.05	586	500	0	500	0	0	1	0
0.1	20	0.05	587	500	0	500	0	0	1	0
0.1	20	0.05	588	500	0	500	0	0	1	0
0.1	20	0.05	589	500	0	499	1	0	0.998	0.002
0.1	20	0.05	590	500	0	498	2	0	0.996	0.004
0.1	20	0.05	591	500	0	500	0	0	1	0
0.1	20	0.05	592	500	0	500	0	0	1	0
0.1	20	0.05	593	500	0	500	0	0	1	0
0.1	20	0.05	594	500	0	499	1	0	0.998	0.002
0.1	20	0.05	595	500	0	500	0	0	1	0
0.1	20	0.05	596	500	0	498	2	0	0.996	0.004
0.1	20	0.05	597	500	0	500	0	0	1	0
0.1	20	0.05	598	500	0	499	1	0	0.998	0.002
0.1	20	0.05	599	500	0	499	1	0	0.998	0.002
0.1	20	0.05	600	500	1	499	0	0.002	0.998	0
0.1	20	0.05	601	500	0	499	1	0	0.998	0.002
0.1	20	0.05	602	500	0	500	0	0	1	0
0.1	20	0.05	603	500	0	499	1	0	0.998	0.002
0.1	20	0.05	604	500	0	500	0	0	1	0
0.1	20	0.05	605	500	0	500	0	0	1	0
0.1	20	0.05	606	500	1	498	1	0.002	0.996	0.002
0.1	20	0.05	607	500	0	499	1	0	0.998	0.002
0.1	20	0.05	608	500	0	500	0	0	1	0
0.1	20	0.05	609	500	0	500	0	0	1	0
0.1	20	0.05	610	500	0	500	0	0	1	0
0.1	20	0.05	611	500	0	500	0	0	1	0
0.1	20	0.05	612	500	0	500	0	0	1	0
0.1	20	0.05	613	500	0	500	0	0	1	0
0.1	20	0.05	614	500	0	498	2	0	0.996	0.004
0.1	20	0.05	615	500	0	499	1	0	0.998	0.002
0.1	20	0.05	616	500	0	500	0	0	1	0
0.1	20	0.05	617	500	0	499	1	0	0.998	0.002
0.1	20	0.05	618	500	0	499	1	0	0.998	0.002
0.1	20	0.05	619	500	0	500	0	0	1	0
0.1	20	0.05	620	500	0	500	0	0	1	0
0.1	20	0.05	621	500	0	499	1	0	0.998	0.002
0.1	20	0.05	622	500	0	500	0	0	1	0
0.1	20	0.05	623	500	0	499	1	0	0.998	0.002
0.1	20	0.05	624	500	0	500	0	0	1	0
0.1	20	0.05	625	500	0	500	0	0	1	0
0.1	20	0.05	626	500	0	500	0	0	1	0
0.1	20	0.05	627	500	0	500	0	0	1	0
0.1	20	0.05	628	500	0	499	1	0	0.998	0.002
0.1	20	0.05	629	500	0	499	1	0	0.998	0.002
0.1	20	0.05	630	500	0	500	0	0	1	0
0.1	20	0.05	631	500	0	500	0	0	1	0
0.1	20	0.05	632	500	0	500	0	0	1	0
0.1	20	0.05	633	500	0	500	0	0	1	0
0.1	20	0.05	634	500	0	500	0	0	1	0
0.1	20	0.05	635	500	0	500	0	0	1	0
0.1	20	0.05	636	500	0	500	0	0	1	0
0.1	20	0.05	637	500	0	500	0	0	1	0
0.1	20	0.05	638	500	0	499	1	0	0.998	0.002
0.1	20	0.05	639	500	0	500	0	0	1	0
0.1	20	0.05	640	500	0	500	0	0	1	0
0.1	20	0.05	641	500	0	500	0	0	1	0
0.1	20	0.05	642	500	0	500	0	0	1	0
0.1	20	0.05	643	500	0	499	1	0	0.998	0.002
0.1	20	0.05	644	500	0	500	0	0	1	0
0.1	20	0.05	645	500	0	500	0	0	1	0
0.1	20	0.05	646	500	0	500	0	0	1	0
0.1	20	0.05	647	500	0	499	1	0	0.998	0.002
0.1	20	0.05	648	500	0	500	0	0	1	0
0.1	20	0.05	649	500	0	500	0	0	1	0
0.1	20	0.05	650	500	0	500	0	0	1	0
0.1	20	0.05	651	500	0	499	1	0	0.998	0.002
0.1	20	0.05	652	500	0	500	0	0	1	0
0.1	20	0.05	653	500	0	500	0	0	1	0
0.1	20	0.05	654	500	0	499	1	0	0.998	0.002
0.1	20	0.05	655	500	0	499	1	0	0.998	0.002
0.1	20	0.05	656	500	0	500	0	0	1	0
0.1	20	0.05	657	500	0	500	0	0	1	0
0.1	20	0.05	658	500	0	500	0	0	1	0
0.1	20	0.05	659	500	0	500	0	0	1	0
0.1	20	0.05	660	500	0	500	0	0	1	0
0.1	20	0.05	661	500	0	500	0	0	1	0
0.1	20	0.05	662	500	0	500	0	0	1	0
0.1	20	0.05	663	500	0	500	0	0	1	0
0.1	20	0.05	664	500	0	499	1	0	0.998	0.002
0.1	20	0.05	665	500	0	500	0	0	1	0
0.1	20	0.05	666	500	0	499	1	0	0.998	0.002
0.1	20	0.05	667	500	0	500	0	0	1	0
0.1	20	0.05	668	500	0	500	0	0	1	0
0.1	20	0.05	669	500	0	500	0	0	1	0
0.1	20	0.05	670	500	0	499	1	0	0.998	0.002
0.1	20	0.05	671	500	0	500	0	0	1	0
0.1	20	0.05	672	500	0	499	1	0	0.998	0.002
0.1	20	0.05	673	500	0	500	0	0	1	0
0.1	20	0.05	674	500	0	500	0	0	1	0
0.1	20	0.05	675	500	0	500	0	0	1	0
0.1	20	0.05	676	500	0	500	0	0	1	0
0.1	20	0.05	677	500	0	500	0	0	1	0
0.1	20	0.05	678	500	0	500	0	0	1	0
0.1	20	0.05	679	500	0	500	0	0	1	0
0.1	20	0.05	680	500	0	500	0	0	1	0
0.1	20	0.05	681	500	0	500	0	0	1	0
0.1	20	0.05	682	500	0	500	0	0	1	0
0.1	20	0.05	683	500	0	499	1	0	0.998	0.002
0.1	20	0.05	684	500	0	500	0	0	1	0
0.1	20	0.05	685	500	0	500	0	0	1	0
0.1	20	0.05	686	500	0	500	0	0	1	0
0.1	20	0.05	687	500	0	500	0	0	1	0
0.1	20	0.05	688	500	0	500	0	0	1	0
0.1	20	0.05	689	500	0	500	0	0	1	0
0.1	20	0.05	690	500	0	500	0	0	1	0
0.1	20	0.05	691	500	0	499	1	0	0.998	0.002
0.1	20	0.05	692	500	0	500	0	0	1	0
0.1	20	0.05	693	500	0	500	0	0	1	0
0.1	20	0.05	694	500	0	500	0	0	1	0
0.1	20	0.05	695	500	0	499	1	0	0.998	0.002
0.1	20	0.05	696	500	0	499	1	0	0.998	0.002
0.1	20	0.05	697	500	0	500	0	0	1	0
0.1	20	0.05	698	500	0	500	0	0	1	0
0.1	20	0.05	699	500	0	500	0	0	1	0
0.1	20	0.05	700	500	0	500	0	0	1	0
0.1	20	0.05	701	500	0	500	0	0	1	0
0.1	20	0.05	702	500	0	500	0	0	1	0
0.1	20	0.05	703	500	0	500	0	0	1	0
0.1	20	0.05	704	500	0	500	0	0	1	0
0.1	20	0.05	705	500	0	500	0	0	1	0
0.1	20	0.05	706	500	0	500	0	0	1	0
0.1	20	0.05	707	500	0	500	0	0	1	0
0.1	20	0.05	708	500	0	500	0	0	1	0
0.1	20	0.05	709	500	0	500	0	0	1	0
0.1	20	0.05	710	500	0	500	0	0	1	0
0.1	20	0.05	711	500	0	500	0	0	1	0
0.1	20	0.05	712	500	0	500	0	0	1	0
0.1	20	0.05	713	500	0	500	0	0	1	0
0.1	20	0.05	714	500	0	500	0	0	1	0
0.1	20	0.05	715	500	0	500	0	0	1	0
0.1	20	0.05	716	500	0	500	0	0	1	0
0.1	20	0.05	717	500	0	500	0	0	1	0
0.1	20	0.05	718	500	0	500	0	0	1	0
0.1	20	0.05	719	500	0	500	0	0	1	0
0.1	20	0.05	720	500	0	500	0	0	1	0
0.1	20	0.05	721	500	0	500	0	0	1	0
0.1	20	0.05	722	500	0	500	0	0	1	0
0.1	20	0.05	723	500	0	500	0	0	1	0
0.1	20	0.05	724	500	0	500	0	0	1	0
0.1	20	0.05	725	500	0	500	0	0	1	0
0.1	20	0.05	726	500	0	500	0	0	1	0
0.1	20	0.05	727	500	0	499	1	0	0.998	0.002
0.1	20	0.05	728	500	0	500	0	0	1	0
0.1	20	0.05	729	500	0	500	0	0	1	0
0.1	20	0.05	730	500	0	500	0	0	1	0
0.1	20	0.05	731	500	0	500	0	0	1	0
0.1	20	0.05	732	500	0	500	0	0	1	0
0.1	20	0.05	733	500	0	500	0	0	1	0
0.1	20	0.05	734	500	0	500	0	0	1	0
0.1	20	0.05	735	500	0	500	0	0	1	0
0.1	20	0.05	736	500	0	500	0	0	1	0
0.1	20	0.05	737	500	0	499	1	0	0.998	0.002
0.1	20	0.05	738	500	0	500	0	0	1	0
0.1	20	0.05	739	500	0	500	0	0	1	0
0.1	20	0.05	740	500	0	500	0	0	1	0
0.1	20	0.05	741	500	0	499	1	0	0.998	0.002
0.1	20	0.05	742	500	0	500	0	0	1	0
0.1	20	0.05	743	500	0	500	0	0	1	0
0.1	20	0.05	744	500	0	500	0	0	1	0
0.1	20	0.05	745	500	0	500	0	0	1	0
0.1	20	0.05	746	500	0	500	0	0	1	0
0.1	20	0.05	747	500	0	500	0	0	1	0
0.1	20	0.05	748	500	0	500	0	0	1	0
0.1	20	0.05	749	500	0	500	0	0	1	0
0.1	20	0.05	750	500	0	500	0	0	1	0
0.1	20	0.05	751	500	0	500	0	0	1	0
0.1	20	0.05	752	500	0	500	0	0	1	0
0.1	20	0.05	753	500	0	500	0	0	1	0
0.1	20	0.05	754	500	0	499	1	0	0.998	0.002
0.1	20	0.05	755	500	0	500	0	0	1	0
0.1	20	0.05	756	500	0	500	0	0	1	0
0.1	20	0.05	757	500	0	500	0	0	1	0
0.1	20	0.05	758	500	0	500	0	0	1	0
0.1	20	0.05	759	500	0	499	1	0	0.998	0.002
0.1	20	0.05	760	500	0	500	0	0	1	0
0.1	20	0.05	761	500	0	500	0	0	1	0
0.1	20	0.05	762	500	0	500	0	0	1	0
0.1	20	0.05	763	500	0	500	0	0	1	0
0.1	20	0.05	764	500	0	500	0	0	1	0
0.1	20	0.05	765	500	0	500	0	0	1	0
0.1	20	0.05	766	500	0	500	0	0	1	0
0.1	20	0.05	767	500	0	500	0	0	1	0
0.1	20	0.05	768	500	0	500	0	0	1	0
0.1	20	0.05	769	500	0	500	0	0	1	0
0.1	20	0.05	770	500	0	500	0	0	1	0
0.1	20	0.05	771	500	0	500	0	0	1	0
0.1	20	0.05	772	500	0	500	0	0	1	0
0.1	20	0.05	773	500	0	500	0	0	1	0
0.1	20	0.05	774	500	0	500	0	0	1	0
0.1	20	0.05	775	500	0	500	0	0	1	0
0.1	20	0.05	776	500	0	500	0	0	1	0
0.1	20	0.05	777	500	0	500	0	0	1	0
0.1	20	0.05	778	500	0	500	0	0	1	0
0.1	20	0.05	779	500	0	500	0	0	1	0
0.1	20	0.05	780	500	0	500	0	0	1	0
0.1	20	0.05	781	500	0	500	0	0	1	0
0.1	20	0.05	782	500	0	500	0	0	1	0
0.1	20	0.05	783	500	0	500	0	0	1	0
0.1	20	0.05	784	500	0	500	0	0	1	0
0.1	20	0.05	785	500	0	500	0	0	1	0
0.1	20	0.05	786	500	0	500	0	0	1	0
0.1	20	0.05	787	500	0	500	0	0	1	0
0.1	20	0.05	788	500	0	500	0	0	1	0
0.1	20	0.05	789	500	0	500	0	0	1	0
0.1	20	0.05	790	500	0	500	0	0	1	0
0.1	20	0.05	791	500	0	500	0	0	1	0
0.1	20	0.05	792	500	0	500	0	0	1	0
0.1	20	0.05	793	500	0	500	0	0	1	0
0.1	20	0.05	794	500	0	500	0	0	1	0
0.1	20	0.05	795	500	0	500	0	0	1	0
0.1	20	0.05	796	500	0	500	0	0	1	0
0.1	20	0.05	797	500	0	500	0	0	1	0
0.1	20	0.05	798	500	0	500	0	0	1	0
0.1	20	0.05	799	500	0	500	0	0	1	0
0.1	20	0.05	800	500	0	500	0	0	1	0
0.1	20	0.05	801	500	0	500	0	0	1	0
0.1	20	0.05	802	500	0	500	0	0	1	0
0.1	20	0.05	803	500	0	500	0	0	1	0
0.1	20	0.05	804	500	0	500	0	0	1	0
0.1	20	0.05	805	500	0	500	0	0	1	0
0.1	20	0.05	806	500	0	500	0	0	1	0
0.1	20	0.05	807	500	0	500	0	0	1	0
0.1	20	0.05	808	500	0	500	0	0	1	0
0.1	20	0.05	809	500	0	497	3	0	0.994	0.006
0.1	20	0.05	810	500	0	500	0	0	1	0
0.1	20	0.05	811	500	0	500	0	0	1	0
0.1	20	0.05	812	500	0	500	0	0	1	0
0.1	20	0.05	813	500	0	500	0	0	1	0
0.1	20	0.05	814	500	0	499	1	0	0.998	0.002
0.1	20	0.05	815	500	0	500	0	0	1	0
0.1	20	0.05	816	500	0	500	0	0	1	0
0.1	20	0.05	817	500	0	500	0	0	1	0
0.1	20	0.05	818	500	0	500	0	0	1	0
0.1	20	0.05	819	500	0	500	0	0	1	0
0.1	20	0.05	820	500	0	500	0	0	1	0
0.1	20	0.05	821	500	0	500	0	0	1	0
0.1	20	0.05	822	500	0	500	0	0	1	0
0.1	20	0.05	823	500	0	500	0	0	1	0
0.1	20	0.05	824	500	0	500	0	0	1	0
0.1	20	0.05	825	500	0	500	0	0	1	0
0.1	20	0.05	826	500	0	500	0	0	1	0
0.1	20	0.05	827	500	0	500	0	0	1	0
0.1	20	0.05	828	500	0	499	1	0	0.998	0.002
0.1	20	0.05	829	500	0	500	0	0	1	0
0.1	20	0.05	830	500	0	500	0	0	1	0
0.1	20	0.05	831	500	0	500	0	0	1	0
0.1	20	0.05	832	500	0	500	0	0	1	0
0.1	20	0.05	833	500	0	500	0	0	1	0
0.1	20	0.05	834	500	0	500	0	0	1	0
0.1	20	0.05	835	500	0	500	0	0	1	0
0.1	20	0.05	836	500	0	500	0	0	1	0
0.1	20	0.05	837	500	0	500	0	0	1	0
0.1	20	0.05	838	500	0	500	0	0	1	0
0.1	20	0.05	839	500	0	500	0	0	1	0
0.1	20	0.05	840	500	0	500	0	0	1	0
0.1	20	0.05	841	500	0	500	0	0	1	0
0.1	20	0.05	842	500	0	500	0	0	1	0
0.1	20	0.05	843	500	0	500	0	0	1	0
0.1	20	0.05	844	500	0	500	0	0	1	0
0.1	20	0.05	845	500	0	500	0	0	1	0
0.1	20	0.05	846	500	0	500	0	0	1	0
0.1	20	0.05	847	500	0	500	0	0	1	0
0.1	20	0.05	848	500	0	500	0	0	1	0
0.1	20	0.05	849	500	0	500	0	0	1	0
0.1	20	0.05	850	500	0	499	1	0	0.998	0.002
0.1	20	0.05	851	500	0	500	0	0	1	0
0.1	20	0.05	852	500	0	500	0	0	1	0
0.1	20	0.05	853	500	0	500	0	0	1	0
0.1	20	0.05	854	500	0	500	0	0	1	0
0.1	20	0.05	855	500	0	500	0	0	1	0
0.1	20	0.05	856	500	0	500	0	0	1	0
0.1	20	0.05	857	500	0	500	0	0	1	0
0.1	20	0.05	858	500	0	500	0	0	1	0
0.1	20	0.05	859	500	0	500	0	0	1	0
0.1	20	0.05	860	500	0	500	0	0	1	0
0.1	20	0.05	861	500	0	500	0	0	1	0
0.1	20	0.05	862	500	0	500	0	0	1	0
0.1	20	0.05	863	500	0	500	0	0	1	0
0.1	20	0.05	864	500	0	500	0	0	1	0
0.1	20	0.05	865	500	0	500	0	0	1	0
0.1	20	0.05	866	500	0	500	0	0	1	0
0.1	20	0.05	867	500	0	500	0	0	1	0
0.1	20	0.05	868	500	0	500	0	0	1	0
0.1	20	0.05	869	500	0	500	0	0	1	0
0.1	20	0.05	870	500	0	500	0	0	1	0
0.1	20	0.05	871	500	0	500	0	0	1	0
0.1	20	0.05	872	500	0	500	0	0	1	0
0.1	20	0.05	873	500	0	500	0	0	1	0
0.1	20	0.05	874	500	0	500	0	0	1	0
0.1	20	0.05	875	500	0	500	0	0	1	0
0.1	20	0.05	876	500	0	500	0	0	1	0
0.1	20	0.05	877	500	0	500	0	0	1	0
0.1	20	0.05	878	500	0	500	0	0	1	0
0.1	20	0.05	879	500	0	500	0	0	1	0
0.1	20	0.05	880	500	0	500	0	0	1	0
0.1	20	0.05	881	500	0	500	0	0	1	0
0.1	20	0.05	882	500	0	500	0	0	1	0
0.1	20	0.05	883	500	0	500	0	0	1	0
0.1	20	0.05	884	500	0	500	0	0	1	0
0.1	20	0.05	885	500	0	500	0	0	1	0
0.1	20	0.05	886	500	0	500	0	0	1	0
0.1	20	0.05	887	500	0	500	0	0	1	0
0.1	20	0.05	888	500	0	500	0	0	1	0
0.1	20	0.05	889	500	0	500	0	0	1	0
0.1	20	0.05	890	500	0	500	0	0	1	0
0.1	20	0.05	891	500	0	500	0	0	1	0
0.1	20	0.05	892	500	0	500	0	0	1	0
0.1	20	0.05	893	500	0	500	0	0	1	0
0.1	20	0.05	894	500	0	500	0	0	1	0
0.1	20	0.05	895	500	0	500	0	0	1	0
0.1	20	0.05	896	500	0	500	0	0	1	0
0.1	20	0.05	897	500	0	500	0	0	1	0
0.1	20	0.05	898	500	0	500	0	0	1	0
0.1	20	0.05	899	500	0	500	0	0	1	0
0.1	20	0.05	900	500	0	500	0	0	1	0
0.1	20	0.05	901	500	0	499	1	0	0.998	0.002
0.1	20	0.05	902	500	0	500	0	0	1	0
0.1	20	0.05	903	500	0	500	0	0	1	0
0.1	20	0.05	904	500	0	500	0	0	1	0
0.1	20	0.05	905	500	0	500	0	0	1	0
0.1	20	0.05	906	500	0	500	0	0	1	0
0.1	20	0.05	907	500	0	500	0	0	1	0
0.1	20	0.05	908	500	0	500	0	0	1	0
0.1	20	0.05	909	500	0	500	0	0	1	0
0.1	20	0.05	910	500	0	500	0	0	1	0
0.1	20	0.05	911	500	0	500	0	0	1	0
0.1	20	0.05	912	500	0	500	0	0	1	0
0.1	20	0.05	913	500	0	500	0	0	1	0
0.1	20	0.05	914	500	0	500	0	0	1	0
0.1	20	0.05	915	500	0	500	0	0	1	0
0.1	20	0.05	916	500	0	500	0	0	1	0
0.1	20	0.05	917	500	0	500	0	0	1	0
0.1	20	0.05	918	500	0	500	0	0	1	0
0.1	20	0.05	919	500	0	500	0	0	1	0
0.1	20	0.05	920	500	0	500	0	0	1	0
0.1	20	0.05	921	500	0	500	0	0	1	0
0.1	20	0.05	922	500	0	500	0	0	1	0
0.1	20	0.05	923	500	0	500	0	0	1	0
0.1	20	0.05	924	500	0	500	0	0	1	0
0.1	20	0.05	925	500	0	500	0	0	1	0
0.1	20	0.05	926	500	0	500	0	0	1	0
0.1	20	0.05	927	500	0	500	0	0	1	0
0.1	20	0.05	928	500	0	500	0	0	1	0
0.1	20	0.05	929	500	0	500	0	0	1	0
0.1	20	0.05	930	500	0	500	0	0	1	0
0.1	20	0.05	931	500	0	500	0	0	1	0
0.1	20	0.05	932	500	0	500	0	0	1	0
0.1	20	0.05	933	500	0	500	0	0	1	0
0.1	20	0.05	934	500	0	500	0	0	1	0
0.1	20	0.05	935	500	0	500	0	0	1	0
0.1	20	0.05	936	500	0	500	0	0	1	0
0.1	20	0.05	937	500	0	500	0	0	1	0
0.1	20	0.05	938	500	0	500	0	0	1	0
0.1	20	0.05	939	500	0	500	0	0	1	0
0.1	20	0.05	940	500	0	500	0	0	1	0
0.1	20	0.05	941	500	0	500	0	0	1	0
0.1	20	0.05	942	500	0	500	0	0	1	0
0.1	20	0.05	943	500	0	500	0	0	1	0
0.1	20	0.05	944	500	0	500	0	0	1	0
0.1	20	0.05	945	500	0	500	0	0	1	0
0.1	20	0.05	946	500	0	500	0	0	1	0
0.1	20	0.05	947	500	0	500	0	0	1	0
0.1	20	0.05	948	500	0	500	0	0	1	0
0.1	20	0.05	949	500	0	499	1	0	0.998	0.002
0.1	20	0.05	950	500	0	500	0	0	1	0
0.1	20	0.05	951	500	0	500	0	0	1	0
0.1	20	0.05	952	500	0	500	0	0	1	0
0.1	20	0.05	953	500	0	499	1	0	0.998	0.002
0.1	20	0.05	954	500	0	500	0	0	1	0
0.1	20	0.05	955	500	0	500	0	0	1	0
0.1	20	0.05	956	500	0	500	0	0	1	0
0.1	20	0.05	957	500	0	500	0	0	1	0
0.1	20	0.05	958	500	0	500	0	0	1	0
0.1	20	0.05	959	500	0	500	0	0	1	0
0.1	20	0.05	960	500	0	500	0	0	1	0
0.1	20	0.05	961	500	0	500	0	0	1	0
0.1	20	0.05	962	500	0	500	0	0	1	0
0.1	20	0.05	963	500	0	500	0	0	1	0
0.1	20	0.05	964	500	0	500	0	0	1	0
0.1	20	0.05	965	500	0	500	0	0	1	0
0.1	20	0.05	966	500	0	500	0	0	1	0
0.1	20	0.05	967	500	0	500	0	0	1	0
0.1	20	0.05	968	500	0	500	0	0	1	0
0.1	20	0.05	969	500	0	500	0	0	1	0
0.1	20	0.05	970	500	0	500	0	0	1	0
0.1	20	0.05	971	500	0	500	0	0	1	0
0.1	20	0.05	972	500	0	500	0	0	1	0
0.1	20	0.05	973	500	0	500	0	0	1	0
0.1	20	0.05	974	500	0	500	0	0	1	0
0.1	20	0.05	975	500	0	500	0	0	1	0
0.1	20	0.05	976	500	0	500	0	0	1	0
0.1	20	0.05	977	500	0	500	0	0	1	0
0.1	20	0.05	978	500	0	500	0	0	1	0
0.1	20	0.05	979	500	0	500	0	0	1	0
0.1	20	0.05	980	500	0	500	0	0	1	0
0.1	20	0.05	981	500	0	500	0	0	1	0
0.1	20	0.05	982	500	0	500	0	0	1	0
0.1	20	0.05	983	500	0	500	0	0	1	0
0.1	20	0.05	984	500	0	500	0	0	1	0
0.1	20	0.05	985	500	0	500	0	0	1	0
0.1	20	0.05	986	500	0	500	0	0	1	0
0.1	20	0.05	987	500	0	500	0	0	1	0
0.1	20	0.05	988	500	0	500	0	0	1	0
0.1	20	0.05	989	500	0	500	0	0	1	0
0.1	20	0.05	990	500	0	500	0	0	1	0
0.1	20	0.05	991	500	0	500	0	0	1	0
0.1	20	0.05	992	500	0	500	0	0	1	0
0.1	20	0.05	993	500	0	500	0	0	1	0
0.1	20	0.05	994	500	0	500	0	0	1	0
0.1	20	0.05	995	500	0	500	0	0	1	0
0.1	20	0.05	996	500	0	500	0	0	1	0
0.1	20	0.05	997	500	0	500	0	0	1	0
0.1	20	0.05	998	500	0	500	0	0	1	0
0.1	20	0.05	999	500	0	500	0	0	1	0
0.1	20	0.05	1000	500	0	500	0	0	1	0
0.2	20	0.05	2	500	0	0	500	0	0	1
0.2	20	0.05	3	500	0	0	500	0	0	1
0.2	20	0.05	4	500	0	0	500	0	0	1
0.2	20	0.05	5	500	0	0	500	0	0	1
0.2	20	0.05	6	500	0	0	500	0	0	1
0.2	20	0.05	7	500	0	1	499	0	0.002	0.998
0.2	20	0.05	8	500	0	2	498	0	0.004	0.996
0.2	20	0.05	9	500	0	4	496	0	0.008	0.992
0.2	20	0.05	10	500	0	6	494	0	0.012	0.988
0.2	20	0.05	11	500	1	14	485	0.002	0.028	0.97
0.2	20	0.05	12	500	4	21	475	0.008	0.042	0.95
0.2	20	0.05	13	500	4	18	478	0.008	0.036	0.956
0.2	20	0.05	14	500	3	22	475	0.006	0.044	0.95
0.2	20	0.05	15	500	4	24	472	0.008	0.048	0.944
0.2	20	0.05	16	500	6	35	459	0.012	0.07	0.918
0.2	20	0.05	17	500	10	39	451	0.02	0.078	0.902
0.2	20	0.05	18	500	10	39	451	0.02	0.078	0.902
0.2	20	0.05	19	500	7	47	446	0.014	0.094	0.892
0.2	20	0.05	20	500	8	50	442	0.016	0.1	0.884
0.2	20	0.05	21	500	12	61	427	0.024	0.122	0.854
0.2	20	0.05	22	500	11	70	419	0.022	0.14	0.838
0.2	20	0.05	23	500	13	52	435	0.026	0.104	0.87
0.2	20	0.05	24	500	11	77	412	0.022	0.154	0.824
0.2	20	0.05	25	500	13	81	406	0.026	0.162	0.812
0.2	20	0.05	26	500	17	70	413	0.034	0.14	0.826
0.2	20	0.05	27	500	18	81	401	0.036	0.162	0.802
0.2	20	0.05	28	500	20	85	395	0.04	0.17	0.79
0.2	20	0.05	29	500	23	83	394	0.046	0.166	0.788
0.2	20	0.05	30	500	21	93	386	0.042	0.186	0.772
0.2	20	0.05	31	500	23	88	389	0.046	0.176	0.778
0.2	20	0.05	32	500	30	99	371	0.06	0.198	0.742
0.2	20	0.05	33	500	32	113	355	0.064	0.226	0.71
0.2	20	0.05	34	500	25	108	367	0.05	0.216	0.734
0.2	20	0.05	35	500	28	98	374	0.056	0.196	0.748
0.2	20	0.05	36	500	25	103	372	0.05	0.206	0.744
0.2	20	0.05	37	500	32	113	355	0.064	0.226	0.71
0.2	20	0.05	38	500	31	107	362	0.062	0.214	0.724
0.2	20	0.05	39	500	28	146	326	0.056	0.292	0.652
0.2	20	0.05	40	500	26	134	340	0.052	0.268	0.68
0.2	20	0.05	41	500	34	119	347	0.068	0.238	0.694
0.2	20	0.05	42	500	31	136	333	0.062	0.272	0.666
0.2	20	0.05	43	500	32	149	319	0.064	0.298	0.638
0.2	20	0.05	44	500	31	125	344	0.062	0.25	0.688
0.2	20	0.05	45	500	40	132	328	0.08	0.264	0.656
0.2	20	0.05	46	500	26	144	330	0.052	0.288	0.66
0.2	20	0.05	47	500	32	144	324	0.064	0.288	0.648
0.2	20	0.05	48	500	35	126	339	0.07	0.252	0.678
0.2	20	0.05	49	500	35	145	320	0.07	0.29	0.64
0.2	20	0.05	50	500	24	157	319	0.048	0.314	0.638
0.2	20	0.05	51	500	36	146	318	0.072	0.292	0.636
0.2	20	0.05	52	500	37	152	311	0.074	0.304	0.622
0.2	20	0.05	53	500	42	166	292	0.084	0.332	0.584
0.2	20	0.05	54	500	37	169	294	0.074	0.338	0.588
0.2	20	0.05	55	500	31	167	302	0.062	0.334	0.604
0.2	20	0.05	56	500	37	163	300	0.074	0.326	0.6
0.2	20	0.05	57	500	41	161	298	0.082	0.322	0.596
0.2	20	0.05	58	500	46	156	298	0.092	0.312	0.596
0.2	20	0.05	59	500	52	164	284	0.104	0.328	0.568
0.2	20	0.05	60	500	26	164	310	0.052	0.328	0.62
0.2	20	0.05	61	500	43	177	280	0.086	0.354	0.56
0.2	20	0.05	62	500	34	187	279	0.068	0.374	0.558
0.2	20	0.05	63	500	32	185	283	0.064	0.37	0.566
0.2	20	0.05	64	500	41	185	274	0.082	0.37	0.548
0.2	20	0.05	65	500	48	179	273	0.096	0.358	0.546
0.2	20	0.05	66	500	38	161	301	0.076	0.322	0.602
0.2	20	0.05	67	500	37	177	286	0.074	0.354	0.572
0.2	20	0.05	68	500	38	194	268	0.076	0.388	0.536
0.2	20	0.05	69	500	39	183	278	0.078	0.366	0.556
0.2	20	0.05	70	500	36	202	262	0.072	0.404	0.524
0.2	20	0.05	71	500	34	186	280	0.068	0.372	0.56
0.2	20	0.05	72	500	41	211	248	0.082	0.422	0.496
0.2	20	0.05	73	500	39	202	259	0.078	0.404	0.518
0.2	20	0.05	74	500	37	204	259	0.074	0.408	0.518
0.2	20	0.05	75	500	37	188	275	0.074	0.376	0.55
0.2	20	0.05	76	500	43	205	252	0.086	0.41	0.504
0.2	20	0.05	77	500	44	213	243	0.088	0.426	0.486
0.2	20	0.05	78	500	39	216	245	0.078	0.432	0.49
0.2	20	0.05	79	500	56	206	238	0.112	0.412	0.476
0.2	20	0.05	80	500	42	215	243	0.084	0.43	0.486
0.2	20	0.05	81	500	45	210	245	0.09	0.42	0.49
0.2	20	0.05	82	500	40	230	230	0.08	0.46	0.46
0.2	20	0.05	83	500	40	243	217	0.08	0.486	0.434
0.2	20	0.05	84	500	45	225	230	0.09	0.45	0.46
0.2	20	0.05	85	500	47	215	238	0.094	0.43	0.476
0.2	20	0.05	86	500	43	233	224	0.086	0.466	0.448
0.2	20	0.05	87	500	41	234	225	0.082	0.468	0.45
0.2	20	0.05	88	500	42	211	247	0.084	0.422	0.494
0.2	20	0.05	89	500	32	229	239	0.064	0.458	0.478
0.2	20	0.05	90	500	33	237	230	0.066	0.474	0.46
0.2	20	0.05	91	500	39	225	236	0.078	0.45	0.472
0.2	20	0.05	92	500	47	242	211	0.094	0.484	0.422
0.2	20	0.05	93	500	48	248	204	0.096	0.496	0.408
0.2	20	0.05	94	500	38	243	219	0.076	0.486	0.438
0.2	20	0.05	95	500	48	222	230	0.096	0.444	0.46
0.2	20	0.05	96	500	34	226	240	0.068	0.452	0.48
0.2	20	0.05	97	500	44	262	194	0.088	0.524	0.388
0.2	20	0.05	98	500	47	256	197	0.094	0.512	0.394
0.2	20	0.05	99	500	35	265	200	0.07	0.53	0.4
0.2	20	0.05	100	500	37	242	221	0.074	0.484	0.442
0.2	20	0.05	101	500	42	247	211	0.084	0.494	0.422
0.2	20	0.05	102	500	41	253	206	0.082	0.506	0.412
0.2	20	0.05	103	500	34	261	205	0.068	0.522	0.41
0.2	20	0.05	104	500	45	241	214	0.09	0.482	0.428
0.2	20	0.05	105	500	43	257	200	0.086	0.514	0.4
0.2	20	0.05	106	500	37	259	204	0.074	0.518	0.408
0.2	20	0.05	107	500	35	261	204	0.07	0.522	0.408
0.2	20	0.05	108	500	35	258	207	0.07	0.516	0.414
0.2	20	0.05	109	500	45	248	207	0.09	0.496	0.414
0.2	20	0.05	110	500	34	266	200	0.068	0.532	0.4
0.2	20	0.05	111	500	42	260	198	0.084	0.52	0.396
0.2	20	0.05	112	500	42	287	171	0.084	0.574	0.342
0.2	20	0.05	113	500	36	258	206	0.072	0.516	0.412
0.2	20	0.05	114	500	41	270	189	0.082	0.54	0.378
0.2	20	0.05	115	500	39	269	192	0.078	0.538	0.384
0.2	20	0.05	116	500	42	270	188	0.084	0.54	0.376
0.2	20	0.05	117	500	32	273	195	0.064	0.546	0.39
0.2	20	0.05	118	500	55	269	176	0.11	0.538	0.352
0.2	20	0.05	119	500	38	258	204	0.076	0.516	0.408
0.2	20	0.05	120	500	44	286	170	0.088	0.572	0.34
0.2	20	0.05	121	500	42	284	174	0.084	0.568	0.348
0.2	20	0.05	122	500	35	273	192	0.07	0.546	0.384
0.2	20	0.05	123	500	34	300	166	0.068	0.6	0.332
0.2	20	0.05	124	500	38	264	198	0.076	0.528	0.396
0.2	20	0.05	125	500	32	308	160	0.064	0.616	0.32
0.2	20	0.05	126	500	36	272	192	0.072	0.544	0.384
0.2	20	0.05	127	500	36	287	177	0.072	0.574	0.354
0.2	20	0.05	128	500	25	282	193	0.05	0.564	0.386
0.2	20	0.05	129	500	44	285	171	0.088	0.57	0.342
0.2	20	0.05	130	500	42	277	181	0.084	0.554	0.362
0.2	20	0.05	131	500	32	313	155	0.064	0.626	0.31
0.2	20	0.05	132	500	33	279	188	0.066	0.558	0.376
0.2	20	0.05	133	500	44	280	176	0.088	0.56	0.352
0.2	20	0.05	134	500	37	286	177	0.074	0.572	0.354
0.2	20	0.05	135	500	51	280	169	0.102	0.56	0.338
0.2	20	0.05	136	500	30	274	196	0.06	0.548	0.392
0.2	20	0.05	137	500	39	264	197	0.078	0.528	0.394
0.2	20	0.05	138	500	39	293	168	0.078	0.586	0.336
0.2	20	0.05	139	500	51	285	164	0.102	0.57	0.328
0.2	20	0.05	140	500	30	299	171	0.06	0.598	0.342
0.2	20	0.05	141	500	38	292	170	0.076	0.584	0.34
0.2	20	0.05	142	500	45	297	158	0.09	0.594	0.316
0.2	20	0.05	143	500	33	291	176	0.066	0.582	0.352
0.2	20	0.05	144	500	37	295	168	0.074	0.59	0.336
0.2	20	0.05	145	500	47	295	158	0.094	0.59	0.316
0.2	20	0.05	146	500	50	296	154	0.1	0.592	0.308
0.2	20	0.05	147	500	45	282	173	0.09	0.564	0.346
0.2	20	0.05	148	500	28	312	160	0.056	0.624	0.32
0.2	20	0.05	149	500	38	315	147	0.076	0.63	0.294
0.2	20	0.05	150	500	37	300	163	0.074	0.6	0.326
0.2	20	0.05	151	500	39	309	152	0.078	0.618	0.304
0.2	20	0.05	152	500	48	282	170	0.096	0.564	0.34
0.2	20	0.05	153	500	26	305	169	0.052	0.61	0.338
0.2	20	0.05	154	500	34	329	137	0.068	0.658	0.274
0.2	20	0.05	155	500	56	294	150	0.112	0.588	0.3
0.2	20	0.05	156	500	37	297	166	0.074	0.594	0.332
0.2	20	0.05	157	500	33	323	144	0.066	0.646	0.288
0.2	20	0.05	158	500	32	309	159	0.064	0.618	0.318
0.2	20	0.05	159	500	34	321	145	0.068	0.642	0.29
0.2	20	0.05	160	500	25	324	151	0.05	0.648	0.302
0.2	20	0.05	161	500	31	331	138	0.062	0.662	0.276
0.2	20	0.05	162	500	47	296	157	0.094	0.592	0.314
0.2	20	0.05	163	500	32	324	144	0.064	0.648	0.288
0.2	20	0.05	164	500	36	338	126	0.072	0.676	0.252
0.2	20	0.05	165	500	44	305	151	0.088	0.61	0.302
0.2	20	0.05	166	500	35	317	148	0.07	0.634	0.296
0.2	20	0.05	167	500	34	327	139	0.068	0.654	0.278
0.2	20	0.05	168	500	36	319	145	0.072	0.638	0.29
0.2	20	0.05	169	500	42	306	152	0.084	0.612	0.304
0.2	20	0.05	170	500	34	323	143	0.068	0.646	0.286
0.2	20	0.05	171	500	40	305	155	0.08	0.61	0.31
0.2	20	0.05	172	500	51	304	145	0.102	0.608	0.29
0.2	20	0.05	173	500	41	322	137	0.082	0.644	0.274
0.2	20	0.05	174	500	35	337	128	0.07	0.674	0.256
0.2	20	0.05	175	500	27	331	142	0.054	0.662	0.284
0.2	20	0.05	176	500	30	326	144	0.06	0.652	0.288
0.2	20	0.05	177	500	39	320	141	0.078	0.64	0.282
0.2	20	0.05	178	500	47	314	139	0.094	0.628	0.278
0.2	20	0.05	179	500	44	333	123	0.088	0.666	0.246
0.2	20	0.05	180	500	36	333	131	0.072	0.666	0.262
0.2	20	0.05	181	500	52	323	125	0.104	0.646	0.25
0.2	20	0.05	182	500	30	334	136	0.06	0.668	0.272
0.2	20	0.05	183	500	41	316	143	0.082	0.632	0.286
0.2	20	0.05	184	500	34	340	126	0.068	0.68	0.252
0.2	20	0.05	185	500	43	324	133	0.086	0.648	0.266
0.2	20	0.05	186	500	33	335	132	0.066	0.67	0.264
0.2	20	0.05	187	500	38	331	131	0.076	0.662	0.262
0.2	20	0.05	188	500	31	326	143	0.062	0.652	0.286
0.2	20	0.05	189	500	38	320	142	0.076	0.64	0.284
0.2	20	0.05	190	500	36	340	124	0.072	0.68	0.248
0.2	20	0.05	191	500	43	322	135	0.086	0.644	0.27
0.2	20	0.05	192	500	39	334	127	0.078	0.668	0.254
0.2	20	0.05	193	500	28	347	125	0.056	0.694	0.25
0.2	20	0.05	194	500	39	339	122	0.078	0.678	0.244
0.2	20	0.05	195	500	39	329	132	0.078	0.658	0.264
0.2	20	0.05	196	500	38	341	121	0.076	0.682	0.242
0.2	20	0.05	197	500	46	349	105	0.092	0.698	0.21
0.2	20	0.05	198	500	39	335	126	0.078	0.67	0.252
0.2	20	0.05	199	500	22	336	142	0.044	0.672	0.284
0.2	20	0.05	200	500	35	351	114	0.07	0.702	0.228
0.2	20	0.05	201	500	41	330	129	0.082	0.66	0.258
0.2	20	0.05	202	500	41	349	110	0.082	0.698	0.22
0.2	20	0.05	203	500	36	355	109	0.072	0.71	0.218
0.2	20	0.05	204	500	31	336	133	0.062	0.672	0.266
0.2	20	0.05	205	500	47	337	116	0.094	0.674	0.232
0.2	20	0.05	206	500	32	341	127	0.064	0.682	0.254
0.2	20	0.05	207	500	37	333	130	0.074	0.666	0.26
0.2	20	0.05	208	500	24	343	133	0.048	0.686	0.266
0.2	20	0.05	209	500	43	338	119	0.086	0.676	0.238
0.2	20	0.05	210	500	32	339	129	0.064	0.678	0.258
0.2	20	0.05	211	500	22	369	109	0.044	0.738	0.218
0.2	20	0.05	212	500	33	357	110	0.066	0.714	0.22
0.2	20	0.05	213	500	39	350	111	0.078	0.7	0.222
0.2	20	0.05	214	500	34	368	98	0.068	0.736	0.196
0.2	20	0.05	215	500	24	353	123	0.048	0.706	0.246
0.2	20	0.05	216	500	33	350	117	0.066	0.7	0.234
0.2	20	0.05	217	500	41	359	100	0.082	0.718	0.2
0.2	20	0.05	218	500	31	343	126	0.062	0.686	0.252
0.2	20	0.05	219	500	27	360	113	0.054	0.72	0.226
0.2	20	0.05	220	500	34	356	110	0.068	0.712	0.22
0.2	20	0.05	221	500	32	345	123	0.064	0.69	0.246
0.2	20	0.05	222	500	36	368	96	0.072	0.736	0.192
0.2	20	0.05	223	500	38	356	106	0.076	0.712	0.212
0.2	20	0.05	224	500	30	361	109	0.06	0.722	0.218
0.2	20	0.05	225	500	32	348	120	0.064	0.696	0.24
0.2	20	0.05	226	500	26	364	110	0.052	0.728	0.22
0.2	20	0.05	227	500	27	370	103	0.054	0.74	0.206
0.2	20	0.05	228	500	28	356	116	0.056	0.712	0.232
0.2	20	0.05	229	500	36	358	106	0.072	0.716	0.212
0.2	20	0.05	230	500	33	351	116	0.066	0.702	0.232
0.2	20	0.05	231	500	33	352	115	0.066	0.704	0.23
0.2	20	0.05	232	500	28	384	88	0.056	0.768	0.176
0.2	20	0.05	233	500	29	372	99	0.058	0.744	0.198
0.2	20	0.05	234	500	38	356	106	0.076	0.712	0.212
0.2	20	0.05	235	500	34	358	108	0.068	0.716	0.216
0.2	20	0.05	236	500	25	359	116	0.05	0.718	0.232
0.2	20	0.05	237	500	30	353	117	0.06	0.706	0.234
0.2	20	0.05	238	500	29	367	104	0.058	0.734	0.208
0.2	20	0.05	239	500	36	367	97	0.072	0.734	0.194
0.2	20	0.05	240	500	35	353	112	0.07	0.706	0.224
0.2	20	0.05	241	500	27	379	94	0.054	0.758	0.188
0.2	20	0.05	242	500	30	355	115	0.06	0.71	0.23
0.2	20	0.05	243	500	35	364	101	0.07	0.728	0.202
0.2	20	0.05	244	500	34	368	98	0.068	0.736	0.196
0.2	20	0.05	245	500	23	360	117	0.046	0.72	0.234
0.2	20	0.05	246	500	29	358	113	0.058	0.716	0.226
0.2	20	0.05	247	500	29	362	109	0.058	0.724	0.218
0.2	20	0.05	248	500	30	358	112	0.06	0.716	0.224
0.2	20	0.05	249	500	28	364	108	0.056	0.728	0.216
0.2	20	0.05	250	500	35	364	101	0.07	0.728	0.202
0.2	20	0.05	251	500	28	377	95	0.056	0.754	0.19
0.2	20	0.05	252	500	29	372	99	0.058	0.744	0.198
0.2	20	0.05	253	500	32	381	87	0.064	0.762	0.174
0.2	20	0.05	254	500	31	366	103	0.062	0.732	0.206
0.2	20	0.05	255	500	29	387	84	0.058	0.774	0.168
0.2	20	0.05	256	500	23	401	76	0.046	0.802	0.152
0.2	20	0.05	257	500	31	358	111	0.062	0.716	0.222
0.2	20	0.05	258	500	21	381	98	0.042	0.762	0.196
0.2	20	0.05	259	500	40	366	94	0.08	0.732	0.188
0.2	20	0.05	260	500	28	378	94	0.056	0.756	0.188
0.2	20	0.05	261	500	27	372	101	0.054	0.744	0.202
0.2	20	0.05	262	500	27	375	98	0.054	0.75	0.196
0.2	20	0.05	263	500	26	379	95	0.052	0.758	0.19
0.2	20	0.05	264	500	34	385	81	0.068	0.77	0.162
0.2	20	0.05	265	500	26	377	97	0.052	0.754	0.194
0.2	20	0.05	266	500	24	378	98	0.048	0.756	0.196
0.2	20	0.05	267	500	31	376	93	0.062	0.752	0.186
0.2	20	0.05	268	500	30	381	89	0.06	0.762	0.178
0.2	20	0.05	269	500	33	384	83	0.066	0.768	0.166
0.2	20	0.05	270	500	38	361	101	0.076	0.722	0.202
0.2	20	0.05	271	500	27	369	104	0.054	0.738	0.208
0.2	20	0.05	272	500	28	383	89	0.056	0.766	0.178
0.2	20	0.05	273	500	31	375	94	0.062	0.75	0.188
0.2	20	0.05	274	500	29	391	80	0.058	0.782	0.16
0.2	20	0.05	275	500	30	394	76	0.06	0.788	0.152
0.2	20	0.05	276	500	34	376	90	0.068	0.752	0.18
0.2	20	0.05	277	500	37	384	79	0.074	0.768	0.158
0.2	20	0.05	278	500	25	375	100	0.05	0.75	0.2
0.2	20	0.05	279	500	29	377	94	0.058	0.754	0.188
0.2	20	0.05	280	500	33	384	83	0.066	0.768	0.166
0.2	20	0.05	281	500	31	397	72	0.062	0.794	0.144
0.2	20	0.05	282	500	25	395	80	0.05	0.79	0.16
0.2	20	0.05	283	500	33	390	77	0.066	0.78	0.154
0.2	20	0.05	284	500	32	377	91	0.064	0.754	0.182
0.2	20	0.05	285	500	37	388	75	0.074	0.776	0.15
0.2	20	0.05	286	500	24	391	85	0.048	0.782	0.17
0.2	20	0.05	287	500	20	389	91	0.04	0.778	0.182
0.2	20	0.05	288	500	25	391	84	0.05	0.782	0.168
0.2	20	0.05	289	500	22	396	82	0.044	0.792	0.164
0.2	20	0.05	290	500	21	393	86	0.042	0.786	0.172
0.2	20	0.05	291	500	24	373	103	0.048	0.746	0.206
0.2	20	0.05	292	500	23	406	71	0.046	0.812	0.142
0.2	20	0.05	293	500	24	393	83	0.048	0.786	0.166
0.2	20	0.05	294	500	29	381	90	0.058	0.762	0.18
0.2	20	0.05	295	500	21	382	97	0.042	0.764	0.194
0.2	20	0.05	296	500	24	408	68	0.048	0.816	0.136
0.2	20	0.05	297	500	26	396	78	0.052	0.792	0.156
0.2	20	0.05	298	500	27	406	67	0.054	0.812	0.134
0.2	20	0.05	299	500	27	396	77	0.054	0.792	0.154
0.2	20	0.05	300	500	18	410	72	0.036	0.82	0.144
0.2	20	0.05	301	500	24	397	79	0.048	0.794	0.158
0.2	20	0.05	302	500	17	388	95	0.034	0.776	0.19
0.2	20	0.05	303	500	35	384	81	0.07	0.768	0.162
0.2	20	0.05	304	500	26	397	77	0.052	0.794	0.154
0.2	20	0.05	305	500	30	389	81	0.06	0.778	0.162
0.2	20	0.05	306	500	31	385	84	0.062	0.77	0.168
0.2	20	0.05	307	500	24	384	92	0.048	0.768	0.184
0.2	20	0.05	308	500	23	388	89	0.046	0.776	0.178
0.2	20	0.05	309	500	23	402	75	0.046	0.804	0.15
0.2	20	0.05	310	500	36	384	80	0.072	0.768	0.16
0.2	20	0.05	311	500	21	401	78	0.042	0.802	0.156
0.2	20	0.05	312	500	30	386	84	0.06	0.772	0.168
0.2	20	0.05	313	500	23	403	74	0.046	0.806	0.148
0.2	20	0.05	314	500	35	388	77	0.07	0.776	0.154
0.2	20	0.05	315	500	27	391	82	0.054	0.782	0.164
0.2	20	0.05	316	500	19	401	80	0.038	0.802	0.16
0.2	20	0.05	317	500	22	397	81	0.044	0.794	0.162
0.2	20	0.05	318	500	24	399	77	0.048	0.798	0.154
0.2	20	0.05	319	500	32	382	86	0.064	0.764	0.172
0.2	20	0.05	320	500	26	399	75	0.052	0.798	0.15
0.2	20	0.05	321	500	25	396	79	0.05	0.792	0.158
0.2	20	0.05	322	500	13	411	76	0.026	0.822	0.152
0.2	20	0.05	323	500	24	411	65	0.048	0.822	0.13
0.2	20	0.05	324	500	26	400	74	0.052	0.8	0.148
0.2	20	0.05	325	500	26	398	76	0.052	0.796	0.152
0.2	20	0.05	326	500	25	415	60	0.05	0.83	0.12
0.2	20	0.05	327	500	26	407	67	0.052	0.814	0.134
0.2	20	0.05	328	500	25	404	71	0.05	0.808	0.142
0.2	20	0.05	329	500	28	402	70	0.056	0.804	0.14
0.2	20	0.05	330	500	19	420	61	0.038	0.84	0.122
0.2	20	0.05	331	500	16	404	80	0.032	0.808	0.16
0.2	20	0.05	332	500	31	405	64	0.062	0.81	0.128
0.2	20	0.05	333	500	35	387	78	0.07	0.774	0.156
0.2	20	0.05	334	500	28	415	57	0.056	0.83	0.114
0.2	20	0.05	335	500	30	390	80	0.06	0.78	0.16
0.2	20	0.05	336	500	28	404	68	0.056	0.808	0.136
0.2	20	0.05	337	500	25	398	77	0.05	0.796	0.154
0.2	20	0.05	338	500	19	408	73	0.038	0.816	0.146
0.2	20	0.05	339	500	28	394	78	0.056	0.788	0.156
0.2	20	0.05	340	500	21	417	62	0.042	0.834	0.124
0.2	20	0.05	341	500	19	412	69	0.038	0.824	0.138
0.2	20	0.05	342	500	25	407	68	0.05	0.814	0.136
0.2	20	0.05	343	500	29	407	64	0.058	0.814	0.128
0.2	20	0.05	344	500	23	407	70	0.046	0.814	0.14
0.2	20	0.05	345	500	28	416	56	0.056	0.832	0.112
0.2	20	0.05	346	500	17	424	59	0.034	0.848	0.118
0.2	20	0.05	347	500	30	402	68	0.06	0.804	0.136
0.2	20	0.05	348	500	22	416	62	0.044	0.832	0.124
0.2	20	0.05	349	500	15	410	75	0.03	0.82	0.15
0.2	20	0.05	350	500	25	423	52	0.05	0.846	0.104
0.2	20	0.05	351	500	31	411	58	0.062	0.822	0.116
0.2	20	0.05	352	500	19	416	65	0.038	0.832	0.13
0.2	20	0.05	353	500	29	401	70	0.058	0.802	0.14
0.2	20	0.05	354	500	15	420	65	0.03	0.84	0.13
0.2	20	0.05	355	500	27	412	61	0.054	0.824	0.122
0.2	20	0.05	356	500	15	422	63	0.03	0.844	0.126
0.2	20	0.05	357	500	20	417	63	0.04	0.834	0.126
0.2	20	0.05	358	500	22	407	71	0.044	0.814	0.142
0.2	20	0.05	359	500	23	418	59	0.046	0.836	0.118
0.2	20	0.05	360	500	23	415	62	0.046	0.83	0.124
0.2	20	0.05	361	500	19	415	66	0.038	0.83	0.132
0.2	20	0.05	362	500	26	427	47	0.052	0.854	0.094
0.2	20	0.05	363	500	24	427	49	0.048	0.854	0.098
0.2	20	0.05	364	500	17	432	51	0.034	0.864	0.102
0.2	20	0.05	365	500	28	416	56	0.056	0.832	0.112
0.2	20	0.05	366	500	23	411	66	0.046	0.822	0.132
0.2	20	0.05	367	500	23	415	62	0.046	0.83	0.124
0.2	20	0.05	368	500	22	403	75	0.044	0.806	0.15
0.2	20	0.05	369	500	16	423	61	0.032	0.846	0.122
0.2	20	0.05	370	500	16	418	66	0.032	0.836	0.132
0.2	20	0.05	371	500	19	423	58	0.038	0.846	0.116
0.2	20	0.05	372	500	26	417	57	0.052	0.834	0.114
0.2	20	0.05	373	500	23	428	49	0.046	0.856	0.098
0.2	20	0.05	374	500	16	433	51	0.032	0.866	0.102
0.2	20	0.05	375	500	24	415	61	0.048	0.83	0.122
0.2	20	0.05	376	500	16	428	56	0.032	0.856	0.112
0.2	20	0.05	377	500	24	420	56	0.048	0.84	0.112
0.2	20	0.05	378	500	24	427	49	0.048	0.854	0.098
0.2	20	0.05	379	500	22	436	42	0.044	0.872	0.084
0.2	20	0.05	380	500	24	421	55	0.048	0.842	0.11
0.2	20	0.05	381	500	18	423	59	0.036	0.846	0.118
0.2	20	0.05	382	500	21	420	59	0.042	0.84	0.118
0.2	20	0.05	383	500	14	425	61	0.028	0.85	0.122
0.2	20	0.05	384	500	20	422	58	0.04	0.844	0.116
0.2	20	0.05	385	500	17	422	61	0.034	0.844	0.122
0.2	20	0.05	386	500	23	424	53	0.046	0.848	0.106
0.2	20	0.05	387	500	19	433	48	0.038	0.866	0.096
0.2	20	0.05	388	500	16	434	50	0.032	0.868	0.1
0.2	20	0.05	389	500	27	426	47	0.054	0.852	0.094
0.2	20	0.05	390	500	22	423	55	0.044	0.846	0.11
0.2	20	0.05	391	500	28	414	58	0.056	0.828	0.116
0.2	20	0.05	392	500	15	432	53	0.03	0.864	0.106
0.2	20	0.05	393	500	21	439	40	0.042	0.878	0.08
0.2	20	0.05	394	500	20	418	62	0.04	0.836	0.124
0.2	20	0.05	395	500	12	441	47	0.024	0.882	0.094
0.2	20	0.05	396	500	18	433	49	0.036	0.866	0.098
0.2	20	0.05	397	500	21	428	51	0.042	0.856	0.102
0.2	20	0.05	398	500	16	418	66	0.032	0.836	0.132
0.2	20	0.05	399	500	21	419	60	0.042	0.838	0.12
0.2	20	0.05	400	500	18	426	56	0.036	0.852	0.112
0.2	20	0.05	401	500	23	418	59	0.046	0.836	0.118
0.2	20	0.05	402	500	21	420	59	0.042	0.84	0.118
0.2	20	0.05	403	500	19	423	58	0.038	0.846	0.116
0.2	20	0.05	404	500	18	423	59	0.036	0.846	0.118
0.2	20	0.05	405	500	19	428	53	0.038	0.856	0.106
0.2	20	0.05	406	500	19	429	52	0.038	0.858	0.104
0.2	20	0.05	407	500	13	438	49	0.026	0.876	0.098
0.2	20	0.05	408	500	19	441	40	0.038	0.882	0.08
0.2	20	0.05	409	500	15	433	52	0.03	0.866	0.104
0.2	20	0.05	410	500	13	440	47	0.026	0.88	0.094
0.2	20	0.05	411	500	15	432	53	0.03	0.864	0.106
0.2	20	0.05	412	500	21	423	56	0.042	0.846	0.112
0.2	20	0.05	413	500	19	420	61	0.038	0.84	0.122
0.2	20	0.05	414	500	24	432	44	0.048	0.864	0.088
0.2	20	0.05	415	500	17	432	51	0.034	0.864	0.102
0.2	20	0.05	416	500	23	422	55	0.046	0.844	0.11
0.2	20	0.05	417	500	26	426	48	0.052	0.852	0.096
0.2	20	0.05	418	500	13	424	63	0.026	0.848	0.126
0.2	20	0.05	419	500	12	427	61	0.024	0.854	0.122
0.2	20	0.05	420	500	19	434	47	0.038	0.868	0.094
0.2	20	0.05	421	500	21	429	50	0.042	0.858	0.1
0.2	20	0.05	422	500	17	422	61	0.034	0.844	0.122
0.2	20	0.05	423	500	18	435	47	0.036	0.87	0.094
0.2	20	0.05	424	500	21	415	64	0.042	0.83	0.128
0.2	20	0.05	425	500	19	433	48	0.038	0.866	0.096
0.2	20	0.05	426	500	18	443	39	0.036	0.886	0.078
0.2	20	0.05	427	500	17	438	45	0.034	0.876	0.09
0.2	20	0.05	428	500	21	426	53	0.042	0.852	0.106
0.2	20	0.05	429	500	13	434	53	0.026	0.868	0.106
0.2	20	0.05	430	500	17	430	53	0.034	0.86	0.106
0.2	20	0.05	431	500	18	430	52	0.036	0.86	0.104
0.2	20	0.05	432	500	16	431	53	0.032	0.862	0.106
0.2	20	0.05	433	500	9	440	51	0.018	0.88	0.102
0.2	20	0.05	434	500	20	441	39	0.04	0.882	0.078
0.2	20	0.05	435	500	15	447	38	0.03	0.894	0.076
0.2	20	0.05	436	500	15	436	49	0.03	0.872	0.098
0.2	20	0.05	437	500	18	435	47	0.036	0.87	0.094
0.2	20	0.05	438	500	24	430	46	0.048	0.86	0.092
0.2	20	0.05	439	500	22	433	45	0.044	0.866	0.09
0.2	20	0.05	440	500	22	430	48	0.044	0.86	0.096
0.2	20	0.05	441	500	18	442	40	0.036	0.884	0.08
0.2	20	0.05	442	500	20	441	39	0.04	0.882	0.078
0.2	20	0.05	443	500	21	438	41	0.042	0.876	0.082
0.2	20	0.05	444	500	15	444	41	0.03	0.888	0.082
0.2	20	0.05	445	500	15	441	44	0.03	0.882	0.088
0.2	20	0.05	446	500	16	448	36	0.032	0.896	0.072
0.2	20	0.05	447	500	19	435	46	0.038	0.87	0.092
0.2	20	0.05	448	500	14	434	52	0.028	0.868	0.104
0.2	20	0.05	449	500	16	443	41	0.032	0.886	0.082
0.2	20	0.05	450	500	19	425	56	0.038	0.85	0.112
0.2	20	0.05	451	500	11	431	58	0.022	0.862	0.116
0.2	20	0.05	452	500	14	442	44	0.028	0.884	0.088
0.2	20	0.05	453	500	17	436	47	0.034	0.872	0.094
0.2	20	0.05	454	500	16	431	53	0.032	0.862	0.106
0.2	20	0.05	455	500	19	431	50	0.038	0.862	0.1
0.2	20	0.05	456	500	18	433	49	0.036	0.866	0.098
0.2	20	0.05	457	500	29	425	46	0.058	0.85	0.092
0.2	20	0.05	458	500	25	434	41	0.05	0.868	0.082
0.2	20	0.05	459	500	17	445	38	0.034	0.89	0.076
0.2	20	0.05	460	500	17	449	34	0.034	0.898	0.068
0.2	20	0.05	461	500	16	437	47	0.032	0.874	0.094
0.2	20	0.05	462	500	11	446	43	0.022	0.892	0.086
0.2	20	0.05	463	500	22	436	42	0.044	0.872	0.084
0.2	20	0.05	464	500	20	446	34	0.04	0.892	0.068
0.2	20	0.05	465	500	16	440	44	0.032	0.88	0.088
0.2	20	0.05	466	500	13	449	38	0.026	0.898	0.076
0.2	20	0.05	467	500	27	439	34	0.054	0.878	0.068
0.2	20	0.05	468	500	15	443	42	0.03	0.886	0.084
0.2	20	0.05	469	500	8	451	41	0.016	0.902	0.082
0.2	20	0.05	470	500	12	442	46	0.024	0.884	0.092
0.2	20	0.05	471	500	21	441	38	0.042	0.882	0.076
0.2	20	0.05	472	500	16	444	40	0.032	0.888	0.08
0.2	20	0.05	473	500	18	439	43	0.036	0.878	0.086
0.2	20	0.05	474	500	10	435	55	0.02	0.87	0.11
0.2	20	0.05	475	500	14	441	45	0.028	0.882	0.09
0.2	20	0.05	476	500	12	451	37	0.024	0.902	0.074
0.2	20	0.05	477	500	13	448	39	0.026	0.896	0.078
0.2	20	0.05	478	500	6	451	43	0.012	0.902	0.086
0.2	20	0.05	479	500	14	455	31	0.028	0.91	0.062
0.2	20	0.05	480	500	19	435	46	0.038	0.87	0.092
0.2	20	0.05	481	500	22	444	34	0.044	0.888	0.068
0.2	20	0.05	482	500	14	446	40	0.028	0.892	0.08
0.2	20	0.05	483	500	19	440	41	0.038	0.88	0.082
0.2	20	0.05	484	500	11	439	50	0.022	0.878	0.1
0.2	20	0.05	485	500	11	456	33	0.022	0.912	0.066
0.2	20	0.05	486	500	13	446	41	0.026	0.892	0.082
0.2	20	0.05	487	500	16	445	39	0.032	0.89	0.078
0.2	20	0.05	488	500	18	436	46	0.036	0.872	0.092
0.2	20	0.05	489	500	24	428	48	0.048	0.856	0.096
0.2	20	0.05	490	500	17	444	39	0.034	0.888	0.078
0.2	20	0.05	491	500	9	451	40	0.018	0.902	0.08
0.2	20	0.05	492	500	21	431	48	0.042	0.862	0.096
0.2	20	0.05	493	500	16	446	38	0.032	0.892	0.076
0.2	20	0.05	494	500	12	448	40	0.024	0.896	0.08
0.2	20	0.05	495	500	9	444	47	0.018	0.888	0.094
0.2	20	0.05	496	500	16	443	41	0.032	0.886	0.082
0.2	20	0.05	497	500	13	438	49	0.026	0.876	0.098
0.2	20	0.05	498	500	20	441	39	0.04	0.882	0.078
0.2	20	0.05	499	500	12	443	45	0.024	0.886	0.09
0.2	20	0.05	500	500	17	439	44	0.034	0.878	0.088
0.2	20	0.05	501	500	12	460	28	0.024	0.92	0.056
0.2	20	0.05	502	500	11	439	50	0.022	0.878	0.1
0.2	20	0.05	503	500	19	444	37	0.038	0.888	0.074
0.2	20	0.05	504	500	15	438	47	0.03	0.876	0.094
0.2	20	0.05	505	500	19	443	38	0.038	0.886	0.076
0.2	20	0.05	506	500	16	452	32	0.032	0.904	0.064
0.2	20	0.05	507	500	17	444	39	0.034	0.888	0.078
0.2	20	0.05	508	500	15	451	34	0.03	0.902	0.068
0.2	20	0.05	509	500	20	437	43	0.04	0.874	0.086
0.2	20	0.05	510	500	15	454	31	0.03	0.908	0.062
0.2	20	0.05	511	500	21	448	31	0.042	0.896	0.062
0.2	20	0.05	512	500	13	447	40	0.026	0.894	0.08
0.2	20	0.05	513	500	20	449	31	0.04	0.898	0.062
0.2	20	0.05	514	500	19	438	43	0.038	0.876	0.086
0.2	20	0.05	515	500	18	446	36	0.036	0.892	0.072
0.2	20	0.05	516	500	22	433	45	0.044	0.866	0.09
0.2	20	0.05	517	500	22	439	39	0.044	0.878	0.078
0.2	20	0.05	518	500	14	444	42	0.028	0.888	0.084
0.2	20	0.05	519	500	13	447	40	0.026	0.894	0.08
0.2	20	0.05	520	500	14	443	43	0.028	0.886	0.086
0.2	20	0.05	521	500	14	440	46	0.028	0.88	0.092
0.2	20	0.05	522	500	16	440	44	0.032	0.88	0.088
0.2	20	0.05	523	500	14	458	28	0.028	0.916	0.056
0.2	20	0.05	524	500	12	466	22	0.024	0.932	0.044
0.2	20	0.05	525	500	8	456	36	0.016	0.912	0.072
0.2	20	0.05	526	500	18	447	35	0.036	0.894	0.07
0.2	20	0.05	527	500	5	463	32	0.01	0.926	0.064
0.2	20	0.05	528	500	25	443	32	0.05	0.886	0.064
0.2	20	0.05	529	500	17	447	36	0.034	0.894	0.072
0.2	20	0.05	530	500	12	462	26	0.024	0.924	0.052
0.2	20	0.05	531	500	21	435	44	0.042	0.87	0.088
0.2	20	0.05	532	500	11	455	34	0.022	0.91	0.068
0.2	20	0.05	533	500	11	460	29	0.022	0.92	0.058
0.2	20	0.05	534	500	11	449	40	0.022	0.898	0.08
0.2	20	0.05	535	500	17	448	35	0.034	0.896	0.07
0.2	20	0.05	536	500	12	453	35	0.024	0.906	0.07
0.2	20	0.05	537	500	11	452	37	0.022	0.904	0.074
0.2	20	0.05	538	500	13	454	33	0.026	0.908	0.066
0.2	20	0.05	539	500	15	460	25	0.03	0.92	0.05
0.2	20	0.05	540	500	17	460	23	0.034	0.92	0.046
0.2	20	0.05	541	500	9	455	36	0.018	0.91	0.072
0.2	20	0.05	542	500	19	443	38	0.038	0.886	0.076
0.2	20	0.05	543	500	15	454	31	0.03	0.908	0.062
0.2	20	0.05	544	500	14	448	38	0.028	0.896	0.076
0.2	20	0.05	545	500	9	463	28	0.018	0.926	0.056
0.2	20	0.05	546	500	10	447	43	0.02	0.894	0.086
0.2	20	0.05	547	500	10	463	27	0.02	0.926	0.054
0.2	20	0.05	548	500	17	452	31	0.034	0.904	0.062
0.2	20	0.05	549	500	18	453	29	0.036	0.906	0.058
0.2	20	0.05	550	500	12	461	27	0.024	0.922	0.054
0.2	20	0.05	551	500	12	454	34	0.024	0.908	0.068
0.2	20	0.05	552	500	13	449	38	0.026	0.898	0.076
0.2	20	0.05	553	500	18	443	39	0.036	0.886	0.078
0.2	20	0.05	554	500	8	462	30	0.016	0.924	0.06
0.2	20	0.05	555	500	13	456	31	0.026	0.912	0.062
0.2	20	0.05	556	500	14	470	16	0.028	0.94	0.032
0.2	20	0.05	557	500	13	461	26	0.026	0.922	0.052
0.2	20	0.05	558	500	9	453	38	0.018	0.906	0.076
0.2	20	0.05	559	500	12	462	26	0.024	0.924	0.052
0.2	20	0.05	560	500	12	452	36	0.024	0.904	0.072
0.2	20	0.05	561	500	10	458	32	0.02	0.916	0.064
0.2	20	0.05	562	500	13	456	31	0.026	0.912	0.062
0.2	20	0.05	563	500	17	455	28	0.034	0.91	0.056
0.2	20	0.05	564	500	16	459	25	0.032	0.918	0.05
0.2	20	0.05	565	500	16	456	28	0.032	0.912	0.056
0.2	20	0.05	566	500	6	461	33	0.012	0.922	0.066
0.2	20	0.05	567	500	18	455	27	0.036	0.91	0.054
0.2	20	0.05	568	500	13	442	45	0.026	0.884	0.09
0.2	20	0.05	569	500	16	453	31	0.032	0.906	0.062
0.2	20	0.05	570	500	11	445	44	0.022	0.89	0.088
0.2	20	0.05	571	500	9	462	29	0.018	0.924	0.058
0.2	20	0.05	572	500	11	459	30	0.022	0.918	0.06
0.2	20	0.05	573	500	11	455	34	0.022	0.91	0.068
0.2	20	0.05	574	500	12	457	31	0.024	0.914	0.062
0.2	20	0.05	575	500	14	455	31	0.028	0.91	0.062
0.2	20	0.05	576	500	17	453	30	0.034	0.906	0.06
0.2	20	0.05	577	500	18	446	36	0.036	0.892	0.072
0.2	20	0.05	578	500	17	442	41	0.034	0.884	0.082
0.2	20	0.05	579	500	15	451	34	0.03	0.902	0.068
0.2	20	0.05	580	500	12	462	26	0.024	0.924	0.052
0.2	20	0.05	581	500	12	466	22	0.024	0.932	0.044
0.2	20	0.05	582	500	12	455	33	0.024	0.91	0.066
0.2	20	0.05	583	500	10	464	26	0.02	0.928	0.052
0.2	20	0.05	584	500	18	453	29	0.036	0.906	0.058
0.2	20	0.05	585	500	15	455	30	0.03	0.91	0.06
0.2	20	0.05	586	500	18	451	31	0.036	0.902	0.062
0.2	20	0.05	587	500	8	460	32	0.016	0.92	0.064
0.2	20	0.05	588	500	9	460	31	0.018	0.92	0.062
0.2	20	0.05	589	500	16	461	23	0.032	0.922	0.046
0.2	20	0.05	590	500	12	457	31	0.024	0.914	0.062
0.2	20	0.05	591	500	12	463	25	0.024	0.926	0.05
0.2	20	0.05	592	500	16	450	34	0.032	0.9	0.068
0.2	20	0.05	593	500	15	463	22	0.03	0.926	0.044
0.2	20	0.05	594	500	12	461	27	0.024	0.922	0.054
0.2	20	0.05	595	500	12	455	33	0.024	0.91	0.066
0.2	20	0.05	596	500	8	456	36	0.016	0.912	0.072
0.2	20	0.05	597	500	16	456	28	0.032	0.912	0.056
0.2	20	0.05	598	500	12	454	34	0.024	0.908	0.068
0.2	20	0.05	599	500	11	463	26	0.022	0.926	0.052
0.2	20	0.05	600	500	13	461	26	0.026	0.922	0.052
0.2	20	0.05	601	500	5	462	33	0.01	0.924	0.066
0.2	20	0.05	602	500	10	468	22	0.02	0.936	0.044
0.2	20	0.05	603	500	12	455	33	0.024	0.91	0.066
0.2	20	0.05	604	500	16	455	29	0.032	0.91	0.058
0.2	20	0.05	605	500	9	470	21	0.018	0.94	0.042
0.2	20	0.05	606	500	12	461	27	0.024	0.922	0.054
0.2	20	0.05	607	500	5	467	28	0.01	0.934	0.056
0.2	20	0.05	608	500	11	451	38	0.022	0.902	0.076
0.2	20	0.05	609	500	11	461	28	0.022	0.922	0.056
0.2	20	0.05	610	500	13	456	31	0.026	0.912	0.062
0.2	20	0.05	611	500	10	456	34	0.02	0.912	0.068
0.2	20	0.05	612	500	10	457	33	0.02	0.914	0.066
0.2	20	0.05	613	500	5	467	28	0.01	0.934	0.056
0.2	20	0.05	614	500	6	474	20	0.012	0.948	0.04
0.2	20	0.05	615	500	6	475	19	0.012	0.95	0.038
0.2	20	0.05	616	500	10	460	30	0.02	0.92	0.06
0.2	20	0.05	617	500	6	469	25	0.012	0.938	0.05
0.2	20	0.05	618	500	13	461	26	0.026	0.922	0.052
0.2	20	0.05	619	500	11	461	28	0.022	0.922	0.056
0.2	20	0.05	620	500	12	462	26	0.024	0.924	0.052
0.2	20	0.05	621	500	20	454	26	0.04	0.908	0.052
0.2	20	0.05	622	500	13	456	31	0.026	0.912	0.062
0.2	20	0.05	623	500	3	470	27	0.006	0.94	0.054
0.2	20	0.05	624	500	10	465	25	0.02	0.93	0.05
0.2	20	0.05	625	500	7	460	33	0.014	0.92	0.066
0.2	20	0.05	626	500	13	454	33	0.026	0.908	0.066
0.2	20	0.05	627	500	9	467	24	0.018	0.934	0.048
0.2	20	0.05	628	500	6	472	22	0.012	0.944	0.044
0.2	20	0.05	629	500	7	472	21	0.014	0.944	0.042
0.2	20	0.05	630	500	9	471	20	0.018	0.942	0.04
0.2	20	0.05	631	500	12	465	23	0.024	0.93	0.046
0.2	20	0.05	632	500	12	460	28	0.024	0.92	0.056
0.2	20	0.05	633	500	10	469	21	0.02	0.938	0.042
0.2	20	0.05	634	500	11	461	28	0.022	0.922	0.056
0.2	20	0.05	635	500	7	464	29	0.014	0.928	0.058
0.2	20	0.05	636	500	13	464	23	0.026	0.928	0.046
0.2	20	0.05	637	500	10	462	28	0.02	0.924	0.056
0.2	20	0.05	638	500	16	454	30	0.032	0.908	0.06
0.2	20	0.05	639	500	10	474	16	0.02	0.948	0.032
0.2	20	0.05	640	500	13	464	23	0.026	0.928	0.046
0.2	20	0.05	641	500	9	472	19	0.018	0.944	0.038
0.2	20	0.05	642	500	9	472	19	0.018	0.944	0.038
0.2	20	0.05	643	500	9	461	30	0.018	0.922	0.06
0.2	20	0.05	644	500	13	453	34	0.026	0.906	0.068
0.2	20	0.05	645	500	9	472	19	0.018	0.944	0.038
0.2	20	0.05	646	500	6	465	29	0.012	0.93	0.058
0.2	20	0.05	647	500	9	465	26	0.018	0.93	0.052
0.2	20	0.05	648	500	5	472	23	0.01	0.944	0.046
0.2	20	0.05	649	500	9	474	17	0.018	0.948	0.034
0.2	20	0.05	650	500	14	459	27	0.028	0.918	0.054
0.2	20	0.05	651	500	16	454	30	0.032	0.908	0.06
0.2	20	0.05	652	500	8	472	20	0.016	0.944	0.04
0.2	20	0.05	653	500	11	463	26	0.022	0.926	0.052
0.2	20	0.05	654	500	9	467	24	0.018	0.934	0.048
0.2	20	0.05	655	500	9	467	24	0.018	0.934	0.048
0.2	20	0.05	656	500	6	472	22	0.012	0.944	0.044
0.2	20	0.05	657	500	10	469	21	0.02	0.938	0.042
0.2	20	0.05	658	500	17	459	24	0.034	0.918	0.048
0.2	20	0.05	659	500	8	472	20	0.016	0.944	0.04
0.2	20	0.05	660	500	13	469	18	0.026	0.938	0.036
0.2	20	0.05	661	500	5	459	36	0.01	0.918	0.072
0.2	20	0.05	662	500	9	473	18	0.018	0.946	0.036
0.2	20	0.05	663	500	11	467	22	0.022	0.934	0.044
0.2	20	0.05	664	500	13	468	19	0.026	0.936	0.038
0.2	20	0.05	665	500	10	464	26	0.02	0.928	0.052
0.2	20	0.05	666	500	7	466	27	0.014	0.932	0.054
0.2	20	0.05	667	500	10	458	32	0.02	0.916	0.064
0.2	20	0.05	668	500	12	460	28	0.024	0.92	0.056
0.2	20	0.05	669	500	10	467	23	0.02	0.934	0.046
0.2	20	0.05	670	500	8	472	20	0.016	0.944	0.04
0.2	20	0.05	671	500	9	473	18	0.018	0.946	0.036
0.2	20	0.05	672	500	9	471	20	0.018	0.942	0.04
0.2	20	0.05	673	500	4	474	22	0.008	0.948	0.044
0.2	20	0.05	674	500	9	470	21	0.018	0.94	0.042
0.2	20	0.05	675	500	10	472	18	0.02	0.944	0.036
0.2	20	0.05	676	500	15	459	26	0.03	0.918	0.052
0.2	20	0.05	677	500	10	467	23	0.02	0.934	0.046
0.2	20	0.05	678	500	14	464	22	0.028	0.928	0.044
0.2	20	0.05	679	500	9	459	32	0.018	0.918	0.064
0.2	20	0.05	680	500	10	468	22	0.02	0.936	0.044
0.2	20	0.05	681	500	9	464	27	0.018	0.928	0.054
0.2	20	0.05	682	500	10	474	16	0.02	0.948	0.032
0.2	20	0.05	683	500	8	477	15	0.016	0.954	0.03
0.2	20	0.05	684	500	6	474	20	0.012	0.948	0.04
0.2	20	0.05	685	500	7	467	26	0.014	0.934	0.052
0.2	20	0.05	686	500	8	474	18	0.016	0.948	0.036
0.2	20	0.05	687	500	8	473	19	0.016	0.946	0.038
0.2	20	0.05	688	500	10	475	15	0.02	0.95	0.03
0.2	20	0.05	689	500	11	461	28	0.022	0.922	0.056
0.2	20	0.05	690	500	14	468	18	0.028	0.936	0.036
0.2	20	0.05	691	500	4	479	17	0.008	0.958	0.034
0.2	20	0.05	692	500	11	471	18	0.022	0.942	0.036
0.2	20	0.05	693	500	13	472	15	0.026	0.944	0.03
0.2	20	0.05	694	500	14	459	27	0.028	0.918	0.054
0.2	20	0.05	695	500	5	468	27	0.01	0.936	0.054
0.2	20	0.05	696	500	10	477	13	0.02	0.954	0.026
0.2	20	0.05	697	500	5	474	21	0.01	0.948	0.042
0.2	20	0.05	698	500	12	472	16	0.024	0.944	0.032
0.2	20	0.05	699	500	5	472	23	0.01	0.944	0.046
0.2	20	0.05	700	500	12	466	22	0.024	0.932	0.044
0.2	20	0.05	701	500	12	468	20	0.024	0.936	0.04
0.2	20	0.05	702	500	10	469	21	0.02	0.938	0.042
0.2	20	0.05	703	500	5	485	10	0.01	0.97	0.02
0.2	20	0.05	704	500	7	474	19	0.014	0.948	0.038
0.2	20	0.05	705	500	12	474	14	0.024	0.948	0.028
0.2	20	0.05	706	500	5	469	26	0.01	0.938	0.052
0.2	20	0.05	707	500	5	472	23	0.01	0.944	0.046
0.2	20	0.05	708	500	8	470	22	0.016	0.94	0.044
0.2	20	0.05	709	500	6	478	16	0.012	0.956	0.032
0.2	20	0.05	710	500	9	464	27	0.018	0.928	0.054
0.2	20	0.05	711	500	12	473	15	0.024	0.946	0.03
0.2	20	0.05	712	500	9	471	20	0.018	0.942	0.04
0.2	20	0.05	713	500	11	479	10	0.022	0.958	0.02
0.2	20	0.05	714	500	7	469	24	0.014	0.938	0.048
0.2	20	0.05	715	500	9	477	14	0.018	0.954	0.028
0.2	20	0.05	716	500	14	463	23	0.028	0.926	0.046
0.2	20	0.05	717	500	6	476	18	0.012	0.952	0.036
0.2	20	0.05	718	500	4	481	15	0.008	0.962	0.03
0.2	20	0.05	719	500	3	478	19	0.006	0.956	0.038
0.2	20	0.05	720	500	12	472	16	0.024	0.944	0.032
0.2	20	0.05	721	500	9	470	21	0.018	0.94	0.042
0.2	20	0.05	722	500	9	471	20	0.018	0.942	0.04
0.2	20	0.05	723	500	7	475	18	0.014	0.95	0.036
0.2	20	0.05	724	500	14	476	10	0.028	0.952	0.02
0.2	20	0.05	725	500	6	469	25	0.012	0.938	0.05
0.2	20	0.05	726	500	3	475	22	0.006	0.95	0.044
0.2	20	0.05	727	500	11	478	11	0.022	0.956	0.022
0.2	20	0.05	728	500	12	471	17	0.024	0.942	0.034
0.2	20	0.05	729	500	9	476	15	0.018	0.952	0.03
0.2	20	0.05	730	500	9	478	13	0.018	0.956	0.026
0.2	20	0.05	731	500	6	475	19	0.012	0.95	0.038
0.2	20	0.05	732	500	11	475	14	0.022	0.95	0.028
0.2	20	0.05	733	500	10	467	23	0.02	0.934	0.046
0.2	20	0.05	734	500	3	476	21	0.006	0.952	0.042
0.2	20	0.05	735	500	8	475	17	0.016	0.95	0.034
0.2	20	0.05	736	500	11	475	14	0.022	0.95	0.028
0.2	20	0.05	737	500	7	480	13	0.014	0.96	0.026
0.2	20	0.05	738	500	9	464	27	0.018	0.928	0.054
0.2	20	0.05	739	500	10	473	17	0.02	0.946	0.034
0.2	20	0.05	740	500	8	466	26	0.016	0.932	0.052
0.2	20	0.05	741	500	6	479	15	0.012	0.958	0.03
0.2	20	0.05	742	500	5	476	19	0.01	0.952	0.038
0.2	20	0.05	743	500	9	472	19	0.018	0.944	0.038
0.2	20	0.05	744	500	9	477	14	0.018	0.954	0.028
0.2	20	0.05	745	500	8	478	14	0.016	0.956	0.028
0.2	20	0.05	746	500	5	478	17	0.01	0.956	0.034
0.2	20	0.05	747	500	4	481	15	0.008	0.962	0.03
0.2	20	0.05	748	500	7	475	18	0.014	0.95	0.036
0.2	20	0.05	749	500	11	476	13	0.022	0.952	0.026
0.2	20	0.05	750	500	6	472	22	0.012	0.944	0.044
0.2	20	0.05	751	500	14	472	14	0.028	0.944	0.028
0.2	20	0.05	752	500	7	481	12	0.014	0.962	0.024
0.2	20	0.05	753	500	7	473	20	0.014	0.946	0.04
0.2	20	0.05	754	500	11	470	19	0.022	0.94	0.038
0.2	20	0.05	755	500	11	473	16	0.022	0.946	0.032
0.2	20	0.05	756	500	7	474	19	0.014	0.948	0.038
0.2	20	0.05	757	500	7	479	14	0.014	0.958	0.028
0.2	20	0.05	758	500	7	479	14	0.014	0.958	0.028
0.2	20	0.05	759	500	3	476	21	0.006	0.952	0.042
0.2	20	0.05	760	500	11	470	19	0.022	0.94	0.038
0.2	20	0.05	761	500	6	475	19	0.012	0.95	0.038
0.2	20	0.05	762	500	5	472	23	0.01	0.944	0.046
0.2	20	0.05	763	500	5	472	23	0.01	0.944	0.046
0.2	20	0.05	764	500	8	476	16	0.016	0.952	0.032
0.2	20	0.05	765	500	10	480	10	0.02	0.96	0.02
0.2	20	0.05	766	500	3	476	21	0.006	0.952	0.042
0.2	20	0.05	767	500	6	475	19	0.012	0.95	0.038
0.2	20	0.05	768	500	8	476	16	0.016	0.952	0.032
0.2	20	0.05	769	500	6	485	9	0.012	0.97	0.018
0.2	20	0.05	770	500	6	477	17	0.012	0.954	0.034
0.2	20	0.05	771	500	3	481	16	0.006	0.962	0.032
0.2	20	0.05	772	500	4	473	23	0.008	0.946	0.046
0.2	20	0.05	773	500	9	476	15	0.018	0.952	0.03
0.2	20	0.05	774	500	4	484	12	0.008	0.968	0.024
0.2	20	0.05	775	500	10	475	15	0.02	0.95	0.03
0.2	20	0.05	776	500	8	475	17	0.016	0.95	0.034
0.2	20	0.05	777	500	7	474	19	0.014	0.948	0.038
0.2	20	0.05	778	500	9	469	22	0.018	0.938	0.044
0.2	20	0.05	779	500	5	480	15	0.01	0.96	0.03
0.2	20	0.05	780	500	10	468	22	0.02	0.936	0.044
0.2	20	0.05	781	500	7	472	21	0.014	0.944	0.042
0.2	20	0.05	782	500	5	490	5	0.01	0.98	0.01
0.2	20	0.05	783	500	5	481	14	0.01	0.962	0.028
0.2	20	0.05	784	500	6	481	13	0.012	0.962	0.026
0.2	20	0.05	785	500	7	474	19	0.014	0.948	0.038
0.2	20	0.05	786	500	5	476	19	0.01	0.952	0.038
0.2	20	0.05	787	500	5	477	18	0.01	0.954	0.036
0.2	20	0.05	788	500	5	477	18	0.01	0.954	0.036
0.2	20	0.05	789	500	10	479	11	0.02	0.958	0.022
0.2	20	0.05	790	500	5	483	12	0.01	0.966	0.024
0.2	20	0.05	791	500	8	476	16	0.016	0.952	0.032
0.2	20	0.05	792	500	9	477	14	0.018	0.954	0.028
0.2	20	0.05	793	500	7	477	16	0.014	0.954	0.032
0.2	20	0.05	794	500	3	480	17	0.006	0.96	0.034
0.2	20	0.05	795	500	5	481	14	0.01	0.962	0.028
0.2	20	0.05	796	500	5	481	14	0.01	0.962	0.028
0.2	20	0.05	797	500	8	479	13	0.016	0.958	0.026
0.2	20	0.05	798	500	5	471	24	0.01	0.942	0.048
0.2	20	0.05	799	500	16	471	13	0.032	0.942	0.026
0.2	20	0.05	800	500	5	486	9	0.01	0.972	0.018
0.2	20	0.05	801	500	8	480	12	0.016	0.96	0.024
0.2	20	0.05	802	500	6	480	14	0.012	0.96	0.028
0.2	20	0.05	803	500	9	476	15	0.018	0.952	0.03
0.2	20	0.05	804	500	5	477	18	0.01	0.954	0.036
0.2	20	0.05	805	500	2	483	15	0.004	0.966	0.03
0.2	20	0.05	806	500	9	475	16	0.018	0.95	0.032
0.2	20	0.05	807	500	6	472	22	0.012	0.944	0.044
0.2	20	0.05	808	500	8	477	15	0.016	0.954	0.03
0.2	20	0.05	809	500	6	474	20	0.012	0.948	0.04
0.2	20	0.05	810	500	6	478	16	0.012	0.956	0.032
0.2	20	0.05	811	500	6	475	19	0.012	0.95	0.038
0.2	20	0.05	812	500	11	478	11	0.022	0.956	0.022
0.2	20	0.05	813	500	5	472	23	0.01	0.944	0.046
0.2	20	0.05	814	500	7	478	15	0.014	0.956	0.03
0.2	20	0.05	815	500	4	477	19	0.008	0.954	0.038
0.2	20	0.05	816	500	5	479	16	0.01	0.958	0.032
0.2	20	0.05	817	500	8	474	18	0.016	0.948	0.036
0.2	20	0.05	818	500	1	481	18	0.002	0.962	0.036
0.2	20	0.05	819	500	4	481	15	0.008	0.962	0.03
0.2	20	0.05	820	500	6	485	9	0.012	0.97	0.018
0.2	20	0.05	821	500	6	483	11	0.012	0.966	0.022
0.2	20	0.05	822	500	4	482	14	0.008	0.964	0.028
0.2	20	0.05	823	500	5	480	15	0.01	0.96	0.03
0.2	20	0.05	824	500	5	479	16	0.01	0.958	0.032
0.2	20	0.05	825	500	7	478	15	0.014	0.956	0.03
0.2	20	0.05	826	500	9	473	18	0.018	0.946	0.036
0.2	20	0.05	827	500	6	484	10	0.012	0.968	0.02
0.2	20	0.05	828	500	7	488	5	0.014	0.976	0.01
0.2	20	0.05	829	500	5	481	14	0.01	0.962	0.028
0.2	20	0.05	830	500	6	485	9	0.012	0.97	0.018
0.2	20	0.05	831	500	5	489	6	0.01	0.978	0.012
0.2	20	0.05	832	500	6	483	11	0.012	0.966	0.022
0.2	20	0.05	833	500	8	477	15	0.016	0.954	0.03
0.2	20	0.05	834	500	8	479	13	0.016	0.958	0.026
0.2	20	0.05	835	500	6	477	17	0.012	0.954	0.034
0.2	20	0.05	836	500	8	474	18	0.016	0.948	0.036
0.2	20	0.05	837	500	2	487	11	0.004	0.974	0.022
0.2	20	0.05	838	500	6	485	9	0.012	0.97	0.018
0.2	20	0.05	839	500	9	481	10	0.018	0.962	0.02
0.2	20	0.05	840	500	2	489	9	0.004	0.978	0.018
0.2	20	0.05	841	500	6	479	15	0.012	0.958	0.03
0.2	20	0.05	842	500	9	476	15	0.018	0.952	0.03
0.2	20	0.05	843	500	8	481	11	0.016	0.962	0.022
0.2	20	0.05	844	500	8	479	13	0.016	0.958	0.026
0.2	20	0.05	845	500	4	489	7	0.008	0.978	0.014
0.2	20	0.05	846	500	11	476	13	0.022	0.952	0.026
0.2	20	0.05	847	500	7	485	8	0.014	0.97	0.016
0.2	20	0.05	848	500	5	485	10	0.01	0.97	0.02
0.2	20	0.05	849	500	2	483	15	0.004	0.966	0.03
0.2	20	0.05	850	500	6	478	16	0.012	0.956	0.032
0.2	20	0.05	851	500	6	477	17	0.012	0.954	0.034
0.2	20	0.05	852	500	9	474	17	0.018	0.948	0.034
0.2	20	0.05	853	500	7	474	19	0.014	0.948	0.038
0.2	20	0.05	854	500	5	484	11	0.01	0.968	0.022
0.2	20	0.05	855	500	3	481	16	0.006	0.962	0.032
0.2	20	0.05	856	500	7	483	10	0.014	0.966	0.02
0.2	20	0.05	857	500	3	492	5	0.006	0.984	0.01
0.2	20	0.05	858	500	2	486	12	0.004	0.972	0.024
0.2	20	0.05	859	500	7	475	18	0.014	0.95	0.036
0.2	20	0.05	860	500	3	488	9	0.006	0.976	0.018
0.2	20	0.05	861	500	4	479	17	0.008	0.958	0.034
0.2	20	0.05	862	500	7	483	10	0.014	0.966	0.02
0.2	20	0.05	863	500	5	487	8	0.01	0.974	0.016
0.2	20	0.05	864	500	5	481	14	0.01	0.962	0.028
0.2	20	0.05	865	500	5	482	13	0.01	0.964	0.026
0.2	20	0.05	866	500	4	484	12	0.008	0.968	0.024
0.2	20	0.05	867	500	3	489	8	0.006	0.978	0.016
0.2	20	0.05	868	500	5	486	9	0.01	0.972	0.018
0.2	20	0.05	869	500	2	482	16	0.004	0.964	0.032
0.2	20	0.05	870	500	8	474	18	0.016	0.948	0.036
0.2	20	0.05	871	500	6	489	5	0.012	0.978	0.01
0.2	20	0.05	872	500	5	483	12	0.01	0.966	0.024
0.2	20	0.05	873	500	3	483	14	0.006	0.966	0.028
0.2	20	0.05	874	500	4	481	15	0.008	0.962	0.03
0.2	20	0.05	875	500	3	491	6	0.006	0.982	0.012
0.2	20	0.05	876	500	7	483	10	0.014	0.966	0.02
0.2	20	0.05	877	500	6	485	9	0.012	0.97	0.018
0.2	20	0.05	878	500	5	483	12	0.01	0.966	0.024
0.2	20	0.05	879	500	8	479	13	0.016	0.958	0.026
0.2	20	0.05	880	500	3	486	11	0.006	0.972	0.022
0.2	20	0.05	881	500	5	488	7	0.01	0.976	0.014
0.2	20	0.05	882	500	9	478	13	0.018	0.956	0.026
0.2	20	0.05	883	500	2	489	9	0.004	0.978	0.018
0.2	20	0.05	884	500	6	483	11	0.012	0.966	0.022
0.2	20	0.05	885	500	3	491	6	0.006	0.982	0.012
0.2	20	0.05	886	500	4	482	14	0.008	0.964	0.028
0.2	20	0.05	887	500	3	484	13	0.006	0.968	0.026
0.2	20	0.05	888	500	11	482	7	0.022	0.964	0.014
0.2	20	0.05	889	500	8	483	9	0.016	0.966	0.018
0.2	20	0.05	890	500	4	481	15	0.008	0.962	0.03
0.2	20	0.05	891	500	10	474	16	0.02	0.948	0.032
0.2	20	0.05	892	500	8	484	8	0.016	0.968	0.016
0.2	20	0.05	893	500	7	480	13	0.014	0.96	0.026
0.2	20	0.05	894	500	6	486	8	0.012	0.972	0.016
0.2	20	0.05	895	500	2	485	13	0.004	0.97	0.026
0.2	20	0.05	896	500	2	488	10	0.004	0.976	0.02
0.2	20	0.05	897	500	6	485	9	0.012	0.97	0.018
0.2	20	0.05	898	500	4	480	16	0.008	0.96	0.032
0.2	20	0.05	899	500	5	474	21	0.01	0.948	0.042
0.2	20	0.05	900	500	4	484	12	0.008	0.968	0.024
0.2	20	0.05	901	500	4	483	13	0.008	0.966	0.026
0.2	20	0.05	902	500	4	485	11	0.008	0.97	0.022
0.2	20	0.05	903	500	5	485	10	0.01	0.97	0.02
0.2	20	0.05	904	500	4	487	9	0.008	0.974	0.018
0.2	20	0.05	905	500	8	473	19	0.016	0.946	0.038
0.2	20	0.05	906	500	6	484	10	0.012	0.968	0.02
0.2	20	0.05	907	500	6	488	6	0.012	0.976	0.012
0.2	20	0.05	908	500	3	484	13	0.006	0.968	0.026
0.2	20	0.05	909	500	2	489	9	0.004	0.978	0.018
0.2	20	0.05	910	500	1	487	12	0.002	0.974	0.024
0.2	20	0.05	911	500	6	480	14	0.012	0.96	0.028
0.2	20	0.05	912	500	4	482	14	0.008	0.964	0.028
0.2	20	0.05	913	500	4	479	17	0.008	0.958	0.034
0.2	20	0.05	914	500	8	483	9	0.016	0.966	0.018
0.2	20	0.05	915	500	6	478	16	0.012	0.956	0.032
0.2	20	0.05	916	500	2	490	8	0.004	0.98	0.016
0.2	20	0.05	917	500	10	482	8	0.02	0.964	0.016
0.2	20	0.05	918	500	7	477	16	0.014	0.954	0.032
0.2	20	0.05	919	500	8	482	10	0.016	0.964	0.02
0.2	20	0.05	920	500	2	495	3	0.004	0.99	0.006
0.2	20	0.05	921	500	2	488	10	0.004	0.976	0.02
0.2	20	0.05	922	500	4	489	7	0.008	0.978	0.014
0.2	20	0.05	923	500	3	483	14	0.006	0.966	0.028
0.2	20	0.05	924	500	2	488	10	0.004	0.976	0.02
0.2	20	0.05	925	500	5	481	14	0.01	0.962	0.028
0.2	20	0.05	926	500	3	488	9	0.006	0.976	0.018
0.2	20	0.05	927	500	8	477	15	0.016	0.954	0.03
0.2	20	0.05	928	500	4	489	7	0.008	0.978	0.014
0.2	20	0.05	929	500	4	484	12	0.008	0.968	0.024
0.2	20	0.05	930	500	4	489	7	0.008	0.978	0.014
0.2	20	0.05	931	500	2	490	8	0.004	0.98	0.016
0.2	20	0.05	932	500	4	485	11	0.008	0.97	0.022
0.2	20	0.05	933	500	5	485	10	0.01	0.97	0.02
0.2	20	0.05	934	500	8	480	12	0.016	0.96	0.024
0.2	20	0.05	935	500	5	483	12	0.01	0.966	0.024
0.2	20	0.05	936	500	3	488	9	0.006	0.976	0.018
0.2	20	0.05	937	500	8	478	14	0.016	0.956	0.028
0.2	20	0.05	938	500	4	485	11	0.008	0.97	0.022
0.2	20	0.05	939	500	1	489	10	0.002	0.978	0.02
0.2	20	0.05	940	500	6	486	8	0.012	0.972	0.016
0.2	20	0.05	941	500	5	485	10	0.01	0.97	0.02
0.2	20	0.05	942	500	3	487	10	0.006	0.974	0.02
0.2	20	0.05	943	500	2	490	8	0.004	0.98	0.016
0.2	20	0.05	944	500	3	483	14	0.006	0.966	0.028
0.2	20	0.05	945	500	3	487	10	0.006	0.974	0.02
0.2	20	0.05	946	500	2	489	9	0.004	0.978	0.018
0.2	20	0.05	947	500	5	487	8	0.01	0.974	0.016
0.2	20	0.05	948	500	6	487	7	0.012	0.974	0.014
0.2	20	0.05	949	500	4	490	6	0.008	0.98	0.012
0.2	20	0.05	950	500	4	488	8	0.008	0.976	0.016
0.2	20	0.05	951	500	3	486	11	0.006	0.972	0.022
0.2	20	0.05	952	500	1	489	10	0.002	0.978	0.02
0.2	20	0.05	953	500	4	487	9	0.008	0.974	0.018
0.2	20	0.05	954	500	3	488	9	0.006	0.976	0.018
0.2	20	0.05	955	500	5	487	8	0.01	0.974	0.016
0.2	20	0.05	956	500	5	486	9	0.01	0.972	0.018
0.2	20	0.05	957	500	4	484	12	0.008	0.968	0.024
0.2	20	0.05	958	500	4	485	11	0.008	0.97	0.022
0.2	20	0.05	959	500	3	486	11	0.006	0.972	0.022
0.2	20	0.05	960	500	1	494	5	0.002	0.988	0.01
0.2	20	0.05	961	500	4	489	7	0.008	0.978	0.014
0.2	20	0.05	962	500	7	480	13	0.014	0.96	0.026
0.2	20	0.05	963	500	3	489	8	0.006	0.978	0.016
0.2	20	0.05	964	500	1	492	7	0.002	0.984	0.014
0.2	20	0.05	965	500	4	486	10	0.008	0.972	0.02
0.2	20	0.05	966	500	1	490	9	0.002	0.98	0.018
0.2	20	0.05	967	500	2	492	6	0.004	0.984	0.012
0.2	20	0.05	968	500	8	486	6	0.016	0.972	0.012
0.2	20	0.05	969	500	3	486	11	0.006	0.972	0.022
0.2	20	0.05	970	500	3	492	5	0.006	0.984	0.01
0.2	20	0.05	971	500	1	485	14	0.002	0.97	0.028
0.2	20	0.05	972	500	2	493	5	0.004	0.986	0.01
0.2	20	0.05	973	500	4	484	12	0.008	0.968	0.024
0.2	20	0.05	974	500	3	490	7	0.006	0.98	0.014
0.2	20	0.05	975	500	3	486	11	0.006	0.972	0.022
0.2	20	0.05	976	500	3	488	9	0.006	0.976	0.018
0.2	20	0.05	977	500	4	485	11	0.008	0.97	0.022
0.2	20	0.05	978	500	2	484	14	0.004	0.968	0.028
0.2	20	0.05	979	500	4	486	10	0.008	0.972	0.02
0.2	20	0.05	980	500	3	487	10	0.006	0.974	0.02
0.2	20	0.05	981	500	3	489	8	0.006	0.978	0.016
0.2	20	0.05	982	500	6	490	4	0.012	0.98	0.008
0.2	20	0.05	983	500	2	488	10	0.004	0.976	0.02
0.2	20	0.05	984	500	3	486	11	0.006	0.972	0.022
0.2	20	0.05	985	500	3	489	8	0.006	0.978	0.016
0.2	20	0.05	986	500	2	493	5	0.004	0.986	0.01
0.2	20	0.05	987	500	0	491	9	0	0.982	0.018
0.2	20	0.05	988	500	2	488	10	0.004	0.976	0.02
0.2	20	0.05	989	500	1	493	6	0.002	0.986	0.012
0.2	20	0.05	990	500	5	485	10	0.01	0.97	0.02
0.2	20	0.05	991	500	4	482	14	0.008	0.964	0.028
0.2	20	0.05	992	500	6	485	9	0.012	0.97	0.018
0.2	20	0.05	993	500	11	483	6	0.022	0.966	0.012
0.2	20	0.05	994	500	7	487	6	0.014	0.974	0.012
0.2	20	0.05	995	500	4	483	13	0.008	0.966	0.026
0.2	20	0.05	996	500	4	485	11	0.008	0.97	0.022
0.2	20	0.05	997	500	2	486	12	0.004	0.972	0.024
0.2	20	0.05	998	500	3	490	7	0.006	0.98	0.014
0.2	20	0.05	999	500	7	483	10	0.014	0.966	0.02
0.2	20	0.05	1000	500	5	485	10	0.01	0.97	0.02
0.3	20	0.05	2	500	0	0	500	0	0	1
0.3	20	0.05	3	500	0	0	500	0	0	1
0.3	20	0.05	4	500	0	0	500	0	0	1
0.3	20	0.05	5	500	0	0	500	0	0	1
0.3	20	0.05	6	500	0	0	500	0	0	1
0.3	20	0.05	7	500	0	0	500	0	0	1
0.3	20	0.05	8	500	0	1	499	0	0.002	0.998
0.3	20	0.05	9	500	0	3	497	0	0.006	0.994
0.3	20	0.05	10	500	2	2	496	0.004	0.004	0.992
0.3	20	0.05	11	500	2	9	489	0.004	0.018	0.978
0.3	20	0.05	12	500	2	9	489	0.004	0.018	0.978
0.3	20	0.05	13	500	7	14	479	0.014	0.028	0.958
0.3	20	0.05	14	500	9	20	471	0.018	0.04	0.942
0.3	20	0.05	15	500	20	13	467	0.04	0.026	0.934
0.3	20	0.05	16	500	14	15	471	0.028	0.03	0.942
0.3	20	0.05	17	500	10	16	474	0.02	0.032	0.948
0.3	20	0.05	18	500	20	23	457	0.04	0.046	0.914
0.3	20	0.05	19	500	26	24	450	0.052	0.048	0.9
0.3	20	0.05	20	500	21	31	448	0.042	0.062	0.896
0.3	20	0.05	21	500	24	32	444	0.048	0.064	0.888
0.3	20	0.05	22	500	22	36	442	0.044	0.072	0.884
0.3	20	0.05	23	500	33	29	438	0.066	0.058	0.876
0.3	20	0.05	24	500	29	49	422	0.058	0.098	0.844
0.3	20	0.05	25	500	37	40	423	0.074	0.08	0.846
0.3	20	0.05	26	500	33	37	430	0.066	0.074	0.86
0.3	20	0.05	27	500	51	46	403	0.102	0.092	0.806
0.3	20	0.05	28	500	48	46	406	0.096	0.092	0.812
0.3	20	0.05	29	500	49	45	406	0.098	0.09	0.812
0.3	20	0.05	30	500	57	47	396	0.114	0.094	0.792
0.3	20	0.05	31	500	48	55	397	0.096	0.11	0.794
0.3	20	0.05	32	500	48	51	401	0.096	0.102	0.802
0.3	20	0.05	33	500	44	53	403	0.088	0.106	0.806
0.3	20	0.05	34	500	59	54	387	0.118	0.108	0.774
0.3	20	0.05	35	500	63	45	392	0.126	0.09	0.784
0.3	20	0.05	36	500	55	56	389	0.11	0.112	0.778
0.3	20	0.05	37	500	58	62	380	0.116	0.124	0.76
0.3	20	0.05	38	500	59	58	383	0.118	0.116	0.766
0.3	20	0.05	39	500	63	61	376	0.126	0.122	0.752
0.3	20	0.05	40	500	67	83	350	0.134	0.166	0.7
0.3	20	0.05	41	500	69	64	367	0.138	0.128	0.734
0.3	20	0.05	42	500	64	70	366	0.128	0.14	0.732
0.3	20	0.05	43	500	57	73	370	0.114	0.146	0.74
0.3	20	0.05	44	500	69	68	363	0.138	0.136	0.726
0.3	20	0.05	45	500	89	77	334	0.178	0.154	0.668
0.3	20	0.05	46	500	73	73	354	0.146	0.146	0.708
0.3	20	0.05	47	500	87	67	346	0.174	0.134	0.692
0.3	20	0.05	48	500	73	81	346	0.146	0.162	0.692
0.3	20	0.05	49	500	82	69	349	0.164	0.138	0.698
0.3	20	0.05	50	500	68	85	347	0.136	0.17	0.694
0.3	20	0.05	51	500	88	85	327	0.176	0.17	0.654
0.3	20	0.05	52	500	83	72	345	0.166	0.144	0.69
0.3	20	0.05	53	500	86	78	336	0.172	0.156	0.672
0.3	20	0.05	54	500	86	77	337	0.172	0.154	0.674
0.3	20	0.05	55	500	69	85	346	0.138	0.17	0.692
0.3	20	0.05	56	500	81	83	336	0.162	0.166	0.672
0.3	20	0.05	57	500	86	89	325	0.172	0.178	0.65
0.3	20	0.05	58	500	73	79	348	0.146	0.158	0.696
0.3	20	0.05	59	500	78	81	341	0.156	0.162	0.682
0.3	20	0.05	60	500	83	91	326	0.166	0.182	0.652
0.3	20	0.05	61	500	98	89	313	0.196	0.178	0.626
0.3	20	0.05	62	500	83	84	333	0.166	0.168	0.666
0.3	20	0.05	63	500	87	96	317	0.174	0.192	0.634
0.3	20	0.05	64	500	93	120	287	0.186	0.24	0.574
0.3	20	0.05	65	500	96	94	310	0.192	0.188	0.62
0.3	20	0.05	66	500	95	91	314	0.19	0.182	0.628
0.3	20	0.05	67	500	100	113	287	0.2	0.226	0.574
0.3	20	0.05	68	500	93	85	322	0.186	0.17	0.644
0.3	20	0.05	69	500	85	110	305	0.17	0.22	0.61
0.3	20	0.05	70	500	101	94	305	0.202	0.188	0.61
0.3	20	0.05	71	500	107	100	293	0.214	0.2	0.586
0.3	20	0.05	72	500	104	91	305	0.208	0.182	0.61
0.3	20	0.05	73	500	89	104	307	0.178	0.208	0.614
0.3	20	0.05	74	500	85	116	299	0.17	0.232	0.598
0.3	20	0.05	75	500	109	99	292	0.218	0.198	0.584
0.3	20	0.05	76	500	103	105	292	0.206	0.21	0.584
0.3	20	0.05	77	500	106	95	299	0.212	0.19	0.598
0.3	20	0.05	78	500	103	106	291	0.206	0.212	0.582
0.3	20	0.05	79	500	113	103	284	0.226	0.206	0.568
0.3	20	0.05	80	500	114	117	269	0.228	0.234	0.538
0.3	20	0.05	81	500	106	115	279	0.212	0.23	0.558
0.3	20	0.05	82	500	99	120	281	0.198	0.24	0.562
0.3	20	0.05	83	500	97	107	296	0.194	0.214	0.592
0.3	20	0.05	84	500	121	94	285	0.242	0.188	0.57
0.3	20	0.05	85	500	98	106	296	0.196	0.212	0.592
0.3	20	0.05	86	500	101	100	299	0.202	0.2	0.598
0.3	20	0.05	87	500	113	113	274	0.226	0.226	0.548
0.3	20	0.05	88	500	106	100	294	0.212	0.2	0.588
0.3	20	0.05	89	500	105	124	271	0.21	0.248	0.542
0.3	20	0.05	90	500	101	116	283	0.202	0.232	0.566
0.3	20	0.05	91	500	107	111	282	0.214	0.222	0.564
0.3	20	0.05	92	500	108	106	286	0.216	0.212	0.572
0.3	20	0.05	93	500	124	106	270	0.248	0.212	0.54
0.3	20	0.05	94	500	117	123	260	0.234	0.246	0.52
0.3	20	0.05	95	500	114	116	270	0.228	0.232	0.54
0.3	20	0.05	96	500	116	100	284	0.232	0.2	0.568
0.3	20	0.05	97	500	123	124	253	0.246	0.248	0.506
0.3	20	0.05	98	500	127	113	260	0.254	0.226	0.52
0.3	20	0.05	99	500	125	115	260	0.25	0.23	0.52
0.3	20	0.05	100	500	128	130	242	0.256	0.26	0.484
0.3	20	0.05	101	500	116	116	268	0.232	0.232	0.536
0.3	20	0.05	102	500	106	127	267	0.212	0.254	0.534
0.3	20	0.05	103	500	133	131	236	0.266	0.262	0.472
0.3	20	0.05	104	500	121	111	268	0.242	0.222	0.536
0.3	20	0.05	105	500	113	135	252	0.226	0.27	0.504
0.3	20	0.05	106	500	112	126	262	0.224	0.252	0.524
0.3	20	0.05	107	500	118	115	267	0.236	0.23	0.534
0.3	20	0.05	108	500	128	131	241	0.256	0.262	0.482
0.3	20	0.05	109	500	122	117	261	0.244	0.234	0.522
0.3	20	0.05	110	500	111	118	271	0.222	0.236	0.542
0.3	20	0.05	111	500	111	122	267	0.222	0.244	0.534
0.3	20	0.05	112	500	122	124	254	0.244	0.248	0.508
0.3	20	0.05	113	500	128	131	241	0.256	0.262	0.482
0.3	20	0.05	114	500	140	145	215	0.28	0.29	0.43
0.3	20	0.05	115	500	129	136	235	0.258	0.272	0.47
0.3	20	0.05	116	500	134	129	237	0.268	0.258	0.474
0.3	20	0.05	117	500	132	135	233	0.264	0.27	0.466
0.3	20	0.05	118	500	129	113	258	0.258	0.226	0.516
0.3	20	0.05	119	500	139	132	229	0.278	0.264	0.458
0.3	20	0.05	120	500	122	129	249	0.244	0.258	0.498
0.3	20	0.05	121	500	130	135	235	0.26	0.27	0.47
0.3	20	0.05	122	500	137	109	254	0.274	0.218	0.508
0.3	20	0.05	123	500	157	122	221	0.314	0.244	0.442
0.3	20	0.05	124	500	123	130	247	0.246	0.26	0.494
0.3	20	0.05	125	500	104	132	264	0.208	0.264	0.528
0.3	20	0.05	126	500	127	140	233	0.254	0.28	0.466
0.3	20	0.05	127	500	129	123	248	0.258	0.246	0.496
0.3	20	0.05	128	500	136	129	235	0.272	0.258	0.47
0.3	20	0.05	129	500	136	133	231	0.272	0.266	0.462
0.3	20	0.05	130	500	139	128	233	0.278	0.256	0.466
0.3	20	0.05	131	500	120	132	248	0.24	0.264	0.496
0.3	20	0.05	132	500	133	141	226	0.266	0.282	0.452
0.3	20	0.05	133	500	133	142	225	0.266	0.284	0.45
0.3	20	0.05	134	500	140	141	219	0.28	0.282	0.438
0.3	20	0.05	135	500	149	133	218	0.298	0.266	0.436
0.3	20	0.05	136	500	143	137	220	0.286	0.274	0.44
0.3	20	0.05	137	500	122	139	239	0.244	0.278	0.478
0.3	20	0.05	138	500	125	131	244	0.25	0.262	0.488
0.3	20	0.05	139	500	134	137	229	0.268	0.274	0.458
0.3	20	0.05	140	500	132	140	228	0.264	0.28	0.456
0.3	20	0.05	141	500	126	130	244	0.252	0.26	0.488
0.3	20	0.05	142	500	146	145	209	0.292	0.29	0.418
0.3	20	0.05	143	500	146	125	229	0.292	0.25	0.458
0.3	20	0.05	144	500	147	145	208	0.294	0.29	0.416
0.3	20	0.05	145	500	136	143	221	0.272	0.286	0.442
0.3	20	0.05	146	500	151	127	222	0.302	0.254	0.444
0.3	20	0.05	147	500	163	128	209	0.326	0.256	0.418
0.3	20	0.05	148	500	129	142	229	0.258	0.284	0.458
0.3	20	0.05	149	500	141	137	222	0.282	0.274	0.444
0.3	20	0.05	150	500	147	144	209	0.294	0.288	0.418
0.3	20	0.05	151	500	143	132	225	0.286	0.264	0.45
0.3	20	0.05	152	500	135	136	229	0.27	0.272	0.458
0.3	20	0.05	153	500	141	149	210	0.282	0.298	0.42
0.3	20	0.05	154	500	154	131	215	0.308	0.262	0.43
0.3	20	0.05	155	500	141	137	222	0.282	0.274	0.444
0.3	20	0.05	156	500	142	139	219	0.284	0.278	0.438
0.3	20	0.05	157	500	127	122	251	0.254	0.244	0.502
0.3	20	0.05	158	500	146	132	222	0.292	0.264	0.444
0.3	20	0.05	159	500	155	138	207	0.31	0.276	0.414
0.3	20	0.05	160	500	139	144	217	0.278	0.288	0.434
0.3	20	0.05	161	500	127	147	226	0.254	0.294	0.452
0.3	20	0.05	162	500	152	148	200	0.304	0.296	0.4
0.3	20	0.05	163	500	160	140	200	0.32	0.28	0.4
0.3	20	0.05	164	500	146	154	200	0.292	0.308	0.4
0.3	20	0.05	165	500	153	147	200	0.306	0.294	0.4
0.3	20	0.05	166	500	150	149	201	0.3	0.298	0.402
0.3	20	0.05	167	500	153	143	204	0.306	0.286	0.408
0.3	20	0.05	168	500	156	136	208	0.312	0.272	0.416
0.3	20	0.05	169	500	133	147	220	0.266	0.294	0.44
0.3	20	0.05	170	500	158	154	188	0.316	0.308	0.376
0.3	20	0.05	171	500	167	139	194	0.334	0.278	0.388
0.3	20	0.05	172	500	149	148	203	0.298	0.296	0.406
0.3	20	0.05	173	500	153	157	190	0.306	0.314	0.38
0.3	20	0.05	174	500	146	151	203	0.292	0.302	0.406
0.3	20	0.05	175	500	146	142	212	0.292	0.284	0.424
0.3	20	0.05	176	500	163	136	201	0.326	0.272	0.402
0.3	20	0.05	177	500	151	141	208	0.302	0.282	0.416
0.3	20	0.05	178	500	149	147	204	0.298	0.294	0.408
0.3	20	0.05	179	500	141	140	219	0.282	0.28	0.438
0.3	20	0.05	180	500	153	130	217	0.306	0.26	0.434
0.3	20	0.05	181	500	163	133	204	0.326	0.266	0.408
0.3	20	0.05	182	500	150	174	176	0.3	0.348	0.352
0.3	20	0.05	183	500	136	148	216	0.272	0.296	0.432
0.3	20	0.05	184	500	157	147	196	0.314	0.294	0.392
0.3	20	0.05	185	500	131	157	212	0.262	0.314	0.424
0.3	20	0.05	186	500	147	139	214	0.294	0.278	0.428
0.3	20	0.05	187	500	152	148	200	0.304	0.296	0.4
0.3	20	0.05	188	500	139	169	192	0.278	0.338	0.384
0.3	20	0.05	189	500	148	163	189	0.296	0.326	0.378
0.3	20	0.05	190	500	145	165	190	0.29	0.33	0.38
0.3	20	0.05	191	500	148	142	210	0.296	0.284	0.42
0.3	20	0.05	192	500	152	159	189	0.304	0.318	0.378
0.3	20	0.05	193	500	172	140	188	0.344	0.28	0.376
0.3	20	0.05	194	500	147	145	208	0.294	0.29	0.416
0.3	20	0.05	195	500	155	157	188	0.31	0.314	0.376
0.3	20	0.05	196	500	160	162	178	0.32	0.324	0.356
0.3	20	0.05	197	500	147	160	193	0.294	0.32	0.386
0.3	20	0.05	198	500	164	156	180	0.328	0.312	0.36
0.3	20	0.05	199	500	134	160	206	0.268	0.32	0.412
0.3	20	0.05	200	500	176	139	185	0.352	0.278	0.37
0.3	20	0.05	201	500	159	161	180	0.318	0.322	0.36
0.3	20	0.05	202	500	149	152	199	0.298	0.304	0.398
0.3	20	0.05	203	500	169	142	189	0.338	0.284	0.378
0.3	20	0.05	204	500	160	132	208	0.32	0.264	0.416
0.3	20	0.05	205	500	166	153	181	0.332	0.306	0.362
0.3	20	0.05	206	500	151	154	195	0.302	0.308	0.39
0.3	20	0.05	207	500	172	148	180	0.344	0.296	0.36
0.3	20	0.05	208	500	186	130	184	0.372	0.26	0.368
0.3	20	0.05	209	500	155	154	191	0.31	0.308	0.382
0.3	20	0.05	210	500	139	164	197	0.278	0.328	0.394
0.3	20	0.05	211	500	175	143	182	0.35	0.286	0.364
0.3	20	0.05	212	500	166	157	177	0.332	0.314	0.354
0.3	20	0.05	213	500	146	148	206	0.292	0.296	0.412
0.3	20	0.05	214	500	173	146	181	0.346	0.292	0.362
0.3	20	0.05	215	500	172	147	181	0.344	0.294	0.362
0.3	20	0.05	216	500	160	154	186	0.32	0.308	0.372
0.3	20	0.05	217	500	154	158	188	0.308	0.316	0.376
0.3	20	0.05	218	500	149	166	185	0.298	0.332	0.37
0.3	20	0.05	219	500	156	166	178	0.312	0.332	0.356
0.3	20	0.05	220	500	158	170	172	0.316	0.34	0.344
0.3	20	0.05	221	500	163	165	172	0.326	0.33	0.344
0.3	20	0.05	222	500	163	142	195	0.326	0.284	0.39
0.3	20	0.05	223	500	149	155	196	0.298	0.31	0.392
0.3	20	0.05	224	500	151	155	194	0.302	0.31	0.388
0.3	20	0.05	225	500	173	138	189	0.346	0.276	0.378
0.3	20	0.05	226	500	162	151	187	0.324	0.302	0.374
0.3	20	0.05	227	500	155	155	190	0.31	0.31	0.38
0.3	20	0.05	228	500	164	165	171	0.328	0.33	0.342
0.3	20	0.05	229	500	173	149	178	0.346	0.298	0.356
0.3	20	0.05	230	500	161	162	177	0.322	0.324	0.354
0.3	20	0.05	231	500	164	162	174	0.328	0.324	0.348
0.3	20	0.05	232	500	160	159	181	0.32	0.318	0.362
0.3	20	0.05	233	500	160	151	189	0.32	0.302	0.378
0.3	20	0.05	234	500	153	160	187	0.306	0.32	0.374
0.3	20	0.05	235	500	162	158	180	0.324	0.316	0.36
0.3	20	0.05	236	500	155	173	172	0.31	0.346	0.344
0.3	20	0.05	237	500	164	166	170	0.328	0.332	0.34
0.3	20	0.05	238	500	153	156	191	0.306	0.312	0.382
0.3	20	0.05	239	500	174	150	176	0.348	0.3	0.352
0.3	20	0.05	240	500	158	168	174	0.316	0.336	0.348
0.3	20	0.05	241	500	180	154	166	0.36	0.308	0.332
0.3	20	0.05	242	500	155	180	165	0.31	0.36	0.33
0.3	20	0.05	243	500	170	162	168	0.34	0.324	0.336
0.3	20	0.05	244	500	165	165	170	0.33	0.33	0.34
0.3	20	0.05	245	500	150	167	183	0.3	0.334	0.366
0.3	20	0.05	246	500	158	172	170	0.316	0.344	0.34
0.3	20	0.05	247	500	158	172	170	0.316	0.344	0.34
0.3	20	0.05	248	500	164	171	165	0.328	0.342	0.33
0.3	20	0.05	249	500	150	171	179	0.3	0.342	0.358
0.3	20	0.05	250	500	156	175	169	0.312	0.35	0.338
0.3	20	0.05	251	500	166	178	156	0.332	0.356	0.312
0.3	20	0.05	252	500	170	170	160	0.34	0.34	0.32
0.3	20	0.05	253	500	158	166	176	0.316	0.332	0.352
0.3	20	0.05	254	500	156	161	183	0.312	0.322	0.366
0.3	20	0.05	255	500	173	164	163	0.346	0.328	0.326
0.3	20	0.05	256	500	191	142	167	0.382	0.284	0.334
0.3	20	0.05	257	500	163	156	181	0.326	0.312	0.362
0.3	20	0.05	258	500	141	185	174	0.282	0.37	0.348
0.3	20	0.05	259	500	162	181	157	0.324	0.362	0.314
0.3	20	0.05	260	500	159	161	180	0.318	0.322	0.36
0.3	20	0.05	261	500	165	168	167	0.33	0.336	0.334
0.3	20	0.05	262	500	169	171	160	0.338	0.342	0.32
0.3	20	0.05	263	500	172	156	172	0.344	0.312	0.344
0.3	20	0.05	264	500	166	161	173	0.332	0.322	0.346
0.3	20	0.05	265	500	188	166	146	0.376	0.332	0.292
0.3	20	0.05	266	500	168	165	167	0.336	0.33	0.334
0.3	20	0.05	267	500	184	153	163	0.368	0.306	0.326
0.3	20	0.05	268	500	159	181	160	0.318	0.362	0.32
0.3	20	0.05	269	500	166	166	168	0.332	0.332	0.336
0.3	20	0.05	270	500	161	149	190	0.322	0.298	0.38
0.3	20	0.05	271	500	157	183	160	0.314	0.366	0.32
0.3	20	0.05	272	500	161	174	165	0.322	0.348	0.33
0.3	20	0.05	273	500	182	178	140	0.364	0.356	0.28
0.3	20	0.05	274	500	176	153	171	0.352	0.306	0.342
0.3	20	0.05	275	500	163	174	163	0.326	0.348	0.326
0.3	20	0.05	276	500	165	183	152	0.33	0.366	0.304
0.3	20	0.05	277	500	167	162	171	0.334	0.324	0.342
0.3	20	0.05	278	500	165	172	163	0.33	0.344	0.326
0.3	20	0.05	279	500	159	176	165	0.318	0.352	0.33
0.3	20	0.05	280	500	162	164	174	0.324	0.328	0.348
0.3	20	0.05	281	500	170	171	159	0.34	0.342	0.318
0.3	20	0.05	282	500	171	168	161	0.342	0.336	0.322
0.3	20	0.05	283	500	176	160	164	0.352	0.32	0.328
0.3	20	0.05	284	500	169	155	176	0.338	0.31	0.352
0.3	20	0.05	285	500	159	176	165	0.318	0.352	0.33
0.3	20	0.05	286	500	172	149	179	0.344	0.298	0.358
0.3	20	0.05	287	500	186	168	146	0.372	0.336	0.292
0.3	20	0.05	288	500	168	169	163	0.336	0.338	0.326
0.3	20	0.05	289	500	176	159	165	0.352	0.318	0.33
0.3	20	0.05	290	500	171	156	173	0.342	0.312	0.346
0.3	20	0.05	291	500	153	159	188	0.306	0.318	0.376
0.3	20	0.05	292	500	165	186	149	0.33	0.372	0.298
0.3	20	0.05	293	500	156	181	163	0.312	0.362	0.326
0.3	20	0.05	294	500	168	159	173	0.336	0.318	0.346
0.3	20	0.05	295	500	168	177	155	0.336	0.354	0.31
0.3	20	0.05	296	500	168	161	171	0.336	0.322	0.342
0.3	20	0.05	297	500	169	171	160	0.338	0.342	0.32
0.3	20	0.05	298	500	181	153	166	0.362	0.306	0.332
0.3	20	0.05	299	500	158	177	165	0.316	0.354	0.33
0.3	20	0.05	300	500	170	177	153	0.34	0.354	0.306
0.3	20	0.05	301	500	174	178	148	0.348	0.356	0.296
0.3	20	0.05	302	500	192	147	161	0.384	0.294	0.322
0.3	20	0.05	303	500	179	171	150	0.358	0.342	0.3
0.3	20	0.05	304	500	172	176	152	0.344	0.352	0.304
0.3	20	0.05	305	500	163	175	162	0.326	0.35	0.324
0.3	20	0.05	306	500	176	177	147	0.352	0.354	0.294
0.3	20	0.05	307	500	169	176	155	0.338	0.352	0.31
0.3	20	0.05	308	500	160	175	165	0.32	0.35	0.33
0.3	20	0.05	309	500	180	155	165	0.36	0.31	0.33
0.3	20	0.05	310	500	173	168	159	0.346	0.336	0.318
0.3	20	0.05	311	500	167	182	151	0.334	0.364	0.302
0.3	20	0.05	312	500	171	161	168	0.342	0.322	0.336
0.3	20	0.05	313	500	156	194	150	0.312	0.388	0.3
0.3	20	0.05	314	500	176	154	170	0.352	0.308	0.34
0.3	20	0.05	315	500	168	178	154	0.336	0.356	0.308
0.3	20	0.05	316	500	176	175	149	0.352	0.35	0.298
0.3	20	0.05	317	500	173	169	158	0.346	0.338	0.316
0.3	20	0.05	318	500	166	174	160	0.332	0.348	0.32
0.3	20	0.05	319	500	166	175	159	0.332	0.35	0.318
0.3	20	0.05	320	500	182	171	147	0.364	0.342	0.294
0.3	20	0.05	321	500	167	193	140	0.334	0.386	0.28
0.3	20	0.05	322	500	176	168	156	0.352	0.336	0.312
0.3	20	0.05	323	500	182	181	137	0.364	0.362	0.274
0.3	20	0.05	324	500	180	185	135	0.36	0.37	0.27
0.3	20	0.05	325	500	180	171	149	0.36	0.342	0.298
0.3	20	0.05	326	500	187	168	145	0.374	0.336	0.29
0.3	20	0.05	327	500	181	158	161	0.362	0.316	0.322
0.3	20	0.05	328	500	178	168	154	0.356	0.336	0.308
0.3	20	0.05	329	500	182	160	158	0.364	0.32	0.316
0.3	20	0.05	330	500	171	177	152	0.342	0.354	0.304
0.3	20	0.05	331	500	170	178	152	0.34	0.356	0.304
0.3	20	0.05	332	500	163	166	171	0.326	0.332	0.342
0.3	20	0.05	333	500	176	175	149	0.352	0.35	0.298
0.3	20	0.05	334	500	192	160	148	0.384	0.32	0.296
0.3	20	0.05	335	500	176	166	158	0.352	0.332	0.316
0.3	20	0.05	336	500	174	181	145	0.348	0.362	0.29
0.3	20	0.05	337	500	178	180	142	0.356	0.36	0.284
0.3	20	0.05	338	500	160	188	152	0.32	0.376	0.304
0.3	20	0.05	339	500	176	183	141	0.352	0.366	0.282
0.3	20	0.05	340	500	178	163	159	0.356	0.326	0.318
0.3	20	0.05	341	500	175	178	147	0.35	0.356	0.294
0.3	20	0.05	342	500	166	169	165	0.332	0.338	0.33
0.3	20	0.05	343	500	182	175	143	0.364	0.35	0.286
0.3	20	0.05	344	500	180	169	151	0.36	0.338	0.302
0.3	20	0.05	345	500	169	187	144	0.338	0.374	0.288
0.3	20	0.05	346	500	165	199	136	0.33	0.398	0.272
0.3	20	0.05	347	500	170	176	154	0.34	0.352	0.308
0.3	20	0.05	348	500	162	171	167	0.324	0.342	0.334
0.3	20	0.05	349	500	182	169	149	0.364	0.338	0.298
0.3	20	0.05	350	500	185	182	133	0.37	0.364	0.266
0.3	20	0.05	351	500	188	167	145	0.376	0.334	0.29
0.3	20	0.05	352	500	157	189	154	0.314	0.378	0.308
0.3	20	0.05	353	500	156	186	158	0.312	0.372	0.316
0.3	20	0.05	354	500	179	177	144	0.358	0.354	0.288
0.3	20	0.05	355	500	162	167	171	0.324	0.334	0.342
0.3	20	0.05	356	500	189	159	152	0.378	0.318	0.304
0.3	20	0.05	357	500	176	186	138	0.352	0.372	0.276
0.3	20	0.05	358	500	149	196	155	0.298	0.392	0.31
0.3	20	0.05	359	500	194	165	141	0.388	0.33	0.282
0.3	20	0.05	360	500	174	192	134	0.348	0.384	0.268
0.3	20	0.05	361	500	159	180	161	0.318	0.36	0.322
0.3	20	0.05	362	500	175	184	141	0.35	0.368	0.282
0.3	20	0.05	363	500	190	160	150	0.38	0.32	0.3
0.3	20	0.05	364	500	191	168	141	0.382	0.336	0.282
0.3	20	0.05	365	500	171	180	149	0.342	0.36	0.298
0.3	20	0.05	366	500	184	179	137	0.368	0.358	0.274
0.3	20	0.05	367	500	164	185	151	0.328	0.37	0.302
0.3	20	0.05	368	500	186	168	146	0.372	0.336	0.292
0.3	20	0.05	369	500	181	181	138	0.362	0.362	0.276
0.3	20	0.05	370	500	183	160	157	0.366	0.32	0.314
0.3	20	0.05	371	500	170	180	150	0.34	0.36	0.3
0.3	20	0.05	372	500	188	181	131	0.376	0.362	0.262
0.3	20	0.05	373	500	174	185	141	0.348	0.37	0.282
0.3	20	0.05	374	500	170	180	150	0.34	0.36	0.3
0.3	20	0.05	375	500	173	179	148	0.346	0.358	0.296
0.3	20	0.05	376	500	179	179	142	0.358	0.358	0.284
0.3	20	0.05	377	500	176	174	150	0.352	0.348	0.3
0.3	20	0.05	378	500	192	170	138	0.384	0.34	0.276
0.3	20	0.05	379	500	183	183	134	0.366	0.366	0.268
0.3	20	0.05	380	500	188	175	137	0.376	0.35	0.274
0.3	20	0.05	381	500	168	166	166	0.336	0.332	0.332
0.3	20	0.05	382	500	191	182	127	0.382	0.364	0.254
0.3	20	0.05	383	500	183	170	147	0.366	0.34	0.294
0.3	20	0.05	384	500	182	181	137	0.364	0.362	0.274
0.3	20	0.05	385	500	186	176	138	0.372	0.352	0.276
0.3	20	0.05	386	500	165	198	137	0.33	0.396	0.274
0.3	20	0.05	387	500	174	202	124	0.348	0.404	0.248
0.3	20	0.05	388	500	183	187	130	0.366	0.374	0.26
0.3	20	0.05	389	500	180	187	133	0.36	0.374	0.266
0.3	20	0.05	390	500	194	178	128	0.388	0.356	0.256
0.3	20	0.05	391	500	179	187	134	0.358	0.374	0.268
0.3	20	0.05	392	500	170	182	148	0.34	0.364	0.296
0.3	20	0.05	393	500	177	186	137	0.354	0.372	0.274
0.3	20	0.05	394	500	171	185	144	0.342	0.37	0.288
0.3	20	0.05	395	500	159	202	139	0.318	0.404	0.278
0.3	20	0.05	396	500	178	190	132	0.356	0.38	0.264
0.3	20	0.05	397	500	185	181	134	0.37	0.362	0.268
0.3	20	0.05	398	500	188	174	138	0.376	0.348	0.276
0.3	20	0.05	399	500	177	181	142	0.354	0.362	0.284
0.3	20	0.05	400	500	177	176	147	0.354	0.352	0.294
0.3	20	0.05	401	500	185	189	126	0.37	0.378	0.252
0.3	20	0.05	402	500	192	165	143	0.384	0.33	0.286
0.3	20	0.05	403	500	179	188	133	0.358	0.376	0.266
0.3	20	0.05	404	500	204	168	128	0.408	0.336	0.256
0.3	20	0.05	405	500	172	189	139	0.344	0.378	0.278
0.3	20	0.05	406	500	166	185	149	0.332	0.37	0.298
0.3	20	0.05	407	500	206	164	130	0.412	0.328	0.26
0.3	20	0.05	408	500	182	185	133	0.364	0.37	0.266
0.3	20	0.05	409	500	165	180	155	0.33	0.36	0.31
0.3	20	0.05	410	500	184	174	142	0.368	0.348	0.284
0.3	20	0.05	411	500	185	171	144	0.37	0.342	0.288
0.3	20	0.05	412	500	161	196	143	0.322	0.392	0.286
0.3	20	0.05	413	500	179	189	132	0.358	0.378	0.264
0.3	20	0.05	414	500	185	184	131	0.37	0.368	0.262
0.3	20	0.05	415	500	201	168	131	0.402	0.336	0.262
0.3	20	0.05	416	500	166	184	150	0.332	0.368	0.3
0.3	20	0.05	417	500	193	182	125	0.386	0.364	0.25
0.3	20	0.05	418	500	188	174	138	0.376	0.348	0.276
0.3	20	0.05	419	500	196	163	141	0.392	0.326	0.282
0.3	20	0.05	420	500	174	178	148	0.348	0.356	0.296
0.3	20	0.05	421	500	180	185	135	0.36	0.37	0.27
0.3	20	0.05	422	500	187	183	130	0.374	0.366	0.26
0.3	20	0.05	423	500	158	204	138	0.316	0.408	0.276
0.3	20	0.05	424	500	177	202	121	0.354	0.404	0.242
0.3	20	0.05	425	500	177	180	143	0.354	0.36	0.286
0.3	20	0.05	426	500	184	192	124	0.368	0.384	0.248
0.3	20	0.05	427	500	193	178	129	0.386	0.356	0.258
0.3	20	0.05	428	500	196	172	132	0.392	0.344	0.264
0.3	20	0.05	429	500	188	180	132	0.376	0.36	0.264
0.3	20	0.05	430	500	161	173	166	0.322	0.346	0.332
0.3	20	0.05	431	500	169	178	153	0.338	0.356	0.306
0.3	20	0.05	432	500	182	184	134	0.364	0.368	0.268
0.3	20	0.05	433	500	185	188	127	0.37	0.376	0.254
0.3	20	0.05	434	500	215	164	121	0.43	0.328	0.242
0.3	20	0.05	435	500	201	167	132	0.402	0.334	0.264
0.3	20	0.05	436	500	180	175	145	0.36	0.35	0.29
0.3	20	0.05	437	500	190	169	141	0.38	0.338	0.282
0.3	20	0.05	438	500	178	184	138	0.356	0.368	0.276
0.3	20	0.05	439	500	198	190	112	0.396	0.38	0.224
0.3	20	0.05	440	500	186	197	117	0.372	0.394	0.234
0.3	20	0.05	441	500	188	191	121	0.376	0.382	0.242
0.3	20	0.05	442	500	175	188	137	0.35	0.376	0.274
0.3	20	0.05	443	500	169	209	122	0.338	0.418	0.244
0.3	20	0.05	444	500	189	175	136	0.378	0.35	0.272
0.3	20	0.05	445	500	187	175	138	0.374	0.35	0.276
0.3	20	0.05	446	500	191	189	120	0.382	0.378	0.24
0.3	20	0.05	447	500	202	173	125	0.404	0.346	0.25
0.3	20	0.05	448	500	185	192	123	0.37	0.384	0.246
0.3	20	0.05	449	500	185	185	130	0.37	0.37	0.26
0.3	20	0.05	450	500	194	185	121	0.388	0.37	0.242
0.3	20	0.05	451	500	195	178	127	0.39	0.356	0.254
0.3	20	0.05	452	500	177	190	133	0.354	0.38	0.266
0.3	20	0.05	453	500	182	183	135	0.364	0.366	0.27
0.3	20	0.05	454	500	192	184	124	0.384	0.368	0.248
0.3	20	0.05	455	500	172	185	143	0.344	0.37	0.286
0.3	20	0.05	456	500	198	170	132	0.396	0.34	0.264
0.3	20	0.05	457	500	169	197	134	0.338	0.394	0.268
0.3	20	0.05	458	500	171	189	140	0.342	0.378	0.28
0.3	20	0.05	459	500	166	178	156	0.332	0.356	0.312
0.3	20	0.05	460	500	189	192	119	0.378	0.384	0.238
0.3	20	0.05	461	500	194	194	112	0.388	0.388	0.224
0.3	20	0.05	462	500	179	185	136	0.358	0.37	0.272
0.3	20	0.05	463	500	197	180	123	0.394	0.36	0.246
0.3	20	0.05	464	500	190	165	145	0.38	0.33	0.29
0.3	20	0.05	465	500	195	182	123	0.39	0.364	0.246
0.3	20	0.05	466	500	192	192	116	0.384	0.384	0.232
0.3	20	0.05	467	500	193	177	130	0.386	0.354	0.26
0.3	20	0.05	468	500	182	207	111	0.364	0.414	0.222
0.3	20	0.05	469	500	207	189	104	0.414	0.378	0.208
0.3	20	0.05	470	500	188	198	114	0.376	0.396	0.228
0.3	20	0.05	471	500	173	189	138	0.346	0.378	0.276
0.3	20	0.05	472	500	180	192	128	0.36	0.384	0.256
0.3	20	0.05	473	500	187	178	135	0.374	0.356	0.27
0.3	20	0.05	474	500	196	190	114	0.392	0.38	0.228
0.3	20	0.05	475	500	199	192	109	0.398	0.384	0.218
0.3	20	0.05	476	500	201	192	107	0.402	0.384	0.214
0.3	20	0.05	477	500	185	196	119	0.37	0.392	0.238
0.3	20	0.05	478	500	191	189	120	0.382	0.378	0.24
0.3	20	0.05	479	500	211	181	108	0.422	0.362	0.216
0.3	20	0.05	480	500	199	187	114	0.398	0.374	0.228
0.3	20	0.05	481	500	196	179	125	0.392	0.358	0.25
0.3	20	0.05	482	500	180	189	131	0.36	0.378	0.262
0.3	20	0.05	483	500	180	212	108	0.36	0.424	0.216
0.3	20	0.05	484	500	183	211	106	0.366	0.422	0.212
0.3	20	0.05	485	500	206	167	127	0.412	0.334	0.254
0.3	20	0.05	486	500	197	184	119	0.394	0.368	0.238
0.3	20	0.05	487	500	184	180	136	0.368	0.36	0.272
0.3	20	0.05	488	500	180	196	124	0.36	0.392	0.248
0.3	20	0.05	489	500	180	174	146	0.36	0.348	0.292
0.3	20	0.05	490	500	182	192	126	0.364	0.384	0.252
0.3	20	0.05	491	500	175	194	131	0.35	0.388	0.262
0.3	20	0.05	492	500	194	188	118	0.388	0.376	0.236
0.3	20	0.05	493	500	188	189	123	0.376	0.378	0.246
0.3	20	0.05	494	500	180	196	124	0.36	0.392	0.248
0.3	20	0.05	495	500	186	189	125	0.372	0.378	0.25
0.3	20	0.05	496	500	179	172	149	0.358	0.344	0.298
0.3	20	0.05	497	500	186	188	126	0.372	0.376	0.252
0.3	20	0.05	498	500	180	193	127	0.36	0.386	0.254
0.3	20	0.05	499	500	189	185	126	0.378	0.37	0.252
0.3	20	0.05	500	500	188	181	131	0.376	0.362	0.262
0.3	20	0.05	501	500	183	190	127	0.366	0.38	0.254
0.3	20	0.05	502	500	198	191	111	0.396	0.382	0.222
0.3	20	0.05	503	500	181	190	129	0.362	0.38	0.258
0.3	20	0.05	504	500	177	185	138	0.354	0.37	0.276
0.3	20	0.05	505	500	203	189	108	0.406	0.378	0.216
0.3	20	0.05	506	500	182	201	117	0.364	0.402	0.234
0.3	20	0.05	507	500	178	204	118	0.356	0.408	0.236
0.3	20	0.05	508	500	187	181	132	0.374	0.362	0.264
0.3	20	0.05	509	500	174	196	130	0.348	0.392	0.26
0.3	20	0.05	510	500	202	178	120	0.404	0.356	0.24
0.3	20	0.05	511	500	187	184	129	0.374	0.368	0.258
0.3	20	0.05	512	500	186	190	124	0.372	0.38	0.248
0.3	20	0.05	513	500	204	174	122	0.408	0.348	0.244
0.3	20	0.05	514	500	189	190	121	0.378	0.38	0.242
0.3	20	0.05	515	500	189	190	121	0.378	0.38	0.242
0.3	20	0.05	516	500	177	184	139	0.354	0.368	0.278
0.3	20	0.05	517	500	176	205	119	0.352	0.41	0.238
0.3	20	0.05	518	500	210	170	120	0.42	0.34	0.24
0.3	20	0.05	519	500	188	209	103	0.376	0.418	0.206
0.3	20	0.05	520	500	176	182	142	0.352	0.364	0.284
0.3	20	0.05	521	500	194	187	119	0.388	0.374	0.238
0.3	20	0.05	522	500	186	193	121	0.372	0.386	0.242
0.3	20	0.05	523	500	211	179	110	0.422	0.358	0.22
0.3	20	0.05	524	500	181	186	133	0.362	0.372	0.266
0.3	20	0.05	525	500	201	181	118	0.402	0.362	0.236
0.3	20	0.05	526	500	190	168	142	0.38	0.336	0.284
0.3	20	0.05	527	500	185	174	141	0.37	0.348	0.282
0.3	20	0.05	528	500	199	179	122	0.398	0.358	0.244
0.3	20	0.05	529	500	194	165	141	0.388	0.33	0.282
0.3	20	0.05	530	500	188	195	117	0.376	0.39	0.234
0.3	20	0.05	531	500	172	214	114	0.344	0.428	0.228
0.3	20	0.05	532	500	192	170	138	0.384	0.34	0.276
0.3	20	0.05	533	500	193	195	112	0.386	0.39	0.224
0.3	20	0.05	534	500	198	192	110	0.396	0.384	0.22
0.3	20	0.05	535	500	207	180	113	0.414	0.36	0.226
0.3	20	0.05	536	500	185	194	121	0.37	0.388	0.242
0.3	20	0.05	537	500	183	212	105	0.366	0.424	0.21
0.3	20	0.05	538	500	199	183	118	0.398	0.366	0.236
0.3	20	0.05	539	500	187	184	129	0.374	0.368	0.258
0.3	20	0.05	540	500	189	180	131	0.378	0.36	0.262
0.3	20	0.05	541	500	183	196	121	0.366	0.392	0.242
0.3	20	0.05	542	500	182	197	121	0.364	0.394	0.242
0.3	20	0.05	543	500	185	194	121	0.37	0.388	0.242
0.3	20	0.05	544	500	184	191	125	0.368	0.382	0.25
0.3	20	0.05	545	500	192	187	121	0.384	0.374	0.242
0.3	20	0.05	546	500	201	171	128	0.402	0.342	0.256
0.3	20	0.05	547	500	205	180	115	0.41	0.36	0.23
0.3	20	0.05	548	500	176	203	121	0.352	0.406	0.242
0.3	20	0.05	549	500	198	196	106	0.396	0.392	0.212
0.3	20	0.05	550	500	187	209	104	0.374	0.418	0.208
0.3	20	0.05	551	500	214	184	102	0.428	0.368	0.204
0.3	20	0.05	552	500	204	170	126	0.408	0.34	0.252
0.3	20	0.05	553	500	180	213	107	0.36	0.426	0.214
0.3	20	0.05	554	500	179	205	116	0.358	0.41	0.232
0.3	20	0.05	555	500	195	181	124	0.39	0.362	0.248
0.3	20	0.05	556	500	190	183	127	0.38	0.366	0.254
0.3	20	0.05	557	500	199	182	119	0.398	0.364	0.238
0.3	20	0.05	558	500	203	179	118	0.406	0.358	0.236
0.3	20	0.05	559	500	189	200	111	0.378	0.4	0.222
0.3	20	0.05	560	500	196	202	102	0.392	0.404	0.204
0.3	20	0.05	561	500	193	194	113	0.386	0.388	0.226
0.3	20	0.05	562	500	181	181	138	0.362	0.362	0.276
0.3	20	0.05	563	500	186	189	125	0.372	0.378	0.25
0.3	20	0.05	564	500	200	186	114	0.4	0.372	0.228
0.3	20	0.05	565	500	186	201	113	0.372	0.402	0.226
0.3	20	0.05	566	500	188	205	107	0.376	0.41	0.214
0.3	20	0.05	567	500	181	207	112	0.362	0.414	0.224
0.3	20	0.05	568	500	188	198	114	0.376	0.396	0.228
0.3	20	0.05	569	500	195	182	123	0.39	0.364	0.246
0.3	20	0.05	570	500	193	181	126	0.386	0.362	0.252
0.3	20	0.05	571	500	174	202	124	0.348	0.404	0.248
0.3	20	0.05	572	500	194	187	119	0.388	0.374	0.238
0.3	20	0.05	573	500	184	179	137	0.368	0.358	0.274
0.3	20	0.05	574	500	183	192	125	0.366	0.384	0.25
0.3	20	0.05	575	500	203	181	116	0.406	0.362	0.232
0.3	20	0.05	576	500	187	205	108	0.374	0.41	0.216
0.3	20	0.05	577	500	190	188	122	0.38	0.376	0.244
0.3	20	0.05	578	500	215	175	110	0.43	0.35	0.22
0.3	20	0.05	579	500	198	196	106	0.396	0.392	0.212
0.3	20	0.05	580	500	196	178	126	0.392	0.356	0.252
0.3	20	0.05	581	500	199	188	113	0.398	0.376	0.226
0.3	20	0.05	582	500	194	194	112	0.388	0.388	0.224
0.3	20	0.05	583	500	199	187	114	0.398	0.374	0.228
0.3	20	0.05	584	500	204	192	104	0.408	0.384	0.208
0.3	20	0.05	585	500	195	193	112	0.39	0.386	0.224
0.3	20	0.05	586	500	191	192	117	0.382	0.384	0.234
0.3	20	0.05	587	500	195	193	112	0.39	0.386	0.224
0.3	20	0.05	588	500	174	218	108	0.348	0.436	0.216
0.3	20	0.05	589	500	197	183	120	0.394	0.366	0.24
0.3	20	0.05	590	500	197	187	116	0.394	0.374	0.232
0.3	20	0.05	591	500	192	188	120	0.384	0.376	0.24
0.3	20	0.05	592	500	190	191	119	0.38	0.382	0.238
0.3	20	0.05	593	500	191	191	118	0.382	0.382	0.236
0.3	20	0.05	594	500	180	202	118	0.36	0.404	0.236
0.3	20	0.05	595	500	184	193	123	0.368	0.386	0.246
0.3	20	0.05	596	500	199	176	125	0.398	0.352	0.25
0.3	20	0.05	597	500	169	197	134	0.338	0.394	0.268
0.3	20	0.05	598	500	193	189	118	0.386	0.378	0.236
0.3	20	0.05	599	500	206	191	103	0.412	0.382	0.206
0.3	20	0.05	600	500	210	174	116	0.42	0.348	0.232
0.3	20	0.05	601	500	195	171	134	0.39	0.342	0.268
0.3	20	0.05	602	500	207	198	95	0.414	0.396	0.19
0.3	20	0.05	603	500	195	199	106	0.39	0.398	0.212
0.3	20	0.05	604	500	186	188	126	0.372	0.376	0.252
0.3	20	0.05	605	500	173	207	120	0.346	0.414	0.24
0.3	20	0.05	606	500	191	199	110	0.382	0.398	0.22
0.3	20	0.05	607	500	208	180	112	0.416	0.36	0.224
0.3	20	0.05	608	500	205	183	112	0.41	0.366	0.224
0.3	20	0.05	609	500	195	189	116	0.39	0.378	0.232
0.3	20	0.05	610	500	195	195	110	0.39	0.39	0.22
0.3	20	0.05	611	500	197	194	109	0.394	0.388	0.218
0.3	20	0.05	612	500	210	169	121	0.42	0.338	0.242
0.3	20	0.05	613	500	197	185	118	0.394	0.37	0.236
0.3	20	0.05	614	500	191	199	110	0.382	0.398	0.22
0.3	20	0.05	615	500	186	199	115	0.372	0.398	0.23
0.3	20	0.05	616	500	181	201	118	0.362	0.402	0.236
0.3	20	0.05	617	500	199	178	123	0.398	0.356	0.246
0.3	20	0.05	618	500	203	196	101	0.406	0.392	0.202
0.3	20	0.05	619	500	185	201	114	0.37	0.402	0.228
0.3	20	0.05	620	500	202	183	115	0.404	0.366	0.23
0.3	20	0.05	621	500	196	184	120	0.392	0.368	0.24
0.3	20	0.05	622	500	176	208	116	0.352	0.416	0.232
0.3	20	0.05	623	500	197	189	114	0.394	0.378	0.228
0.3	20	0.05	624	500	197	179	124	0.394	0.358	0.248
0.3	20	0.05	625	500	186	208	106	0.372	0.416	0.212
0.3	20	0.05	626	500	181	209	110	0.362	0.418	0.22
0.3	20	0.05	627	500	182	206	112	0.364	0.412	0.224
0.3	20	0.05	628	500	205	197	98	0.41	0.394	0.196
0.3	20	0.05	629	500	191	200	109	0.382	0.4	0.218
0.3	20	0.05	630	500	195	207	98	0.39	0.414	0.196
0.3	20	0.05	631	500	184	205	111	0.368	0.41	0.222
0.3	20	0.05	632	500	187	198	115	0.374	0.396	0.23
0.3	20	0.05	633	500	196	202	102	0.392	0.404	0.204
0.3	20	0.05	634	500	208	192	100	0.416	0.384	0.2
0.3	20	0.05	635	500	186	205	109	0.372	0.41	0.218
0.3	20	0.05	636	500	194	197	109	0.388	0.394	0.218
0.3	20	0.05	637	500	198	179	123	0.396	0.358	0.246
0.3	20	0.05	638	500	194	204	102	0.388	0.408	0.204
0.3	20	0.05	639	500	186	203	111	0.372	0.406	0.222
0.3	20	0.05	640	500	205	201	94	0.41	0.402	0.188
0.3	20	0.05	641	500	207	174	119	0.414	0.348	0.238
0.3	20	0.05	642	500	204	174	122	0.408	0.348	0.244
0.3	20	0.05	643	500	190	209	101	0.38	0.418	0.202
0.3	20	0.05	644	500	182	217	101	0.364	0.434	0.202
0.3	20	0.05	645	500	199	190	111	0.398	0.38	0.222
0.3	20	0.05	646	500	201	195	104	0.402	0.39	0.208
0.3	20	0.05	647	500	199	188	113	0.398	0.376	0.226
0.3	20	0.05	648	500	200	202	98	0.4	0.404	0.196
0.3	20	0.05	649	500	210	184	106	0.42	0.368	0.212
0.3	20	0.05	650	500	201	194	105	0.402	0.388	0.21
0.3	20	0.05	651	500	185	214	101	0.37	0.428	0.202
0.3	20	0.05	652	500	205	201	94	0.41	0.402	0.188
0.3	20	0.05	653	500	192	206	102	0.384	0.412	0.204
0.3	20	0.05	654	500	195	186	119	0.39	0.372	0.238
0.3	20	0.05	655	500	183	193	124	0.366	0.386	0.248
0.3	20	0.05	656	500	211	180	109	0.422	0.36	0.218
0.3	20	0.05	657	500	199	177	124	0.398	0.354	0.248
0.3	20	0.05	658	500	211	197	92	0.422	0.394	0.184
0.3	20	0.05	659	500	201	204	95	0.402	0.408	0.19
0.3	20	0.05	660	500	190	195	115	0.38	0.39	0.23
0.3	20	0.05	661	500	208	181	111	0.416	0.362	0.222
0.3	20	0.05	662	500	196	195	109	0.392	0.39	0.218
0.3	20	0.05	663	500	202	206	92	0.404	0.412	0.184
0.3	20	0.05	664	500	211	198	91	0.422	0.396	0.182
0.3	20	0.05	665	500	208	192	100	0.416	0.384	0.2
0.3	20	0.05	666	500	207	191	102	0.414	0.382	0.204
0.3	20	0.05	667	500	180	202	118	0.36	0.404	0.236
0.3	20	0.05	668	500	196	207	97	0.392	0.414	0.194
0.3	20	0.05	669	500	210	192	98	0.42	0.384	0.196
0.3	20	0.05	670	500	190	197	113	0.38	0.394	0.226
0.3	20	0.05	671	500	215	179	106	0.43	0.358	0.212
0.3	20	0.05	672	500	212	196	92	0.424	0.392	0.184
0.3	20	0.05	673	500	205	181	114	0.41	0.362	0.228
0.3	20	0.05	674	500	203	208	89	0.406	0.416	0.178
0.3	20	0.05	675	500	204	203	93	0.408	0.406	0.186
0.3	20	0.05	676	500	194	199	107	0.388	0.398	0.214
0.3	20	0.05	677	500	206	193	101	0.412	0.386	0.202
0.3	20	0.05	678	500	186	218	96	0.372	0.436	0.192
0.3	20	0.05	679	500	181	218	101	0.362	0.436	0.202
0.3	20	0.05	680	500	217	185	98	0.434	0.37	0.196
0.3	20	0.05	681	500	189	205	106	0.378	0.41	0.212
0.3	20	0.05	682	500	195	199	106	0.39	0.398	0.212
0.3	20	0.05	683	500	185	204	111	0.37	0.408	0.222
0.3	20	0.05	684	500	199	184	117	0.398	0.368	0.234
0.3	20	0.05	685	500	199	197	104	0.398	0.394	0.208
0.3	20	0.05	686	500	188	210	102	0.376	0.42	0.204
0.3	20	0.05	687	500	206	191	103	0.412	0.382	0.206
0.3	20	0.05	688	500	183	208	109	0.366	0.416	0.218
0.3	20	0.05	689	500	211	185	104	0.422	0.37	0.208
0.3	20	0.05	690	500	203	192	105	0.406	0.384	0.21
0.3	20	0.05	691	500	200	191	109	0.4	0.382	0.218
0.3	20	0.05	692	500	202	193	105	0.404	0.386	0.21
0.3	20	0.05	693	500	177	202	121	0.354	0.404	0.242
0.3	20	0.05	694	500	191	187	122	0.382	0.374	0.244
0.3	20	0.05	695	500	185	211	104	0.37	0.422	0.208
0.3	20	0.05	696	500	201	194	105	0.402	0.388	0.21
0.3	20	0.05	697	500	201	188	111	0.402	0.376	0.222
0.3	20	0.05	698	500	196	197	107	0.392	0.394	0.214
0.3	20	0.05	699	500	179	201	120	0.358	0.402	0.24
0.3	20	0.05	700	500	199	198	103	0.398	0.396	0.206
0.3	20	0.05	701	500	176	204	120	0.352	0.408	0.24
0.3	20	0.05	702	500	193	188	119	0.386	0.376	0.238
0.3	20	0.05	703	500	188	198	114	0.376	0.396	0.228
0.3	20	0.05	704	500	200	196	104	0.4	0.392	0.208
0.3	20	0.05	705	500	198	213	89	0.396	0.426	0.178
0.3	20	0.05	706	500	203	196	101	0.406	0.392	0.202
0.3	20	0.05	707	500	200	195	105	0.4	0.39	0.21
0.3	20	0.05	708	500	198	193	109	0.396	0.386	0.218
0.3	20	0.05	709	500	189	211	100	0.378	0.422	0.2
0.3	20	0.05	710	500	200	200	100	0.4	0.4	0.2
0.3	20	0.05	711	500	207	189	104	0.414	0.378	0.208
0.3	20	0.05	712	500	204	216	80	0.408	0.432	0.16
0.3	20	0.05	713	500	220	181	99	0.44	0.362	0.198
0.3	20	0.05	714	500	188	203	109	0.376	0.406	0.218
0.3	20	0.05	715	500	188	229	83	0.376	0.458	0.166
0.3	20	0.05	716	500	187	201	112	0.374	0.402	0.224
0.3	20	0.05	717	500	212	182	106	0.424	0.364	0.212
0.3	20	0.05	718	500	206	190	104	0.412	0.38	0.208
0.3	20	0.05	719	500	201	204	95	0.402	0.408	0.19
0.3	20	0.05	720	500	192	207	101	0.384	0.414	0.202
0.3	20	0.05	721	500	197	199	104	0.394	0.398	0.208
0.3	20	0.05	722	500	187	211	102	0.374	0.422	0.204
0.3	20	0.05	723	500	195	218	87	0.39	0.436	0.174
0.3	20	0.05	724	500	209	164	127	0.418	0.328	0.254
0.3	20	0.05	725	500	195	205	100	0.39	0.41	0.2
0.3	20	0.05	726	500	207	190	103	0.414	0.38	0.206
0.3	20	0.05	727	500	186	217	97	0.372	0.434	0.194
0.3	20	0.05	728	500	185	214	101	0.37	0.428	0.202
0.3	20	0.05	729	500	219	171	110	0.438	0.342	0.22
0.3	20	0.05	730	500	189	229	82	0.378	0.458	0.164
0.3	20	0.05	731	500	211	193	96	0.422	0.386	0.192
0.3	20	0.05	732	500	196	211	93	0.392	0.422	0.186
0.3	20	0.05	733	500	196	192	112	0.392	0.384	0.224
0.3	20	0.05	734	500	201	192	107	0.402	0.384	0.214
0.3	20	0.05	735	500	200	202	98	0.4	0.404	0.196
0.3	20	0.05	736	500	189	218	93	0.378	0.436	0.186
0.3	20	0.05	737	500	212	169	119	0.424	0.338	0.238
0.3	20	0.05	738	500	203	199	98	0.406	0.398	0.196
0.3	20	0.05	739	500	181	214	105	0.362	0.428	0.21
0.3	20	0.05	740	500	216	172	112	0.432	0.344	0.224
0.3	20	0.05	741	500	190	214	96	0.38	0.428	0.192
0.3	20	0.05	742	500	200	207	93	0.4	0.414	0.186
0.3	20	0.05	743	500	205	186	109	0.41	0.372	0.218
0.3	20	0.05	744	500	205	195	100	0.41	0.39	0.2
0.3	20	0.05	745	500	206	204	90	0.412	0.408	0.18
0.3	20	0.05	746	500	193	196	111	0.386	0.392	0.222
0.3	20	0.05	747	500	200	213	87	0.4	0.426	0.174
0.3	20	0.05	748	500	205	195	100	0.41	0.39	0.2
0.3	20	0.05	749	500	203	206	91	0.406	0.412	0.182
0.3	20	0.05	750	500	186	213	101	0.372	0.426	0.202
0.3	20	0.05	751	500	217	190	93	0.434	0.38	0.186
0.3	20	0.05	752	500	194	194	112	0.388	0.388	0.224
0.3	20	0.05	753	500	187	201	112	0.374	0.402	0.224
0.3	20	0.05	754	500	192	208	100	0.384	0.416	0.2
0.3	20	0.05	755	500	175	216	109	0.35	0.432	0.218
0.3	20	0.05	756	500	201	179	120	0.402	0.358	0.24
0.3	20	0.05	757	500	189	205	106	0.378	0.41	0.212
0.3	20	0.05	758	500	209	193	98	0.418	0.386	0.196
0.3	20	0.05	759	500	197	204	99	0.394	0.408	0.198
0.3	20	0.05	760	500	192	205	103	0.384	0.41	0.206
0.3	20	0.05	761	500	210	191	99	0.42	0.382	0.198
0.3	20	0.05	762	500	200	201	99	0.4	0.402	0.198
0.3	20	0.05	763	500	207	192	101	0.414	0.384	0.202
0.3	20	0.05	764	500	190	208	102	0.38	0.416	0.204
0.3	20	0.05	765	500	219	176	105	0.438	0.352	0.21
0.3	20	0.05	766	500	193	213	94	0.386	0.426	0.188
0.3	20	0.05	767	500	215	185	100	0.43	0.37	0.2
0.3	20	0.05	768	500	190	212	98	0.38	0.424	0.196
0.3	20	0.05	769	500	187	202	111	0.374	0.404	0.222
0.3	20	0.05	770	500	197	209	94	0.394	0.418	0.188
0.3	20	0.05	771	500	209	189	102	0.418	0.378	0.204
0.3	20	0.05	772	500	200	196	104	0.4	0.392	0.208
0.3	20	0.05	773	500	207	195	98	0.414	0.39	0.196
0.3	20	0.05	774	500	185	211	104	0.37	0.422	0.208
0.3	20	0.05	775	500	184	209	107	0.368	0.418	0.214
0.3	20	0.05	776	500	190	190	120	0.38	0.38	0.24
0.3	20	0.05	777	500	191	202	107	0.382	0.404	0.214
0.3	20	0.05	778	500	195	195	110	0.39	0.39	0.22
0.3	20	0.05	779	500	203	197	100	0.406	0.394	0.2
0.3	20	0.05	780	500	186	209	105	0.372	0.418	0.21
0.3	20	0.05	781	500	212	186	102	0.424	0.372	0.204
0.3	20	0.05	782	500	205	212	83	0.41	0.424	0.166
0.3	20	0.05	783	500	196	200	104	0.392	0.4	0.208
0.3	20	0.05	784	500	219	171	110	0.438	0.342	0.22
0.3	20	0.05	785	500	190	213	97	0.38	0.426	0.194
0.3	20	0.05	786	500	222	173	105	0.444	0.346	0.21
0.3	20	0.05	787	500	197	188	115	0.394	0.376	0.23
0.3	20	0.05	788	500	222	185	93	0.444	0.37	0.186
0.3	20	0.05	789	500	205	205	90	0.41	0.41	0.18
0.3	20	0.05	790	500	209	191	100	0.418	0.382	0.2
0.3	20	0.05	791	500	202	199	99	0.404	0.398	0.198
0.3	20	0.05	792	500	220	187	93	0.44	0.374	0.186
0.3	20	0.05	793	500	199	215	86	0.398	0.43	0.172
0.3	20	0.05	794	500	213	201	86	0.426	0.402	0.172
0.3	20	0.05	795	500	209	197	94	0.418	0.394	0.188
0.3	20	0.05	796	500	199	199	102	0.398	0.398	0.204
0.3	20	0.05	797	500	205	191	104	0.41	0.382	0.208
0.3	20	0.05	798	500	215	184	101	0.43	0.368	0.202
0.3	20	0.05	799	500	196	209	95	0.392	0.418	0.19
0.3	20	0.05	800	500	179	212	109	0.358	0.424	0.218
0.3	20	0.05	801	500	220	192	88	0.44	0.384	0.176
0.3	20	0.05	802	500	207	190	103	0.414	0.38	0.206
0.3	20	0.05	803	500	188	209	103	0.376	0.418	0.206
0.3	20	0.05	804	500	199	208	93	0.398	0.416	0.186
0.3	20	0.05	805	500	195	202	103	0.39	0.404	0.206
0.3	20	0.05	806	500	205	210	85	0.41	0.42	0.17
0.3	20	0.05	807	500	211	204	85	0.422	0.408	0.17
0.3	20	0.05	808	500	207	176	117	0.414	0.352	0.234
0.3	20	0.05	809	500	215	195	90	0.43	0.39	0.18
0.3	20	0.05	810	500	199	198	103	0.398	0.396	0.206
0.3	20	0.05	811	500	196	210	94	0.392	0.42	0.188
0.3	20	0.05	812	500	207	200	93	0.414	0.4	0.186
0.3	20	0.05	813	500	202	187	111	0.404	0.374	0.222
0.3	20	0.05	814	500	221	179	100	0.442	0.358	0.2
0.3	20	0.05	815	500	203	189	108	0.406	0.378	0.216
0.3	20	0.05	816	500	196	214	90	0.392	0.428	0.18
0.3	20	0.05	817	500	212	186	102	0.424	0.372	0.204
0.3	20	0.05	818	500	205	209	86	0.41	0.418	0.172
0.3	20	0.05	819	500	196	208	96	0.392	0.416	0.192
0.3	20	0.05	820	500	230	183	87	0.46	0.366	0.174
0.3	20	0.05	821	500	212	202	86	0.424	0.404	0.172
0.3	20	0.05	822	500	200	197	103	0.4	0.394	0.206
0.3	20	0.05	823	500	200	204	96	0.4	0.408	0.192
0.3	20	0.05	824	500	210	184	106	0.42	0.368	0.212
0.3	20	0.05	825	500	211	189	100	0.422	0.378	0.2
0.3	20	0.05	826	500	217	184	99	0.434	0.368	0.198
0.3	20	0.05	827	500	200	223	77	0.4	0.446	0.154
0.3	20	0.05	828	500	203	210	87	0.406	0.42	0.174
0.3	20	0.05	829	500	197	209	94	0.394	0.418	0.188
0.3	20	0.05	830	500	206	205	89	0.412	0.41	0.178
0.3	20	0.05	831	500	205	201	94	0.41	0.402	0.188
0.3	20	0.05	832	500	212	194	94	0.424	0.388	0.188
0.3	20	0.05	833	500	199	191	110	0.398	0.382	0.22
0.3	20	0.05	834	500	194	204	102	0.388	0.408	0.204
0.3	20	0.05	835	500	212	187	101	0.424	0.374	0.202
0.3	20	0.05	836	500	189	212	99	0.378	0.424	0.198
0.3	20	0.05	837	500	215	195	90	0.43	0.39	0.18
0.3	20	0.05	838	500	208	193	99	0.416	0.386	0.198
0.3	20	0.05	839	500	192	212	96	0.384	0.424	0.192
0.3	20	0.05	840	500	194	196	110	0.388	0.392	0.22
0.3	20	0.05	841	500	210	187	103	0.42	0.374	0.206
0.3	20	0.05	842	500	212	212	76	0.424	0.424	0.152
0.3	20	0.05	843	500	199	197	104	0.398	0.394	0.208
0.3	20	0.05	844	500	219	185	96	0.438	0.37	0.192
0.3	20	0.05	845	500	199	217	84	0.398	0.434	0.168
0.3	20	0.05	846	500	213	193	94	0.426	0.386	0.188
0.3	20	0.05	847	500	212	198	90	0.424	0.396	0.18
0.3	20	0.05	848	500	204	219	77	0.408	0.438	0.154
0.3	20	0.05	849	500	181	216	103	0.362	0.432	0.206
0.3	20	0.05	850	500	205	193	102	0.41	0.386	0.204
0.3	20	0.05	851	500	221	197	82	0.442	0.394	0.164
0.3	20	0.05	852	500	194	212	94	0.388	0.424	0.188
0.3	20	0.05	853	500	211	196	93	0.422	0.392	0.186
0.3	20	0.05	854	500	181	209	110	0.362	0.418	0.22
0.3	20	0.05	855	500	207	194	99	0.414	0.388	0.198
0.3	20	0.05	856	500	203	180	117	0.406	0.36	0.234
0.3	20	0.05	857	500	206	201	93	0.412	0.402	0.186
0.3	20	0.05	858	500	186	209	105	0.372	0.418	0.21
0.3	20	0.05	859	500	232	174	94	0.464	0.348	0.188
0.3	20	0.05	860	500	198	203	99	0.396	0.406	0.198
0.3	20	0.05	861	500	193	197	110	0.386	0.394	0.22
0.3	20	0.05	862	500	208	188	104	0.416	0.376	0.208
0.3	20	0.05	863	500	207	202	91	0.414	0.404	0.182
0.3	20	0.05	864	500	217	182	101	0.434	0.364	0.202
0.3	20	0.05	865	500	220	189	91	0.44	0.378	0.182
0.3	20	0.05	866	500	203	205	92	0.406	0.41	0.184
0.3	20	0.05	867	500	174	209	117	0.348	0.418	0.234
0.3	20	0.05	868	500	191	197	112	0.382	0.394	0.224
0.3	20	0.05	869	500	199	197	104	0.398	0.394	0.208
0.3	20	0.05	870	500	196	198	106	0.392	0.396	0.212
0.3	20	0.05	871	500	188	216	96	0.376	0.432	0.192
0.3	20	0.05	872	500	202	194	104	0.404	0.388	0.208
0.3	20	0.05	873	500	176	212	112	0.352	0.424	0.224
0.3	20	0.05	874	500	198	209	93	0.396	0.418	0.186
0.3	20	0.05	875	500	195	215	90	0.39	0.43	0.18
0.3	20	0.05	876	500	194	213	93	0.388	0.426	0.186
0.3	20	0.05	877	500	202	212	86	0.404	0.424	0.172
0.3	20	0.05	878	500	216	196	88	0.432	0.392	0.176
0.3	20	0.05	879	500	200	219	81	0.4	0.438	0.162
0.3	20	0.05	880	500	185	218	97	0.37	0.436	0.194
0.3	20	0.05	881	500	193	222	85	0.386	0.444	0.17
0.3	20	0.05	882	500	228	184	88	0.456	0.368	0.176
0.3	20	0.05	883	500	222	194	84	0.444	0.388	0.168
0.3	20	0.05	884	500	175	228	97	0.35	0.456	0.194
0.3	20	0.05	885	500	195	207	98	0.39	0.414	0.196
0.3	20	0.05	886	500	211	195	94	0.422	0.39	0.188
0.3	20	0.05	887	500	210	208	82	0.42	0.416	0.164
0.3	20	0.05	888	500	214	180	106	0.428	0.36	0.212
0.3	20	0.05	889	500	205	192	103	0.41	0.384	0.206
0.3	20	0.05	890	500	195	211	94	0.39	0.422	0.188
0.3	20	0.05	891	500	213	193	94	0.426	0.386	0.188
0.3	20	0.05	892	500	220	190	90	0.44	0.38	0.18
0.3	20	0.05	893	500	206	192	102	0.412	0.384	0.204
0.3	20	0.05	894	500	213	190	97	0.426	0.38	0.194
0.3	20	0.05	895	500	178	227	95	0.356	0.454	0.19
0.3	20	0.05	896	500	201	204	95	0.402	0.408	0.19
0.3	20	0.05	897	500	213	200	87	0.426	0.4	0.174
0.3	20	0.05	898	500	200	204	96	0.4	0.408	0.192
0.3	20	0.05	899	500	189	220	91	0.378	0.44	0.182
0.3	20	0.05	900	500	206	211	83	0.412	0.422	0.166
0.3	20	0.05	901	500	202	206	92	0.404	0.412	0.184
0.3	20	0.05	902	500	199	211	90	0.398	0.422	0.18
0.3	20	0.05	903	500	220	193	87	0.44	0.386	0.174
0.3	20	0.05	904	500	186	215	99	0.372	0.43	0.198
0.3	20	0.05	905	500	209	194	97	0.418	0.388	0.194
0.3	20	0.05	906	500	198	203	99	0.396	0.406	0.198
0.3	20	0.05	907	500	201	204	95	0.402	0.408	0.19
0.3	20	0.05	908	500	217	205	78	0.434	0.41	0.156
0.3	20	0.05	909	500	211	186	103	0.422	0.372	0.206
0.3	20	0.05	910	500	208	209	83	0.416	0.418	0.166
0.3	20	0.05	911	500	210	207	83	0.42	0.414	0.166
0.3	20	0.05	912	500	202	203	95	0.404	0.406	0.19
0.3	20	0.05	913	500	204	209	87	0.408	0.418	0.174
0.3	20	0.05	914	500	190	211	99	0.38	0.422	0.198
0.3	20	0.05	915	500	204	194	102	0.408	0.388	0.204
0.3	20	0.05	916	500	221	185	94	0.442	0.37	0.188
0.3	20	0.05	917	500	200	218	82	0.4	0.436	0.164
0.3	20	0.05	918	500	190	213	97	0.38	0.426	0.194
0.3	20	0.05	919	500	216	195	89	0.432	0.39	0.178
0.3	20	0.05	920	500	192	225	83	0.384	0.45	0.166
0.3	20	0.05	921	500	200	214	86	0.4	0.428	0.172
0.3	20	0.05	922	500	218	214	68	0.436	0.428	0.136
0.3	20	0.05	923	500	202	200	98	0.404	0.4	0.196
0.3	20	0.05	924	500	199	209	92	0.398	0.418	0.184
0.3	20	0.05	925	500	211	190	99	0.422	0.38	0.198
0.3	20	0.05	926	500	204	187	109	0.408	0.374	0.218
0.3	20	0.05	927	500	204	202	94	0.408	0.404	0.188
0.3	20	0.05	928	500	196	206	98	0.392	0.412	0.196
0.3	20	0.05	929	500	202	201	97	0.404	0.402	0.194
0.3	20	0.05	930	500	203	210	87	0.406	0.42	0.174
0.3	20	0.05	931	500	211	208	81	0.422	0.416	0.162
0.3	20	0.05	932	500	218	199	83	0.436	0.398	0.166
0.3	20	0.05	933	500	218	190	92	0.436	0.38	0.184
0.3	20	0.05	934	500	189	203	108	0.378	0.406	0.216
0.3	20	0.05	935	500	202	187	111	0.404	0.374	0.222
0.3	20	0.05	936	500	170	229	101	0.34	0.458	0.202
0.3	20	0.05	937	500	228	198	74	0.456	0.396	0.148
0.3	20	0.05	938	500	206	190	104	0.412	0.38	0.208
0.3	20	0.05	939	500	208	203	89	0.416	0.406	0.178
0.3	20	0.05	940	500	197	207	96	0.394	0.414	0.192
0.3	20	0.05	941	500	178	217	105	0.356	0.434	0.21
0.3	20	0.05	942	500	232	165	103	0.464	0.33	0.206
0.3	20	0.05	943	500	188	223	89	0.376	0.446	0.178
0.3	20	0.05	944	500	205	209	86	0.41	0.418	0.172
0.3	20	0.05	945	500	186	223	91	0.372	0.446	0.182
0.3	20	0.05	946	500	196	218	86	0.392	0.436	0.172
0.3	20	0.05	947	500	222	189	89	0.444	0.378	0.178
0.3	20	0.05	948	500	211	181	108	0.422	0.362	0.216
0.3	20	0.05	949	500	210	194	96	0.42	0.388	0.192
0.3	20	0.05	950	500	189	219	92	0.378	0.438	0.184
0.3	20	0.05	951	500	225	185	90	0.45	0.37	0.18
0.3	20	0.05	952	500	215	194	91	0.43	0.388	0.182
0.3	20	0.05	953	500	208	208	84	0.416	0.416	0.168
0.3	20	0.05	954	500	213	205	82	0.426	0.41	0.164
0.3	20	0.05	955	500	231	193	76	0.462	0.386	0.152
0.3	20	0.05	956	500	226	203	71	0.452	0.406	0.142
0.3	20	0.05	957	500	187	225	88	0.374	0.45	0.176
0.3	20	0.05	958	500	202	221	77	0.404	0.442	0.154
0.3	20	0.05	959	500	197	206	97	0.394	0.412	0.194
0.3	20	0.05	960	500	210	193	97	0.42	0.386	0.194
0.3	20	0.05	961	500	213	179	108	0.426	0.358	0.216
0.3	20	0.05	962	500	225	189	86	0.45	0.378	0.172
0.3	20	0.05	963	500	211	214	75	0.422	0.428	0.15
0.3	20	0.05	964	500	217	191	92	0.434	0.382	0.184
0.3	20	0.05	965	500	213	195	92	0.426	0.39	0.184
0.3	20	0.05	966	500	198	200	102	0.396	0.4	0.204
0.3	20	0.05	967	500	193	195	112	0.386	0.39	0.224
0.3	20	0.05	968	500	188	220	92	0.376	0.44	0.184
0.3	20	0.05	969	500	194	217	89	0.388	0.434	0.178
0.3	20	0.05	970	500	198	209	93	0.396	0.418	0.186
0.3	20	0.05	971	500	210	199	91	0.42	0.398	0.182
0.3	20	0.05	972	500	217	201	82	0.434	0.402	0.164
0.3	20	0.05	973	500	192	221	87	0.384	0.442	0.174
0.3	20	0.05	974	500	215	184	101	0.43	0.368	0.202
0.3	20	0.05	975	500	206	204	90	0.412	0.408	0.18
0.3	20	0.05	976	500	204	194	102	0.408	0.388	0.204
0.3	20	0.05	977	500	186	222	92	0.372	0.444	0.184
0.3	20	0.05	978	500	217	188	95	0.434	0.376	0.19
0.3	20	0.05	979	500	210	201	89	0.42	0.402	0.178
0.3	20	0.05	980	500	180	221	99	0.36	0.442	0.198
0.3	20	0.05	981	500	212	192	96	0.424	0.384	0.192
0.3	20	0.05	982	500	208	199	93	0.416	0.398	0.186
0.3	20	0.05	983	500	228	184	88	0.456	0.368	0.176
0.3	20	0.05	984	500	211	201	88	0.422	0.402	0.176
0.3	20	0.05	985	500	198	202	100	0.396	0.404	0.2
0.3	20	0.05	986	500	198	224	78	0.396	0.448	0.156
0.3	20	0.05	987	500	208	213	79	0.416	0.426	0.158
0.3	20	0.05	988	500	220	188	92	0.44	0.376	0.184
0.3	20	0.05	989	500	221	180	99	0.442	0.36	0.198
0.3	20	0.05	990	500	223	188	89	0.446	0.376	0.178
0.3	20	0.05	991	500	202	207	91	0.404	0.414	0.182
0.3	20	0.05	992	500	213	203	84	0.426	0.406	0.168
0.3	20	0.05	993	500	218	197	85	0.436	0.394	0.17
0.3	20	0.05	994	500	194	202	104	0.388	0.404	0.208
0.3	20	0.05	995	500	215	197	88	0.43	0.394	0.176
0.3	20	0.05	996	500	210	209	81	0.42	0.418	0.162
0.3	20	0.05	997	500	189	207	104	0.378	0.414	0.208
0.3	20	0.05	998	500	209	198	93	0.418	0.396	0.186
0.3	20	0.05	999	500	206	214	80	0.412	0.428	0.16
0.3	20	0.05	1000	500	209	206	85	0.418	0.412	0.17
0.42	20	0.05	10	500	1	2	497	0.002	0.004	0.994
0.42	20	0.05	11	500	3	0	497	0.006	0	0.994
0.42	20	0.05	12	500	7	3	490	0.014	0.006	0.98
0.42	20	0.05	13	500	7	10	483	0.014	0.02	0.966
0.42	20	0.05	14	500	18	3	479	0.036	0.006	0.958
0.42	20	0.05	15	500	20	8	472	0.04	0.016	0.944
0.42	20	0.05	16	500	24	9	467	0.048	0.018	0.934
0.42	20	0.05	17	500	40	10	450	0.08	0.02	0.9
0.42	20	0.05	18	500	43	11	446	0.086	0.022	0.892
0.42	20	0.05	19	500	39	15	446	0.078	0.03	0.892
0.42	20	0.05	20	500	47	8	445	0.094	0.016	0.89
0.42	20	0.05	21	500	47	9	444	0.094	0.018	0.888
0.42	20	0.05	22	500	71	15	414	0.142	0.03	0.828
0.42	20	0.05	23	500	65	20	415	0.13	0.04	0.83
0.42	20	0.05	24	500	81	14	405	0.162	0.028	0.81
0.42	20	0.05	25	500	73	21	406	0.146	0.042	0.812
0.42	20	0.05	26	500	85	15	400	0.17	0.03	0.8
0.42	20	0.05	27	500	73	14	413	0.146	0.028	0.826
0.42	20	0.05	28	500	95	13	392	0.19	0.026	0.784
0.42	20	0.05	29	500	87	16	397	0.174	0.032	0.794
0.42	20	0.05	30	500	93	19	388	0.186	0.038	0.776
0.42	20	0.05	31	500	95	23	382	0.19	0.046	0.764
0.42	20	0.05	32	500	109	20	371	0.218	0.04	0.742
0.42	20	0.05	33	500	113	20	367	0.226	0.04	0.734
0.42	20	0.05	34	500	110	26	364	0.22	0.052	0.728
0.42	20	0.05	35	500	114	19	367	0.228	0.038	0.734
0.42	20	0.05	36	500	129	30	341	0.258	0.06	0.682
0.42	20	0.05	37	500	107	20	373	0.214	0.04	0.746
0.42	20	0.05	38	500	119	29	352	0.238	0.058	0.704
0.42	20	0.05	39	500	137	21	342	0.274	0.042	0.684
0.42	20	0.05	40	500	128	24	348	0.256	0.048	0.696
0.42	20	0.05	41	500	139	29	332	0.278	0.058	0.664
0.42	20	0.05	42	500	141	30	329	0.282	0.06	0.658
0.42	20	0.05	43	500	139	24	337	0.278	0.048	0.674
0.42	20	0.05	44	500	136	22	342	0.272	0.044	0.684
0.42	20	0.05	45	500	142	24	334	0.284	0.048	0.668
0.42	20	0.05	46	500	161	19	320	0.322	0.038	0.64
0.42	20	0.05	47	500	162	16	322	0.324	0.032	0.644
0.42	20	0.05	48	500	174	23	303	0.348	0.046	0.606
0.42	20	0.05	49	500	176	25	299	0.352	0.05	0.598
0.42	20	0.05	50	500	175	26	299	0.35	0.052	0.598
0.42	20	0.05	51	500	180	28	292	0.36	0.056	0.584
0.42	20	0.05	52	500	182	21	297	0.364	0.042	0.594
0.42	20	0.05	53	500	189	27	284	0.378	0.054	0.568
0.42	20	0.05	54	500	196	32	272	0.392	0.064	0.544
0.42	20	0.05	55	500	188	33	279	0.376	0.066	0.558
0.42	20	0.05	56	500	175	35	290	0.35	0.07	0.58
0.42	20	0.05	57	500	188	32	280	0.376	0.064	0.56
0.42	20	0.05	58	500	195	33	272	0.39	0.066	0.544
0.42	20	0.05	59	500	196	36	268	0.392	0.072	0.536
0.42	20	0.05	60	500	191	34	275	0.382	0.068	0.55
0.42	20	0.05	61	500	200	31	269	0.4	0.062	0.538
0.42	20	0.05	62	500	214	28	258	0.428	0.056	0.516
0.42	20	0.05	63	500	197	32	271	0.394	0.064	0.542
0.42	20	0.05	64	500	202	27	271	0.404	0.054	0.542
0.42	20	0.05	65	500	212	27	261	0.424	0.054	0.522
0.42	20	0.05	66	500	206	34	260	0.412	0.068	0.52
0.42	20	0.05	67	500	203	28	269	0.406	0.056	0.538
0.42	20	0.05	68	500	198	21	281	0.396	0.042	0.562
0.42	20	0.05	69	500	224	30	246	0.448	0.06	0.492
0.42	20	0.05	70	500	204	24	272	0.408	0.048	0.544
0.42	20	0.05	71	500	219	28	253	0.438	0.056	0.506
0.42	20	0.05	72	500	227	22	251	0.454	0.044	0.502
0.42	20	0.05	73	500	221	30	249	0.442	0.06	0.498
0.42	20	0.05	74	500	234	40	226	0.468	0.08	0.452
0.42	20	0.05	75	500	206	25	269	0.412	0.05	0.538
0.42	20	0.05	76	500	229	27	244	0.458	0.054	0.488
0.42	20	0.05	77	500	226	31	243	0.452	0.062	0.486
0.42	20	0.05	78	500	246	20	234	0.492	0.04	0.468
0.42	20	0.05	79	500	227	40	233	0.454	0.08	0.466
0.42	20	0.05	80	500	243	32	225	0.486	0.064	0.45
0.42	20	0.05	81	500	250	31	219	0.5	0.062	0.438
0.42	20	0.05	82	500	227	30	243	0.454	0.06	0.486
0.42	20	0.05	83	500	244	35	221	0.488	0.07	0.442
0.42	20	0.05	84	500	271	24	205	0.542	0.048	0.41
0.42	20	0.05	85	500	246	28	226	0.492	0.056	0.452
0.42	20	0.05	86	500	251	25	224	0.502	0.05	0.448
0.42	20	0.05	87	500	257	38	205	0.514	0.076	0.41
0.42	20	0.05	88	500	242	28	230	0.484	0.056	0.46
0.42	20	0.05	89	500	245	29	226	0.49	0.058	0.452
0.42	20	0.05	90	500	247	36	217	0.494	0.072	0.434
0.42	20	0.05	91	500	282	27	191	0.564	0.054	0.382
0.42	20	0.05	92	500	251	22	227	0.502	0.044	0.454
0.42	20	0.05	93	500	260	21	219	0.52	0.042	0.438
0.42	20	0.05	94	500	260	35	205	0.52	0.07	0.41
0.42	20	0.05	95	500	281	26	193	0.562	0.052	0.386
0.42	20	0.05	96	500	288	30	182	0.576	0.06	0.364
0.42	20	0.05	97	500	278	26	196	0.556	0.052	0.392
0.42	20	0.05	98	500	272	33	195	0.544	0.066	0.39
0.42	20	0.05	99	500	274	30	196	0.548	0.06	0.392
0.42	20	0.05	100	500	273	36	191	0.546	0.072	0.382
0.42	20	0.05	101	500	280	44	176	0.56	0.088	0.352
0.42	20	0.05	102	500	283	30	187	0.566	0.06	0.374
0.42	20	0.05	103	500	287	30	183	0.574	0.06	0.366
0.42	20	0.05	104	500	286	29	185	0.572	0.058	0.37
0.42	20	0.05	105	500	278	30	192	0.556	0.06	0.384
0.42	20	0.05	106	500	282	33	185	0.564	0.066	0.37
0.42	20	0.05	107	500	275	26	199	0.55	0.052	0.398
0.42	20	0.05	108	500	273	25	202	0.546	0.05	0.404
0.42	20	0.05	109	500	266	37	197	0.532	0.074	0.394
0.42	20	0.05	110	500	291	42	167	0.582	0.084	0.334
0.42	20	0.05	111	500	278	29	193	0.556	0.058	0.386
0.42	20	0.05	112	500	306	32	162	0.612	0.064	0.324
0.42	20	0.05	113	500	291	27	182	0.582	0.054	0.364
0.42	20	0.05	114	500	305	23	172	0.61	0.046	0.344
0.42	20	0.05	115	500	297	33	170	0.594	0.066	0.34
0.42	20	0.05	116	500	287	35	178	0.574	0.07	0.356
0.42	20	0.05	117	500	303	30	167	0.606	0.06	0.334
0.42	20	0.05	118	500	306	23	171	0.612	0.046	0.342
0.42	20	0.05	119	500	300	39	161	0.6	0.078	0.322
0.42	20	0.05	120	500	274	26	200	0.548	0.052	0.4
0.42	20	0.05	121	500	305	35	160	0.61	0.07	0.32
0.42	20	0.05	122	500	311	30	159	0.622	0.06	0.318
0.42	20	0.05	123	500	326	26	148	0.652	0.052	0.296
0.42	20	0.05	124	500	300	30	170	0.6	0.06	0.34
0.42	20	0.05	125	500	305	36	159	0.61	0.072	0.318
0.42	20	0.05	126	500	312	25	163	0.624	0.05	0.326
0.42	20	0.05	127	500	326	26	148	0.652	0.052	0.296
0.42	20	0.05	128	500	305	24	171	0.61	0.048	0.342
0.42	20	0.05	129	500	321	18	161	0.642	0.036	0.322
0.42	20	0.05	130	500	331	24	145	0.662	0.048	0.29
0.42	20	0.05	131	500	312	32	156	0.624	0.064	0.312
0.42	20	0.05	132	500	311	33	156	0.622	0.066	0.312
0.42	20	0.05	133	500	301	28	171	0.602	0.056	0.342
0.42	20	0.05	134	500	318	36	146	0.636	0.072	0.292
0.42	20	0.05	135	500	317	25	158	0.634	0.05	0.316
0.42	20	0.05	136	500	326	21	153	0.652	0.042	0.306
0.42	20	0.05	137	500	336	19	145	0.672	0.038	0.29
0.42	20	0.05	138	500	320	38	142	0.64	0.076	0.284
0.42	20	0.05	139	500	312	29	159	0.624	0.058	0.318
0.42	20	0.05	140	500	326	34	140	0.652	0.068	0.28
0.42	20	0.05	141	500	320	29	151	0.64	0.058	0.302
0.42	20	0.05	142	500	310	28	162	0.62	0.056	0.324
0.42	20	0.05	143	500	341	24	135	0.682	0.048	0.27
0.42	20	0.05	144	500	346	26	128	0.692	0.052	0.256
0.42	20	0.05	145	500	344	21	135	0.688	0.042	0.27
0.42	20	0.05	146	500	334	31	135	0.668	0.062	0.27
0.42	20	0.05	147	500	320	28	152	0.64	0.056	0.304
0.42	20	0.05	148	500	348	20	132	0.696	0.04	0.264
0.42	20	0.05	149	500	353	25	122	0.706	0.05	0.244
0.42	20	0.05	150	500	340	26	134	0.68	0.052	0.268
0.42	20	0.05	151	500	342	24	134	0.684	0.048	0.268
0.42	20	0.05	152	500	350	26	124	0.7	0.052	0.248
0.42	20	0.05	153	500	333	22	145	0.666	0.044	0.29
0.42	20	0.05	154	500	327	23	150	0.654	0.046	0.3
0.42	20	0.05	155	500	338	30	132	0.676	0.06	0.264
0.42	20	0.05	156	500	343	12	145	0.686	0.024	0.29
0.42	20	0.05	157	500	335	32	133	0.67	0.064	0.266
0.42	20	0.05	158	500	333	26	141	0.666	0.052	0.282
0.42	20	0.05	159	500	343	21	136	0.686	0.042	0.272
0.42	20	0.05	160	500	339	24	137	0.678	0.048	0.274
0.42	20	0.05	161	500	352	30	118	0.704	0.06	0.236
0.42	20	0.05	162	500	349	33	118	0.698	0.066	0.236
0.42	20	0.05	163	500	348	30	122	0.696	0.06	0.244
0.42	20	0.05	164	500	342	20	138	0.684	0.04	0.276
0.42	20	0.05	165	500	346	24	130	0.692	0.048	0.26
0.42	20	0.05	166	500	362	19	119	0.724	0.038	0.238
0.42	20	0.05	167	500	350	18	132	0.7	0.036	0.264
0.42	20	0.05	168	500	345	29	126	0.69	0.058	0.252
0.42	20	0.05	169	500	366	31	103	0.732	0.062	0.206
0.42	20	0.05	170	500	359	31	110	0.718	0.062	0.22
0.42	20	0.05	171	500	354	29	117	0.708	0.058	0.234
0.42	20	0.05	172	500	336	30	134	0.672	0.06	0.268
0.42	20	0.05	173	500	367	23	110	0.734	0.046	0.22
0.42	20	0.05	174	500	335	30	135	0.67	0.06	0.27
0.42	20	0.05	175	500	361	23	116	0.722	0.046	0.232
0.42	20	0.05	176	500	361	20	119	0.722	0.04	0.238
0.42	20	0.05	177	500	356	33	111	0.712	0.066	0.222
0.42	20	0.05	178	500	363	18	119	0.726	0.036	0.238
0.42	20	0.05	179	500	362	25	113	0.724	0.05	0.226
0.42	20	0.05	180	500	373	28	99	0.746	0.056	0.198
0.42	20	0.05	181	500	352	27	121	0.704	0.054	0.242
0.42	20	0.05	182	500	374	19	107	0.748	0.038	0.214
0.42	20	0.05	183	500	364	23	113	0.728	0.046	0.226
0.42	20	0.05	184	500	369	21	110	0.738	0.042	0.22
0.42	20	0.05	185	500	372	27	101	0.744	0.054	0.202
0.42	20	0.05	186	500	364	25	111	0.728	0.05	0.222
0.42	20	0.05	187	500	369	26	105	0.738	0.052	0.21
0.42	20	0.05	188	500	363	25	112	0.726	0.05	0.224
0.42	20	0.05	189	500	361	22	117	0.722	0.044	0.234
0.42	20	0.05	190	500	371	22	107	0.742	0.044	0.214
0.42	20	0.05	191	500	382	23	95	0.764	0.046	0.19
0.42	20	0.05	192	500	353	32	115	0.706	0.064	0.23
0.42	20	0.05	193	500	367	15	118	0.734	0.03	0.236
0.42	20	0.05	194	500	388	25	87	0.776	0.05	0.174
0.42	20	0.05	195	500	378	29	93	0.756	0.058	0.186
0.42	20	0.05	196	500	387	17	96	0.774	0.034	0.192
0.42	20	0.05	197	500	383	26	91	0.766	0.052	0.182
0.42	20	0.05	198	500	385	18	97	0.77	0.036	0.194
0.42	20	0.05	199	500	387	19	94	0.774	0.038	0.188
0.42	20	0.05	200	500	386	25	89	0.772	0.05	0.178
0.42	20	0.05	201	500	367	24	109	0.734	0.048	0.218
0.42	20	0.05	202	500	386	13	101	0.772	0.026	0.202
0.42	20	0.05	203	500	391	19	90	0.782	0.038	0.18
0.42	20	0.05	204	500	380	22	98	0.76	0.044	0.196
0.42	20	0.05	205	500	382	28	90	0.764	0.056	0.18
0.42	20	0.05	206	500	377	25	98	0.754	0.05	0.196
0.42	20	0.05	207	500	382	22	96	0.764	0.044	0.192
0.42	20	0.05	208	500	400	16	84	0.8	0.032	0.168
0.42	20	0.05	209	500	364	21	115	0.728	0.042	0.23
0.42	20	0.05	210	500	384	17	99	0.768	0.034	0.198
0.42	20	0.05	211	500	381	21	98	0.762	0.042	0.196
0.42	20	0.05	212	500	397	20	83	0.794	0.04	0.166
0.42	20	0.05	213	500	387	19	94	0.774	0.038	0.188
0.42	20	0.05	214	500	387	19	94	0.774	0.038	0.188
0.42	20	0.05	215	500	386	14	100	0.772	0.028	0.2
0.42	20	0.05	216	500	377	17	106	0.754	0.034	0.212
0.42	20	0.05	217	500	387	18	95	0.774	0.036	0.19
0.42	20	0.05	218	500	383	23	94	0.766	0.046	0.188
0.42	20	0.05	219	500	385	12	103	0.77	0.024	0.206
0.42	20	0.05	220	500	396	20	84	0.792	0.04	0.168
0.42	20	0.05	221	500	388	25	87	0.776	0.05	0.174
0.42	20	0.05	222	500	406	10	84	0.812	0.02	0.168
0.42	20	0.05	223	500	403	19	78	0.806	0.038	0.156
0.42	20	0.05	224	500	390	20	90	0.78	0.04	0.18
0.42	20	0.05	225	500	393	17	90	0.786	0.034	0.18
0.42	20	0.05	226	500	400	21	79	0.8	0.042	0.158
0.42	20	0.05	227	500	391	23	86	0.782	0.046	0.172
0.42	20	0.05	228	500	398	15	87	0.796	0.03	0.174
0.42	20	0.05	229	500	395	24	81	0.79	0.048	0.162
0.42	20	0.05	230	500	390	14	96	0.78	0.028	0.192
0.42	20	0.05	231	500	392	25	83	0.784	0.05	0.166
0.42	20	0.05	232	500	393	21	86	0.786	0.042	0.172
0.42	20	0.05	233	500	378	34	88	0.756	0.068	0.176
0.42	20	0.05	234	500	388	20	92	0.776	0.04	0.184
0.42	20	0.05	235	500	399	22	79	0.798	0.044	0.158
0.42	20	0.05	236	500	388	10	102	0.776	0.02	0.204
0.42	20	0.05	237	500	412	18	70	0.824	0.036	0.14
0.42	20	0.05	238	500	410	8	82	0.82	0.016	0.164
0.42	20	0.05	239	500	397	27	76	0.794	0.054	0.152
0.42	20	0.05	240	500	391	28	81	0.782	0.056	0.162
0.42	20	0.05	241	500	407	19	74	0.814	0.038	0.148
0.42	20	0.05	242	500	386	22	92	0.772	0.044	0.184
0.42	20	0.05	243	500	399	12	89	0.798	0.024	0.178
0.42	20	0.05	244	500	402	20	78	0.804	0.04	0.156
0.42	20	0.05	245	500	400	17	83	0.8	0.034	0.166
0.42	20	0.05	246	500	390	22	88	0.78	0.044	0.176
0.42	20	0.05	247	500	413	11	76	0.826	0.022	0.152
0.42	20	0.05	248	500	416	18	66	0.832	0.036	0.132
0.42	20	0.05	249	500	401	22	77	0.802	0.044	0.154
0.42	20	0.05	250	500	399	16	85	0.798	0.032	0.17
0.42	20	0.05	251	500	411	16	73	0.822	0.032	0.146
0.42	20	0.05	252	500	410	15	75	0.82	0.03	0.15
0.42	20	0.05	253	500	400	18	82	0.8	0.036	0.164
0.42	20	0.05	254	500	425	15	60	0.85	0.03	0.12
0.42	20	0.05	255	500	400	21	79	0.8	0.042	0.158
0.42	20	0.05	256	500	396	20	84	0.792	0.04	0.168
0.42	20	0.05	257	500	404	15	81	0.808	0.03	0.162
0.42	20	0.05	258	500	418	14	68	0.836	0.028	0.136
0.42	20	0.05	259	500	416	17	67	0.832	0.034	0.134
0.42	20	0.05	260	500	425	15	60	0.85	0.03	0.12
0.42	20	0.05	261	500	411	19	70	0.822	0.038	0.14
0.42	20	0.05	262	500	408	21	71	0.816	0.042	0.142
0.42	20	0.05	263	500	413	13	74	0.826	0.026	0.148
0.42	20	0.05	264	500	399	29	72	0.798	0.058	0.144
0.42	20	0.05	265	500	399	17	84	0.798	0.034	0.168
0.42	20	0.05	266	500	422	8	70	0.844	0.016	0.14
0.42	20	0.05	267	500	420	19	61	0.84	0.038	0.122
0.42	20	0.05	268	500	406	15	79	0.812	0.03	0.158
0.42	20	0.05	269	500	395	23	82	0.79	0.046	0.164
0.42	20	0.05	270	500	423	15	62	0.846	0.03	0.124
0.42	20	0.05	271	500	403	22	75	0.806	0.044	0.15
0.42	20	0.05	272	500	417	13	70	0.834	0.026	0.14
0.42	20	0.05	273	500	411	13	76	0.822	0.026	0.152
0.42	20	0.05	274	500	418	14	68	0.836	0.028	0.136
0.42	20	0.05	275	500	401	16	83	0.802	0.032	0.166
0.42	20	0.05	276	500	427	15	58	0.854	0.03	0.116
0.42	20	0.05	277	500	414	20	66	0.828	0.04	0.132
0.42	20	0.05	278	500	410	15	75	0.82	0.03	0.15
0.42	20	0.05	279	500	408	15	77	0.816	0.03	0.154
0.42	20	0.05	280	500	412	16	72	0.824	0.032	0.144
0.42	20	0.05	281	500	417	13	70	0.834	0.026	0.14
0.42	20	0.05	282	500	432	11	57	0.864	0.022	0.114
0.42	20	0.05	283	500	422	22	56	0.844	0.044	0.112
0.42	20	0.05	284	500	413	20	67	0.826	0.04	0.134
0.42	20	0.05	285	500	422	12	66	0.844	0.024	0.132
0.42	20	0.05	286	500	428	16	56	0.856	0.032	0.112
0.42	20	0.05	287	500	422	19	59	0.844	0.038	0.118
0.42	20	0.05	288	500	418	19	63	0.836	0.038	0.126
0.42	20	0.05	289	500	426	10	64	0.852	0.02	0.128
0.42	20	0.05	290	500	430	9	61	0.86	0.018	0.122
0.42	20	0.05	291	500	408	13	79	0.816	0.026	0.158
0.42	20	0.05	292	500	438	13	49	0.876	0.026	0.098
0.42	20	0.05	293	500	425	14	61	0.85	0.028	0.122
0.42	20	0.05	294	500	427	19	54	0.854	0.038	0.108
0.42	20	0.05	295	500	426	12	62	0.852	0.024	0.124
0.42	20	0.05	296	500	431	10	59	0.862	0.02	0.118
0.42	20	0.05	297	500	421	12	67	0.842	0.024	0.134
0.42	20	0.05	298	500	435	13	52	0.87	0.026	0.104
0.42	20	0.05	299	500	420	24	56	0.84	0.048	0.112
0.42	20	0.05	300	500	430	19	51	0.86	0.038	0.102
0.42	20	0.05	301	500	423	16	61	0.846	0.032	0.122
0.42	20	0.05	302	500	436	13	51	0.872	0.026	0.102
0.42	20	0.05	303	500	427	10	63	0.854	0.02	0.126
0.42	20	0.05	304	500	421	13	66	0.842	0.026	0.132
0.42	20	0.05	305	500	438	13	49	0.876	0.026	0.098
0.42	20	0.05	306	500	425	18	57	0.85	0.036	0.114
0.42	20	0.05	307	500	432	11	57	0.864	0.022	0.114
0.42	20	0.05	308	500	429	13	58	0.858	0.026	0.116
0.42	20	0.05	309	500	440	12	48	0.88	0.024	0.096
0.42	20	0.05	310	500	429	14	57	0.858	0.028	0.114
0.42	20	0.05	311	500	420	19	61	0.84	0.038	0.122
0.42	20	0.05	312	500	434	9	57	0.868	0.018	0.114
0.42	20	0.05	313	500	434	10	56	0.868	0.02	0.112
0.42	20	0.05	314	500	437	14	49	0.874	0.028	0.098
0.42	20	0.05	315	500	429	14	57	0.858	0.028	0.114
0.42	20	0.05	316	500	423	15	62	0.846	0.03	0.124
0.42	20	0.05	317	500	424	13	63	0.848	0.026	0.126
0.42	20	0.05	318	500	424	19	57	0.848	0.038	0.114
0.42	20	0.05	319	500	441	13	46	0.882	0.026	0.092
0.42	20	0.05	320	500	443	17	40	0.886	0.034	0.08
0.42	20	0.05	321	500	426	9	65	0.852	0.018	0.13
0.42	20	0.05	322	500	430	12	58	0.86	0.024	0.116
0.42	20	0.05	323	500	428	17	55	0.856	0.034	0.11
0.42	20	0.05	324	500	448	11	41	0.896	0.022	0.082
0.42	20	0.05	325	500	434	16	50	0.868	0.032	0.1
0.42	20	0.05	326	500	429	20	51	0.858	0.04	0.102
0.42	20	0.05	327	500	439	6	55	0.878	0.012	0.11
0.42	20	0.05	328	500	445	17	38	0.89	0.034	0.076
0.42	20	0.05	329	500	428	18	54	0.856	0.036	0.108
0.42	20	0.05	330	500	437	8	55	0.874	0.016	0.11
0.42	20	0.05	331	500	444	14	42	0.888	0.028	0.084
0.42	20	0.05	332	500	437	9	54	0.874	0.018	0.108
0.42	20	0.05	333	500	432	12	56	0.864	0.024	0.112
0.42	20	0.05	334	500	445	15	40	0.89	0.03	0.08
0.42	20	0.05	335	500	430	9	61	0.86	0.018	0.122
0.42	20	0.05	336	500	441	9	50	0.882	0.018	0.1
0.42	20	0.05	337	500	444	10	46	0.888	0.02	0.092
0.42	20	0.05	338	500	442	18	40	0.884	0.036	0.08
0.42	20	0.05	339	500	437	15	48	0.874	0.03	0.096
0.42	20	0.05	340	500	444	17	39	0.888	0.034	0.078
0.42	20	0.05	341	500	445	16	39	0.89	0.032	0.078
0.42	20	0.05	342	500	444	14	42	0.888	0.028	0.084
0.42	20	0.05	343	500	448	12	40	0.896	0.024	0.08
0.42	20	0.05	344	500	445	12	43	0.89	0.024	0.086
0.42	20	0.05	345	500	445	11	44	0.89	0.022	0.088
0.42	20	0.05	346	500	436	14	50	0.872	0.028	0.1
0.42	20	0.05	347	500	440	7	53	0.88	0.014	0.106
0.42	20	0.05	348	500	440	14	46	0.88	0.028	0.092
0.42	20	0.05	349	500	457	8	35	0.914	0.016	0.07
0.42	20	0.05	350	500	436	12	52	0.872	0.024	0.104
0.42	20	0.05	351	500	453	7	40	0.906	0.014	0.08
0.42	20	0.05	352	500	437	13	50	0.874	0.026	0.1
0.42	20	0.05	353	500	453	8	39	0.906	0.016	0.078
0.42	20	0.05	354	500	443	13	44	0.886	0.026	0.088
0.42	20	0.05	355	500	428	10	62	0.856	0.02	0.124
0.42	20	0.05	356	500	445	15	40	0.89	0.03	0.08
0.42	20	0.05	357	500	443	12	45	0.886	0.024	0.09
0.42	20	0.05	358	500	448	9	43	0.896	0.018	0.086
0.42	20	0.05	359	500	449	7	44	0.898	0.014	0.088
0.42	20	0.05	360	500	445	8	47	0.89	0.016	0.094
0.42	20	0.05	361	500	452	4	44	0.904	0.008	0.088
0.42	20	0.05	362	500	449	15	36	0.898	0.03	0.072
0.42	20	0.05	363	500	435	8	57	0.87	0.016	0.114
0.42	20	0.05	364	500	437	14	49	0.874	0.028	0.098
0.42	20	0.05	365	500	442	17	41	0.884	0.034	0.082
0.42	20	0.05	366	500	442	10	48	0.884	0.02	0.096
0.42	20	0.05	367	500	445	10	45	0.89	0.02	0.09
0.42	20	0.05	368	500	445	10	45	0.89	0.02	0.09
0.42	20	0.05	369	500	448	15	37	0.896	0.03	0.074
0.42	20	0.05	370	500	448	20	32	0.896	0.04	0.064
0.42	20	0.05	371	500	441	12	47	0.882	0.024	0.094
0.42	20	0.05	372	500	445	13	42	0.89	0.026	0.084
0.42	20	0.05	373	500	452	8	40	0.904	0.016	0.08
0.42	20	0.05	374	500	436	12	52	0.872	0.024	0.104
0.42	20	0.05	375	500	445	9	46	0.89	0.018	0.092
0.42	20	0.05	376	500	443	19	38	0.886	0.038	0.076
0.42	20	0.05	377	500	454	17	29	0.908	0.034	0.058
0.42	20	0.05	378	500	450	12	38	0.9	0.024	0.076
0.42	20	0.05	379	500	444	11	45	0.888	0.022	0.09
0.42	20	0.05	380	500	453	9	38	0.906	0.018	0.076
0.42	20	0.05	381	500	450	9	41	0.9	0.018	0.082
0.42	20	0.05	382	500	463	9	28	0.926	0.018	0.056
0.42	20	0.05	383	500	449	10	41	0.898	0.02	0.082
0.42	20	0.05	384	500	453	12	35	0.906	0.024	0.07
0.42	20	0.05	385	500	452	11	37	0.904	0.022	0.074
0.42	20	0.05	386	500	448	11	41	0.896	0.022	0.082
0.42	20	0.05	387	500	462	12	26	0.924	0.024	0.052
0.42	20	0.05	388	500	445	16	39	0.89	0.032	0.078
0.42	20	0.05	389	500	447	10	43	0.894	0.02	0.086
0.42	20	0.05	390	500	445	9	46	0.89	0.018	0.092
0.42	20	0.05	391	500	447	8	45	0.894	0.016	0.09
0.42	20	0.05	392	500	453	9	38	0.906	0.018	0.076
0.42	20	0.05	393	500	456	11	33	0.912	0.022	0.066
0.42	20	0.05	394	500	443	10	47	0.886	0.02	0.094
0.42	20	0.05	395	500	457	12	31	0.914	0.024	0.062
0.42	20	0.05	396	500	456	9	35	0.912	0.018	0.07
0.42	20	0.05	397	500	448	10	42	0.896	0.02	0.084
0.42	20	0.05	398	500	456	10	34	0.912	0.02	0.068
0.42	20	0.05	399	500	458	7	35	0.916	0.014	0.07
0.42	20	0.05	400	500	459	11	30	0.918	0.022	0.06
0.42	20	0.05	401	500	463	11	26	0.926	0.022	0.052
0.42	20	0.05	402	500	450	11	39	0.9	0.022	0.078
0.42	20	0.05	403	500	453	17	30	0.906	0.034	0.06
0.42	20	0.05	404	500	460	4	36	0.92	0.008	0.072
0.42	20	0.05	405	500	448	15	37	0.896	0.03	0.074
0.42	20	0.05	406	500	455	10	35	0.91	0.02	0.07
0.42	20	0.05	407	500	466	12	22	0.932	0.024	0.044
0.42	20	0.05	408	500	453	13	34	0.906	0.026	0.068
0.42	20	0.05	409	500	446	10	44	0.892	0.02	0.088
0.42	20	0.05	410	500	455	12	33	0.91	0.024	0.066
0.42	20	0.05	411	500	445	9	46	0.89	0.018	0.092
0.42	20	0.05	412	500	456	9	35	0.912	0.018	0.07
0.42	20	0.05	413	500	464	6	30	0.928	0.012	0.06
0.42	20	0.05	414	500	455	9	36	0.91	0.018	0.072
0.42	20	0.05	415	500	453	14	33	0.906	0.028	0.066
0.42	20	0.05	416	500	458	11	31	0.916	0.022	0.062
0.42	20	0.05	417	500	454	10	36	0.908	0.02	0.072
0.42	20	0.05	418	500	453	5	42	0.906	0.01	0.084
0.42	20	0.05	419	500	460	14	26	0.92	0.028	0.052
0.42	20	0.05	420	500	454	6	40	0.908	0.012	0.08
0.42	20	0.05	421	500	463	8	29	0.926	0.016	0.058
0.42	20	0.05	422	500	446	13	41	0.892	0.026	0.082
0.42	20	0.05	423	500	457	10	33	0.914	0.02	0.066
0.42	20	0.05	424	500	453	6	41	0.906	0.012	0.082
0.42	20	0.05	425	500	463	9	28	0.926	0.018	0.056
0.42	20	0.05	426	500	467	6	27	0.934	0.012	0.054
0.42	20	0.05	427	500	462	6	32	0.924	0.012	0.064
0.42	20	0.05	428	500	467	6	27	0.934	0.012	0.054
0.42	20	0.05	429	500	461	15	24	0.922	0.03	0.048
0.42	20	0.05	430	500	457	10	33	0.914	0.02	0.066
0.42	20	0.05	431	500	461	9	30	0.922	0.018	0.06
0.42	20	0.05	432	500	461	11	28	0.922	0.022	0.056
0.42	20	0.05	433	500	457	9	34	0.914	0.018	0.068
0.42	20	0.05	434	500	462	3	35	0.924	0.006	0.07
0.42	20	0.05	435	500	463	10	27	0.926	0.02	0.054
0.42	20	0.05	436	500	464	8	28	0.928	0.016	0.056
0.42	20	0.05	437	500	466	8	26	0.932	0.016	0.052
0.42	20	0.05	438	500	465	11	24	0.93	0.022	0.048
0.42	20	0.05	439	500	456	9	35	0.912	0.018	0.07
0.42	20	0.05	440	500	462	15	23	0.924	0.03	0.046
0.42	20	0.05	441	500	455	13	32	0.91	0.026	0.064
0.42	20	0.05	442	500	474	5	21	0.948	0.01	0.042
0.42	20	0.05	443	500	458	8	34	0.916	0.016	0.068
0.42	20	0.05	444	500	460	9	31	0.92	0.018	0.062
0.42	20	0.05	445	500	476	5	19	0.952	0.01	0.038
0.42	20	0.05	446	500	475	5	20	0.95	0.01	0.04
0.42	20	0.05	447	500	460	6	34	0.92	0.012	0.068
0.42	20	0.05	448	500	460	15	25	0.92	0.03	0.05
0.42	20	0.05	449	500	457	15	28	0.914	0.03	0.056
0.42	20	0.05	450	500	469	9	22	0.938	0.018	0.044
0.42	20	0.05	451	500	467	2	31	0.934	0.004	0.062
0.42	20	0.05	452	500	470	9	21	0.94	0.018	0.042
0.42	20	0.05	453	500	463	11	26	0.926	0.022	0.052
0.42	20	0.05	454	500	460	10	30	0.92	0.02	0.06
0.42	20	0.05	455	500	467	10	23	0.934	0.02	0.046
0.42	20	0.05	456	500	464	11	25	0.928	0.022	0.05
0.42	20	0.05	457	500	460	4	36	0.92	0.008	0.072
0.42	20	0.05	458	500	464	7	29	0.928	0.014	0.058
0.42	20	0.05	459	500	468	8	24	0.936	0.016	0.048
0.42	20	0.05	460	500	467	10	23	0.934	0.02	0.046
0.42	20	0.05	461	500	458	13	29	0.916	0.026	0.058
0.42	20	0.05	462	500	467	5	28	0.934	0.01	0.056
0.42	20	0.05	463	500	466	7	27	0.932	0.014	0.054
0.42	20	0.05	464	500	459	12	29	0.918	0.024	0.058
0.42	20	0.05	465	500	455	12	33	0.91	0.024	0.066
0.42	20	0.05	466	500	466	9	25	0.932	0.018	0.05
0.42	20	0.05	467	500	472	1	27	0.944	0.002	0.054
0.42	20	0.05	468	500	474	7	19	0.948	0.014	0.038
0.42	20	0.05	469	500	464	5	31	0.928	0.01	0.062
0.42	20	0.05	470	500	467	9	24	0.934	0.018	0.048
0.42	20	0.05	471	500	469	4	27	0.938	0.008	0.054
0.42	20	0.05	472	500	473	8	19	0.946	0.016	0.038
0.42	20	0.05	473	500	463	6	31	0.926	0.012	0.062
0.42	20	0.05	474	500	467	9	24	0.934	0.018	0.048
0.42	20	0.05	475	500	471	7	22	0.942	0.014	0.044
0.42	20	0.05	476	500	462	10	28	0.924	0.02	0.056
0.42	20	0.05	477	500	462	9	29	0.924	0.018	0.058
0.42	20	0.05	478	500	473	6	21	0.946	0.012	0.042
0.42	20	0.05	479	500	470	4	26	0.94	0.008	0.052
0.42	20	0.05	480	500	465	6	29	0.93	0.012	0.058
0.42	20	0.05	481	500	462	8	30	0.924	0.016	0.06
0.42	20	0.05	482	500	455	9	36	0.91	0.018	0.072
0.42	20	0.05	483	500	472	9	19	0.944	0.018	0.038
0.42	20	0.05	484	500	471	8	21	0.942	0.016	0.042
0.42	20	0.05	485	500	469	11	20	0.938	0.022	0.04
0.42	20	0.05	486	500	479	3	18	0.958	0.006	0.036
0.42	20	0.05	487	500	473	12	15	0.946	0.024	0.03
0.42	20	0.05	488	500	467	8	25	0.934	0.016	0.05
0.42	20	0.05	489	500	471	8	21	0.942	0.016	0.042
0.42	20	0.05	490	500	472	8	20	0.944	0.016	0.04
0.42	20	0.05	491	500	465	7	28	0.93	0.014	0.056
0.42	20	0.05	492	500	477	4	19	0.954	0.008	0.038
0.42	20	0.05	493	500	471	9	20	0.942	0.018	0.04
0.42	20	0.05	494	500	471	6	23	0.942	0.012	0.046
0.42	20	0.05	495	500	460	7	33	0.92	0.014	0.066
0.42	20	0.05	496	500	473	6	21	0.946	0.012	0.042
0.42	20	0.05	497	500	452	9	39	0.904	0.018	0.078
0.42	20	0.05	498	500	468	7	25	0.936	0.014	0.05
0.42	20	0.05	499	500	459	11	30	0.918	0.022	0.06
0.42	20	0.05	500	500	472	9	19	0.944	0.018	0.038
0.42	20	0.05	501	500	468	6	26	0.936	0.012	0.052
0.42	20	0.05	502	500	466	4	30	0.932	0.008	0.06
0.42	20	0.05	503	500	472	2	26	0.944	0.004	0.052
0.42	20	0.05	504	500	472	6	22	0.944	0.012	0.044
0.42	20	0.05	505	500	477	5	18	0.954	0.01	0.036
0.42	20	0.05	506	500	480	4	16	0.96	0.008	0.032
0.42	20	0.05	507	500	466	7	27	0.932	0.014	0.054
0.42	20	0.05	508	500	475	5	20	0.95	0.01	0.04
0.42	20	0.05	509	500	471	7	22	0.942	0.014	0.044
0.42	20	0.05	510	500	473	6	21	0.946	0.012	0.042
0.42	20	0.05	511	500	470	8	22	0.94	0.016	0.044
0.42	20	0.05	512	500	475	7	18	0.95	0.014	0.036
0.42	20	0.05	513	500	468	7	25	0.936	0.014	0.05
0.42	20	0.05	514	500	469	7	24	0.938	0.014	0.048
0.42	20	0.05	515	500	468	7	25	0.936	0.014	0.05
0.42	20	0.05	516	500	471	6	23	0.942	0.012	0.046
0.42	20	0.05	517	500	473	3	24	0.946	0.006	0.048
0.42	20	0.05	518	500	470	8	22	0.94	0.016	0.044
0.42	20	0.05	519	500	469	10	21	0.938	0.02	0.042
0.42	20	0.05	520	500	471	3	26	0.942	0.006	0.052
0.42	20	0.05	521	500	474	8	18	0.948	0.016	0.036
0.42	20	0.05	522	500	477	4	19	0.954	0.008	0.038
0.42	20	0.05	523	500	473	7	20	0.946	0.014	0.04
0.42	20	0.05	524	500	474	4	22	0.948	0.008	0.044
0.42	20	0.05	525	500	471	6	23	0.942	0.012	0.046
0.42	20	0.05	526	500	477	7	16	0.954	0.014	0.032
0.42	20	0.05	527	500	475	7	18	0.95	0.014	0.036
0.42	20	0.05	528	500	474	8	18	0.948	0.016	0.036
0.42	20	0.05	529	500	476	8	16	0.952	0.016	0.032
0.42	20	0.05	530	500	475	4	21	0.95	0.008	0.042
0.42	20	0.05	531	500	476	10	14	0.952	0.02	0.028
0.42	20	0.05	532	500	470	7	23	0.94	0.014	0.046
0.42	20	0.05	533	500	475	8	17	0.95	0.016	0.034
0.42	20	0.05	534	500	480	5	15	0.96	0.01	0.03
0.42	20	0.05	535	500	472	6	22	0.944	0.012	0.044
0.42	20	0.05	536	500	474	8	18	0.948	0.016	0.036
0.42	20	0.05	537	500	469	8	23	0.938	0.016	0.046
0.42	20	0.05	538	500	478	6	16	0.956	0.012	0.032
0.42	20	0.05	539	500	474	6	20	0.948	0.012	0.04
0.42	20	0.05	540	500	478	5	17	0.956	0.01	0.034
0.42	20	0.05	541	500	475	9	16	0.95	0.018	0.032
0.42	20	0.05	542	500	475	8	17	0.95	0.016	0.034
0.42	20	0.05	543	500	481	3	16	0.962	0.006	0.032
0.42	20	0.05	544	500	472	6	22	0.944	0.012	0.044
0.42	20	0.05	545	500	472	13	15	0.944	0.026	0.03
0.42	20	0.05	546	500	475	4	21	0.95	0.008	0.042
0.42	20	0.05	547	500	474	6	20	0.948	0.012	0.04
0.42	20	0.05	548	500	468	10	22	0.936	0.02	0.044
0.42	20	0.05	549	500	480	3	17	0.96	0.006	0.034
0.42	20	0.05	550	500	479	6	15	0.958	0.012	0.03
0.42	20	0.05	551	500	481	4	15	0.962	0.008	0.03
0.42	20	0.05	552	500	482	5	13	0.964	0.01	0.026
0.42	20	0.05	553	500	480	6	14	0.96	0.012	0.028
0.42	20	0.05	554	500	485	3	12	0.97	0.006	0.024
0.42	20	0.05	555	500	472	5	23	0.944	0.01	0.046
0.42	20	0.05	556	500	477	7	16	0.954	0.014	0.032
0.42	20	0.05	557	500	485	3	12	0.97	0.006	0.024
0.42	20	0.05	558	500	473	7	20	0.946	0.014	0.04
0.42	20	0.05	559	500	469	8	23	0.938	0.016	0.046
0.42	20	0.05	560	500	486	6	8	0.972	0.012	0.016
0.42	20	0.05	561	500	479	6	15	0.958	0.012	0.03
0.42	20	0.05	562	500	481	4	15	0.962	0.008	0.03
0.42	20	0.05	563	500	479	7	14	0.958	0.014	0.028
0.42	20	0.05	564	500	484	6	10	0.968	0.012	0.02
0.42	20	0.05	565	500	477	5	18	0.954	0.01	0.036
0.42	20	0.05	566	500	473	7	20	0.946	0.014	0.04
0.42	20	0.05	567	500	472	9	19	0.944	0.018	0.038
0.42	20	0.05	568	500	474	9	17	0.948	0.018	0.034
0.42	20	0.05	569	500	481	5	14	0.962	0.01	0.028
0.42	20	0.05	570	500	477	6	17	0.954	0.012	0.034
0.42	20	0.05	571	500	488	2	10	0.976	0.004	0.02
0.42	20	0.05	572	500	479	1	20	0.958	0.002	0.04
0.42	20	0.05	573	500	484	4	12	0.968	0.008	0.024
0.42	20	0.05	574	500	477	5	18	0.954	0.01	0.036
0.42	20	0.05	575	500	483	3	14	0.966	0.006	0.028
0.42	20	0.05	576	500	482	3	15	0.964	0.006	0.03
0.42	20	0.05	577	500	477	5	18	0.954	0.01	0.036
0.42	20	0.05	578	500	477	5	18	0.954	0.01	0.036
0.42	20	0.05	579	500	486	3	11	0.972	0.006	0.022
0.42	20	0.05	580	500	481	2	17	0.962	0.004	0.034
0.42	20	0.05	581	500	482	6	12	0.964	0.012	0.024
0.42	20	0.05	582	500	478	7	15	0.956	0.014	0.03
0.42	20	0.05	583	500	470	7	23	0.94	0.014	0.046
0.42	20	0.05	584	500	481	4	15	0.962	0.008	0.03
0.42	20	0.05	585	500	481	4	15	0.962	0.008	0.03
0.42	20	0.05	586	500	477	3	20	0.954	0.006	0.04
0.42	20	0.05	587	500	482	5	13	0.964	0.01	0.026
0.42	20	0.05	588	500	488	1	11	0.976	0.002	0.022
0.42	20	0.05	589	500	479	5	16	0.958	0.01	0.032
0.42	20	0.05	590	500	476	5	19	0.952	0.01	0.038
0.42	20	0.05	591	500	477	7	16	0.954	0.014	0.032
0.42	20	0.05	592	500	477	5	18	0.954	0.01	0.036
0.42	20	0.05	593	500	484	4	12	0.968	0.008	0.024
0.42	20	0.05	594	500	479	5	16	0.958	0.01	0.032
0.42	20	0.05	595	500	478	2	20	0.956	0.004	0.04
0.42	20	0.05	596	500	485	3	12	0.97	0.006	0.024
0.42	20	0.05	597	500	480	9	11	0.96	0.018	0.022
0.42	20	0.05	598	500	481	5	14	0.962	0.01	0.028
0.42	20	0.05	599	500	476	4	20	0.952	0.008	0.04
0.42	20	0.05	600	500	490	2	8	0.98	0.004	0.016
0.42	20	0.05	601	500	480	6	14	0.96	0.012	0.028
0.42	20	0.05	602	500	478	2	20	0.956	0.004	0.04
0.42	20	0.05	603	500	477	7	16	0.954	0.014	0.032
0.42	20	0.05	604	500	477	7	16	0.954	0.014	0.032
0.42	20	0.05	605	500	487	2	11	0.974	0.004	0.022
0.42	20	0.05	606	500	475	7	18	0.95	0.014	0.036
0.42	20	0.05	607	500	475	7	18	0.95	0.014	0.036
0.42	20	0.05	608	500	476	5	19	0.952	0.01	0.038
0.42	20	0.05	609	500	491	2	7	0.982	0.004	0.014
0.42	20	0.05	610	500	480	3	17	0.96	0.006	0.034
0.42	20	0.05	611	500	486	5	9	0.972	0.01	0.018
0.42	20	0.05	612	500	488	3	9	0.976	0.006	0.018
0.42	20	0.05	613	500	478	4	18	0.956	0.008	0.036
0.42	20	0.05	614	500	479	5	16	0.958	0.01	0.032
0.42	20	0.05	615	500	481	3	16	0.962	0.006	0.032
0.42	20	0.05	616	500	477	8	15	0.954	0.016	0.03
0.42	20	0.05	617	500	476	7	17	0.952	0.014	0.034
0.42	20	0.05	618	500	477	3	20	0.954	0.006	0.04
0.42	20	0.05	619	500	481	6	13	0.962	0.012	0.026
0.42	20	0.05	620	500	488	3	9	0.976	0.006	0.018
0.42	20	0.05	621	500	483	4	13	0.966	0.008	0.026
0.42	20	0.05	622	500	487	3	10	0.974	0.006	0.02
0.42	20	0.05	623	500	487	2	11	0.974	0.004	0.022
0.42	20	0.05	624	500	479	8	13	0.958	0.016	0.026
0.42	20	0.05	625	500	482	9	9	0.964	0.018	0.018
0.42	20	0.05	626	500	490	2	8	0.98	0.004	0.016
0.42	20	0.05	627	500	484	5	11	0.968	0.01	0.022
0.42	20	0.05	628	500	488	6	6	0.976	0.012	0.012
0.42	20	0.05	629	500	486	1	13	0.972	0.002	0.026
0.42	20	0.05	630	500	485	2	13	0.97	0.004	0.026
0.42	20	0.05	631	500	485	4	11	0.97	0.008	0.022
0.42	20	0.05	632	500	483	3	14	0.966	0.006	0.028
0.42	20	0.05	633	500	478	7	15	0.956	0.014	0.03
0.42	20	0.05	634	500	491	3	6	0.982	0.006	0.012
0.42	20	0.05	635	500	477	4	19	0.954	0.008	0.038
0.42	20	0.05	636	500	486	5	9	0.972	0.01	0.018
0.42	20	0.05	637	500	484	2	14	0.968	0.004	0.028
0.42	20	0.05	638	500	480	7	13	0.96	0.014	0.026
0.42	20	0.05	639	500	486	3	11	0.972	0.006	0.022
0.42	20	0.05	640	500	483	6	11	0.966	0.012	0.022
0.42	20	0.05	641	500	483	2	15	0.966	0.004	0.03
0.42	20	0.05	642	500	480	2	18	0.96	0.004	0.036
0.42	20	0.05	643	500	481	6	13	0.962	0.012	0.026
0.42	20	0.05	644	500	481	4	15	0.962	0.008	0.03
0.42	20	0.05	645	500	482	2	16	0.964	0.004	0.032
0.42	20	0.05	646	500	482	0	18	0.964	0	0.036
0.42	20	0.05	647	500	479	4	17	0.958	0.008	0.034
0.42	20	0.05	648	500	482	2	16	0.964	0.004	0.032
0.42	20	0.05	649	500	484	4	12	0.968	0.008	0.024
0.42	20	0.05	650	500	479	9	12	0.958	0.018	0.024
0.42	20	0.05	651	500	483	3	14	0.966	0.006	0.028
0.42	20	0.05	652	500	488	1	11	0.976	0.002	0.022
0.42	20	0.05	653	500	486	6	8	0.972	0.012	0.016
0.42	20	0.05	654	500	489	2	9	0.978	0.004	0.018
0.42	20	0.05	655	500	478	2	20	0.956	0.004	0.04
0.42	20	0.05	656	500	485	3	12	0.97	0.006	0.024
0.42	20	0.05	657	500	486	5	9	0.972	0.01	0.018
0.42	20	0.05	658	500	475	5	20	0.95	0.01	0.04
0.42	20	0.05	659	500	486	1	13	0.972	0.002	0.026
0.42	20	0.05	660	500	485	2	13	0.97	0.004	0.026
0.42	20	0.05	661	500	486	1	13	0.972	0.002	0.026
0.42	20	0.05	662	500	488	4	8	0.976	0.008	0.016
0.42	20	0.05	663	500	485	5	10	0.97	0.01	0.02
0.42	20	0.05	664	500	484	5	11	0.968	0.01	0.022
0.42	20	0.05	665	500	485	5	10	0.97	0.01	0.02
0.42	20	0.05	666	500	487	4	9	0.974	0.008	0.018
0.42	20	0.05	667	500	486	5	9	0.972	0.01	0.018
0.42	20	0.05	668	500	490	2	8	0.98	0.004	0.016
0.42	20	0.05	669	500	484	5	11	0.968	0.01	0.022
0.42	20	0.05	670	500	487	2	11	0.974	0.004	0.022
0.42	20	0.05	671	500	486	4	10	0.972	0.008	0.02
0.42	20	0.05	672	500	485	4	11	0.97	0.008	0.022
0.42	20	0.05	673	500	492	2	6	0.984	0.004	0.012
0.42	20	0.05	674	500	485	3	12	0.97	0.006	0.024
0.42	20	0.05	675	500	495	1	4	0.99	0.002	0.008
0.42	20	0.05	676	500	485	5	10	0.97	0.01	0.02
0.42	20	0.05	677	500	485	3	12	0.97	0.006	0.024
0.42	20	0.05	678	500	490	4	6	0.98	0.008	0.012
0.42	20	0.05	679	500	483	3	14	0.966	0.006	0.028
0.42	20	0.05	680	500	489	4	7	0.978	0.008	0.014
0.42	20	0.05	681	500	485	4	11	0.97	0.008	0.022
0.42	20	0.05	682	500	487	1	12	0.974	0.002	0.024
0.42	20	0.05	683	500	493	2	5	0.986	0.004	0.01
0.42	20	0.05	684	500	487	3	10	0.974	0.006	0.02
0.42	20	0.05	685	500	481	4	15	0.962	0.008	0.03
0.42	20	0.05	686	500	488	3	9	0.976	0.006	0.018
0.42	20	0.05	687	500	485	3	12	0.97	0.006	0.024
0.42	20	0.05	688	500	481	2	17	0.962	0.004	0.034
0.42	20	0.05	689	500	485	3	12	0.97	0.006	0.024
0.42	20	0.05	690	500	491	5	4	0.982	0.01	0.008
0.42	20	0.05	691	500	490	3	7	0.98	0.006	0.014
0.42	20	0.05	692	500	489	1	10	0.978	0.002	0.02
0.42	20	0.05	693	500	488	4	8	0.976	0.008	0.016
0.42	20	0.05	694	500	488	3	9	0.976	0.006	0.018
0.42	20	0.05	695	500	487	0	13	0.974	0	0.026
0.42	20	0.05	696	500	482	5	13	0.964	0.01	0.026
0.42	20	0.05	697	500	484	5	11	0.968	0.01	0.022
0.42	20	0.05	698	500	493	2	5	0.986	0.004	0.01
0.42	20	0.05	699	500	492	5	3	0.984	0.01	0.006
0.42	20	0.05	700	500	486	3	11	0.972	0.006	0.022
0.42	20	0.05	701	500	489	2	9	0.978	0.004	0.018
0.42	20	0.05	702	500	486	4	10	0.972	0.008	0.02
0.42	20	0.05	703	500	491	3	6	0.982	0.006	0.012
0.42	20	0.05	704	500	481	2	17	0.962	0.004	0.034
0.42	20	0.05	705	500	487	5	8	0.974	0.01	0.016
0.42	20	0.05	706	500	482	3	15	0.964	0.006	0.03
0.42	20	0.05	707	500	488	3	9	0.976	0.006	0.018
0.42	20	0.05	708	500	488	4	8	0.976	0.008	0.016
0.42	20	0.05	709	500	492	3	5	0.984	0.006	0.01
0.42	20	0.05	710	500	488	0	12	0.976	0	0.024
0.42	20	0.05	711	500	488	3	9	0.976	0.006	0.018
0.42	20	0.05	712	500	491	3	6	0.982	0.006	0.012
0.42	20	0.05	713	500	487	3	10	0.974	0.006	0.02
0.42	20	0.05	714	500	486	2	12	0.972	0.004	0.024
0.42	20	0.05	715	500	489	3	8	0.978	0.006	0.016
0.42	20	0.05	716	500	489	1	10	0.978	0.002	0.02
0.42	20	0.05	717	500	486	4	10	0.972	0.008	0.02
0.42	20	0.05	718	500	488	3	9	0.976	0.006	0.018
0.42	20	0.05	719	500	486	4	10	0.972	0.008	0.02
0.42	20	0.05	720	500	487	3	10	0.974	0.006	0.02
0.42	20	0.05	721	500	490	2	8	0.98	0.004	0.016
0.42	20	0.05	722	500	488	2	10	0.976	0.004	0.02
0.42	20	0.05	723	500	488	1	11	0.976	0.002	0.022
0.42	20	0.05	724	500	491	2	7	0.982	0.004	0.014
0.42	20	0.05	725	500	492	4	4	0.984	0.008	0.008
0.42	20	0.05	726	500	491	3	6	0.982	0.006	0.012
0.42	20	0.05	727	500	489	4	7	0.978	0.008	0.014
0.42	20	0.05	728	500	486	3	11	0.972	0.006	0.022
0.42	20	0.05	729	500	485	5	10	0.97	0.01	0.02
0.42	20	0.05	730	500	493	1	6	0.986	0.002	0.012
0.42	20	0.05	731	500	492	2	6	0.984	0.004	0.012
0.42	20	0.05	732	500	489	3	8	0.978	0.006	0.016
0.42	20	0.05	733	500	490	2	8	0.98	0.004	0.016
0.42	20	0.05	734	500	488	3	9	0.976	0.006	0.018
0.42	20	0.05	735	500	495	1	4	0.99	0.002	0.008
0.42	20	0.05	736	500	487	3	10	0.974	0.006	0.02
0.42	20	0.05	737	500	485	5	10	0.97	0.01	0.02
0.42	20	0.05	738	500	482	1	17	0.964	0.002	0.034
0.42	20	0.05	739	500	488	4	8	0.976	0.008	0.016
0.42	20	0.05	740	500	490	3	7	0.98	0.006	0.014
0.42	20	0.05	741	500	482	2	16	0.964	0.004	0.032
0.42	20	0.05	742	500	492	5	3	0.984	0.01	0.006
0.42	20	0.05	743	500	492	1	7	0.984	0.002	0.014
0.42	20	0.05	744	500	488	5	7	0.976	0.01	0.014
0.42	20	0.05	745	500	491	3	6	0.982	0.006	0.012
0.42	20	0.05	746	500	485	4	11	0.97	0.008	0.022
0.42	20	0.05	747	500	484	1	15	0.968	0.002	0.03
0.42	20	0.05	748	500	493	4	3	0.986	0.008	0.006
0.42	20	0.05	749	500	488	4	8	0.976	0.008	0.016
0.42	20	0.05	750	500	492	3	5	0.984	0.006	0.01
0.42	20	0.05	751	500	494	2	4	0.988	0.004	0.008
0.42	20	0.05	752	500	489	4	7	0.978	0.008	0.014
0.42	20	0.05	753	500	487	5	8	0.974	0.01	0.016
0.42	20	0.05	754	500	492	2	6	0.984	0.004	0.012
0.42	20	0.05	755	500	490	1	9	0.98	0.002	0.018
0.42	20	0.05	756	500	487	3	10	0.974	0.006	0.02
0.42	20	0.05	757	500	489	3	8	0.978	0.006	0.016
0.42	20	0.05	758	500	489	2	9	0.978	0.004	0.018
0.42	20	0.05	759	500	488	4	8	0.976	0.008	0.016
0.42	20	0.05	760	500	487	3	10	0.974	0.006	0.02
0.42	20	0.05	761	500	491	3	6	0.982	0.006	0.012
0.42	20	0.05	762	500	490	4	6	0.98	0.008	0.012
0.42	20	0.05	763	500	482	5	13	0.964	0.01	0.026
0.42	20	0.05	764	500	490	4	6	0.98	0.008	0.012
0.42	20	0.05	765	500	492	3	5	0.984	0.006	0.01
0.42	20	0.05	766	500	492	2	6	0.984	0.004	0.012
0.42	20	0.05	767	500	493	3	4	0.986	0.006	0.008
0.42	20	0.05	768	500	489	0	11	0.978	0	0.022
0.42	20	0.05	769	500	495	1	4	0.99	0.002	0.008
0.42	20	0.05	770	500	491	5	4	0.982	0.01	0.008
0.42	20	0.05	771	500	487	3	10	0.974	0.006	0.02
0.42	20	0.05	772	500	490	2	8	0.98	0.004	0.016
0.42	20	0.05	773	500	491	2	7	0.982	0.004	0.014
0.42	20	0.05	774	500	493	2	5	0.986	0.004	0.01
0.42	20	0.05	775	500	487	3	10	0.974	0.006	0.02
0.42	20	0.05	776	500	489	0	11	0.978	0	0.022
0.42	20	0.05	777	500	489	2	9	0.978	0.004	0.018
0.42	20	0.05	778	500	493	2	5	0.986	0.004	0.01
0.42	20	0.05	779	500	489	1	10	0.978	0.002	0.02
0.42	20	0.05	780	500	492	1	7	0.984	0.002	0.014
0.42	20	0.05	781	500	488	4	8	0.976	0.008	0.016
0.42	20	0.05	782	500	488	3	9	0.976	0.006	0.018
0.42	20	0.05	783	500	490	1	9	0.98	0.002	0.018
0.42	20	0.05	784	500	491	3	6	0.982	0.006	0.012
0.42	20	0.05	785	500	490	1	9	0.98	0.002	0.018
0.42	20	0.05	786	500	493	1	6	0.986	0.002	0.012
0.42	20	0.05	787	500	494	3	3	0.988	0.006	0.006
0.42	20	0.05	788	500	487	3	10	0.974	0.006	0.02
0.42	20	0.05	789	500	488	2	10	0.976	0.004	0.02
0.42	20	0.05	790	500	494	1	5	0.988	0.002	0.01
0.42	20	0.05	791	500	492	3	5	0.984	0.006	0.01
0.42	20	0.05	792	500	491	2	7	0.982	0.004	0.014
0.42	20	0.05	793	500	493	4	3	0.986	0.008	0.006
0.42	20	0.05	794	500	498	0	2	0.996	0	0.004
0.42	20	0.05	795	500	492	4	4	0.984	0.008	0.008
0.42	20	0.05	796	500	496	0	4	0.992	0	0.008
0.42	20	0.05	797	500	490	2	8	0.98	0.004	0.016
0.42	20	0.05	798	500	493	1	6	0.986	0.002	0.012
0.42	20	0.05	799	500	489	3	8	0.978	0.006	0.016
0.42	20	0.05	800	500	492	1	7	0.984	0.002	0.014
0.42	20	0.05	801	500	489	4	7	0.978	0.008	0.014
0.42	20	0.05	802	500	489	2	9	0.978	0.004	0.018
0.42	20	0.05	803	500	494	2	4	0.988	0.004	0.008
0.42	20	0.05	804	500	488	5	7	0.976	0.01	0.014
0.42	20	0.05	805	500	487	2	11	0.974	0.004	0.022
0.42	20	0.05	806	500	492	1	7	0.984	0.002	0.014
0.42	20	0.05	807	500	495	3	2	0.99	0.006	0.004
0.42	20	0.05	808	500	491	2	7	0.982	0.004	0.014
0.42	20	0.05	809	500	491	4	5	0.982	0.008	0.01
0.42	20	0.05	810	500	489	8	3	0.978	0.016	0.006
0.42	20	0.05	811	500	488	3	9	0.976	0.006	0.018
0.42	20	0.05	812	500	491	1	8	0.982	0.002	0.016
0.42	20	0.05	813	500	495	1	4	0.99	0.002	0.008
0.42	20	0.05	814	500	495	0	5	0.99	0	0.01
0.42	20	0.05	815	500	490	2	8	0.98	0.004	0.016
0.42	20	0.05	816	500	494	2	4	0.988	0.004	0.008
0.42	20	0.05	817	500	494	3	3	0.988	0.006	0.006
0.42	20	0.05	818	500	492	3	5	0.984	0.006	0.01
0.42	20	0.05	819	500	495	0	5	0.99	0	0.01
0.42	20	0.05	820	500	494	3	3	0.988	0.006	0.006
0.42	20	0.05	821	500	495	1	4	0.99	0.002	0.008
0.42	20	0.05	822	500	491	3	6	0.982	0.006	0.012
0.42	20	0.05	823	500	492	3	5	0.984	0.006	0.01
0.42	20	0.05	824	500	491	0	9	0.982	0	0.018
0.42	20	0.05	825	500	493	1	6	0.986	0.002	0.012
0.42	20	0.05	826	500	494	2	4	0.988	0.004	0.008
0.42	20	0.05	827	500	489	5	6	0.978	0.01	0.012
0.42	20	0.05	828	500	493	1	6	0.986	0.002	0.012
0.42	20	0.05	829	500	493	1	6	0.986	0.002	0.012
0.42	20	0.05	830	500	496	3	1	0.992	0.006	0.002
0.42	20	0.05	831	500	494	1	5	0.988	0.002	0.01
0.42	20	0.05	832	500	490	5	5	0.98	0.01	0.01
0.42	20	0.05	833	500	487	7	6	0.974	0.014	0.012
0.42	20	0.05	834	500	495	1	4	0.99	0.002	0.008
0.42	20	0.05	835	500	485	6	9	0.97	0.012	0.018
0.42	20	0.05	836	500	489	2	9	0.978	0.004	0.018
0.42	20	0.05	837	500	488	5	7	0.976	0.01	0.014
0.42	20	0.05	838	500	494	1	5	0.988	0.002	0.01
0.42	20	0.05	839	500	494	3	3	0.988	0.006	0.006
0.42	20	0.05	840	500	495	2	3	0.99	0.004	0.006
0.42	20	0.05	841	500	488	2	10	0.976	0.004	0.02
0.42	20	0.05	842	500	495	0	5	0.99	0	0.01
0.42	20	0.05	843	500	492	7	1	0.984	0.014	0.002
0.42	20	0.05	844	500	492	2	6	0.984	0.004	0.012
0.42	20	0.05	845	500	488	3	9	0.976	0.006	0.018
0.42	20	0.05	846	500	492	3	5	0.984	0.006	0.01
0.42	20	0.05	847	500	492	1	7	0.984	0.002	0.014
0.42	20	0.05	848	500	495	2	3	0.99	0.004	0.006
0.42	20	0.05	849	500	492	2	6	0.984	0.004	0.012
0.42	20	0.05	850	500	497	0	3	0.994	0	0.006
0.42	20	0.05	851	500	496	0	4	0.992	0	0.008
0.42	20	0.05	852	500	495	0	5	0.99	0	0.01
0.42	20	0.05	853	500	491	1	8	0.982	0.002	0.016
0.42	20	0.05	854	500	496	0	4	0.992	0	0.008
0.42	20	0.05	855	500	490	1	9	0.98	0.002	0.018
0.42	20	0.05	856	500	492	3	5	0.984	0.006	0.01
0.42	20	0.05	857	500	495	1	4	0.99	0.002	0.008
0.42	20	0.05	858	500	492	1	7	0.984	0.002	0.014
0.42	20	0.05	859	500	495	0	5	0.99	0	0.01
0.42	20	0.05	860	500	492	2	6	0.984	0.004	0.012
0.42	20	0.05	861	500	491	1	8	0.982	0.002	0.016
0.42	20	0.05	862	500	495	0	5	0.99	0	0.01
0.42	20	0.05	863	500	494	1	5	0.988	0.002	0.01
0.42	20	0.05	864	500	497	1	2	0.994	0.002	0.004
0.42	20	0.05	865	500	494	2	4	0.988	0.004	0.008
0.42	20	0.05	866	500	490	3	7	0.98	0.006	0.014
0.42	20	0.05	867	500	497	2	1	0.994	0.004	0.002
0.42	20	0.05	868	500	490	3	7	0.98	0.006	0.014
0.42	20	0.05	869	500	495	0	5	0.99	0	0.01
0.42	20	0.05	870	500	492	1	7	0.984	0.002	0.014
0.42	20	0.05	871	500	493	2	5	0.986	0.004	0.01
0.42	20	0.05	872	500	497	0	3	0.994	0	0.006
0.42	20	0.05	873	500	495	1	4	0.99	0.002	0.008
0.42	20	0.05	874	500	494	2	4	0.988	0.004	0.008
0.42	20	0.05	875	500	493	4	3	0.986	0.008	0.006
0.42	20	0.05	876	500	494	1	5	0.988	0.002	0.01
0.42	20	0.05	877	500	496	1	3	0.992	0.002	0.006
0.42	20	0.05	878	500	496	3	1	0.992	0.006	0.002
0.42	20	0.05	879	500	494	3	3	0.988	0.006	0.006
0.42	20	0.05	880	500	492	2	6	0.984	0.004	0.012
0.42	20	0.05	881	500	493	4	3	0.986	0.008	0.006
0.42	20	0.05	882	500	493	1	6	0.986	0.002	0.012
0.42	20	0.05	883	500	495	3	2	0.99	0.006	0.004
0.42	20	0.05	884	500	492	3	5	0.984	0.006	0.01
0.42	20	0.05	885	500	495	0	5	0.99	0	0.01
0.42	20	0.05	886	500	495	1	4	0.99	0.002	0.008
0.42	20	0.05	887	500	495	0	5	0.99	0	0.01
0.42	20	0.05	888	500	496	0	4	0.992	0	0.008
0.42	20	0.05	889	500	492	3	5	0.984	0.006	0.01
0.42	20	0.05	890	500	496	3	1	0.992	0.006	0.002
0.42	20	0.05	891	500	495	2	3	0.99	0.004	0.006
0.42	20	0.05	892	500	495	2	3	0.99	0.004	0.006
0.42	20	0.05	893	500	492	2	6	0.984	0.004	0.012
0.42	20	0.05	894	500	495	1	4	0.99	0.002	0.008
0.42	20	0.05	895	500	492	2	6	0.984	0.004	0.012
0.42	20	0.05	896	500	494	0	6	0.988	0	0.012
0.42	20	0.05	897	500	486	4	10	0.972	0.008	0.02
0.42	20	0.05	898	500	496	1	3	0.992	0.002	0.006
0.42	20	0.05	899	500	489	6	5	0.978	0.012	0.01
0.42	20	0.05	900	500	496	0	4	0.992	0	0.008
0.42	20	0.05	901	500	498	1	1	0.996	0.002	0.002
0.42	20	0.05	902	500	493	3	4	0.986	0.006	0.008
0.42	20	0.05	903	500	493	5	2	0.986	0.01	0.004
0.42	20	0.05	904	500	493	1	6	0.986	0.002	0.012
0.42	20	0.05	905	500	492	4	4	0.984	0.008	0.008
0.42	20	0.05	906	500	499	0	1	0.998	0	0.002
0.42	20	0.05	907	500	497	1	2	0.994	0.002	0.004
0.42	20	0.05	908	500	494	3	3	0.988	0.006	0.006
0.42	20	0.05	909	500	496	0	4	0.992	0	0.008
0.42	20	0.05	910	500	495	1	4	0.99	0.002	0.008
0.42	20	0.05	911	500	496	1	3	0.992	0.002	0.006
0.42	20	0.05	912	500	497	2	1	0.994	0.004	0.002
0.42	20	0.05	913	500	496	1	3	0.992	0.002	0.006
0.42	20	0.05	914	500	494	3	3	0.988	0.006	0.006
0.42	20	0.05	915	500	494	0	6	0.988	0	0.012
0.42	20	0.05	916	500	495	1	4	0.99	0.002	0.008
0.42	20	0.05	917	500	496	3	1	0.992	0.006	0.002
0.42	20	0.05	918	500	497	1	2	0.994	0.002	0.004
0.42	20	0.05	919	500	495	0	5	0.99	0	0.01
0.42	20	0.05	920	500	498	1	1	0.996	0.002	0.002
0.42	20	0.05	921	500	493	2	5	0.986	0.004	0.01
0.42	20	0.05	922	500	495	2	3	0.99	0.004	0.006
0.42	20	0.05	923	500	494	4	2	0.988	0.008	0.004
0.42	20	0.05	924	500	494	2	4	0.988	0.004	0.008
0.42	20	0.05	925	500	494	0	6	0.988	0	0.012
0.42	20	0.05	926	500	492	2	6	0.984	0.004	0.012
0.42	20	0.05	927	500	498	1	1	0.996	0.002	0.002
0.42	20	0.05	928	500	493	1	6	0.986	0.002	0.012
0.42	20	0.05	929	500	492	1	7	0.984	0.002	0.014
0.42	20	0.05	930	500	494	4	2	0.988	0.008	0.004
0.42	20	0.05	931	500	495	2	3	0.99	0.004	0.006
0.42	20	0.05	932	500	497	0	3	0.994	0	0.006
0.42	20	0.05	933	500	495	1	4	0.99	0.002	0.008
0.42	20	0.05	934	500	498	1	1	0.996	0.002	0.002
0.42	20	0.05	935	500	499	0	1	0.998	0	0.002
0.42	20	0.05	936	500	494	0	6	0.988	0	0.012
0.42	20	0.05	937	500	495	1	4	0.99	0.002	0.008
0.42	20	0.05	938	500	494	2	4	0.988	0.004	0.008
0.42	20	0.05	939	500	497	2	1	0.994	0.004	0.002
0.42	20	0.05	940	500	493	3	4	0.986	0.006	0.008
0.42	20	0.05	941	500	491	2	7	0.982	0.004	0.014
0.42	20	0.05	942	500	495	2	3	0.99	0.004	0.006
0.42	20	0.05	943	500	494	1	5	0.988	0.002	0.01
0.42	20	0.05	944	500	496	2	2	0.992	0.004	0.004
0.42	20	0.05	945	500	499	0	1	0.998	0	0.002
0.42	20	0.05	946	500	497	0	3	0.994	0	0.006
0.42	20	0.05	947	500	497	2	1	0.994	0.004	0.002
0.42	20	0.05	948	500	497	1	2	0.994	0.002	0.004
0.42	20	0.05	949	500	498	2	0	0.996	0.004	0
0.42	20	0.05	950	500	496	1	3	0.992	0.002	0.006
0.42	20	0.05	951	500	496	2	2	0.992	0.004	0.004
0.42	20	0.05	952	500	496	0	4	0.992	0	0.008
0.42	20	0.05	953	500	495	0	5	0.99	0	0.01
0.42	20	0.05	954	500	497	2	1	0.994	0.004	0.002
0.42	20	0.05	955	500	497	1	2	0.994	0.002	0.004
0.42	20	0.05	956	500	496	0	4	0.992	0	0.008
0.42	20	0.05	957	500	499	0	1	0.998	0	0.002
0.42	20	0.05	958	500	499	0	1	0.998	0	0.002
0.42	20	0.05	959	500	497	0	3	0.994	0	0.006
0.42	20	0.05	960	500	490	6	4	0.98	0.012	0.008
0.42	20	0.05	961	500	498	0	2	0.996	0	0.004
0.42	20	0.05	962	500	496	1	3	0.992	0.002	0.006
0.42	20	0.05	963	500	496	1	3	0.992	0.002	0.006
0.42	20	0.05	964	500	495	1	4	0.99	0.002	0.008
0.42	20	0.05	965	500	496	1	3	0.992	0.002	0.006
0.42	20	0.05	966	500	494	1	5	0.988	0.002	0.01
0.42	20	0.05	967	500	493	2	5	0.986	0.004	0.01
0.42	20	0.05	968	500	494	1	5	0.988	0.002	0.01
0.42	20	0.05	969	500	494	3	3	0.988	0.006	0.006
0.42	20	0.05	970	500	499	0	1	0.998	0	0.002
0.42	20	0.05	971	500	497	2	1	0.994	0.004	0.002
0.42	20	0.05	972	500	497	1	2	0.994	0.002	0.004
0.42	20	0.05	973	500	493	1	6	0.986	0.002	0.012
0.42	20	0.05	974	500	495	0	5	0.99	0	0.01
0.42	20	0.05	975	500	497	2	1	0.994	0.004	0.002
0.42	20	0.05	976	500	497	1	2	0.994	0.002	0.004
0.42	20	0.05	977	500	496	2	2	0.992	0.004	0.004
0.42	20	0.05	978	500	495	2	3	0.99	0.004	0.006
0.42	20	0.05	979	500	496	1	3	0.992	0.002	0.006
0.42	20	0.05	980	500	497	0	3	0.994	0	0.006
0.42	20	0.05	981	500	498	1	1	0.996	0.002	0.002
0.42	20	0.05	982	500	495	2	3	0.99	0.004	0.006
0.42	20	0.05	983	500	494	0	6	0.988	0	0.012
0.42	20	0.05	984	500	496	2	2	0.992	0.004	0.004
0.42	20	0.05	985	500	498	1	1	0.996	0.002	0.002
0.42	20	0.05	986	500	497	2	1	0.994	0.004	0.002
0.42	20	0.05	987	500	496	1	3	0.992	0.002	0.006
0.42	20	0.05	988	500	495	2	3	0.99	0.004	0.006
0.42	20	0.05	989	500	496	1	3	0.992	0.002	0.006
0.42	20	0.05	990	500	499	0	1	0.998	0	0.002
0.42	20	0.05	991	500	497	1	2	0.994	0.002	0.004
0.42	20	0.05	992	500	495	1	4	0.99	0.002	0.008
0.42	20	0.05	993	500	498	1	1	0.996	0.002	0.002
0.42	20	0.05	994	500	500	0	0	1	0	0
0.42	20	0.05	995	500	496	1	3	0.992	0.002	0.006
0.42	20	0.05	996	500	498	0	2	0.996	0	0.004
0.42	20	0.05	997	500	495	1	4	0.99	0.002	0.008
0.42	20	0.05	998	500	499	0	1	0.998	0	0.002
0.42	20	0.05	999	500	491	3	6	0.982	0.006	0.012
0.42	20	0.05	1000	500	500	0	0	1	0	0
0.5	20	0.05	2	500	0	0	500	0	0	1
0.5	20	0.05	3	500	0	0	500	0	0	1
0.5	20	0.05	4	500	0	0	500	0	0	1
0.5	20	0.05	5	500	0	0	500	0	0	1
0.5	20	0.05	6	500	0	0	500	0	0	1
0.5	20	0.05	7	500	0	0	500	0	0	1
0.5	20	0.05	8	500	0	0	500	0	0	1
0.5	20	0.05	9	500	0	0	500	0	0	1
0.5	20	0.05	10	500	2	1	497	0.004	0.002	0.994
0.5	20	0.05	11	500	8	2	490	0.016	0.004	0.98
0.5	20	0.05	12	500	8	5	487	0.016	0.01	0.974
0.5	20	0.05	13	500	29	3	468	0.058	0.006	0.936
0.5	20	0.05	14	500	28	5	467	0.056	0.01	0.934
0.5	20	0.05	15	500	35	4	461	0.07	0.008	0.922
0.5	20	0.05	16	500	30	3	467	0.06	0.006	0.934
0.5	20	0.05	17	500	46	4	450	0.092	0.008	0.9
0.5	20	0.05	18	500	57	3	440	0.114	0.006	0.88
0.5	20	0.05	19	500	56	11	433	0.112	0.022	0.866
0.5	20	0.05	20	500	71	8	421	0.142	0.016	0.842
0.5	20	0.05	21	500	86	8	406	0.172	0.016	0.812
0.5	20	0.05	22	500	85	10	405	0.17	0.02	0.81
0.5	20	0.05	23	500	90	8	402	0.18	0.016	0.804
0.5	20	0.05	24	500	79	11	410	0.158	0.022	0.82
0.5	20	0.05	25	500	119	12	369	0.238	0.024	0.738
0.5	20	0.05	26	500	134	10	356	0.268	0.02	0.712
0.5	20	0.05	27	500	127	9	364	0.254	0.018	0.728
0.5	20	0.05	28	500	106	5	389	0.212	0.01	0.778
0.5	20	0.05	29	500	135	8	357	0.27	0.016	0.714
0.5	20	0.05	30	500	133	12	355	0.266	0.024	0.71
0.5	20	0.05	31	500	130	8	362	0.26	0.016	0.724
0.5	20	0.05	32	500	146	9	345	0.292	0.018	0.69
0.5	20	0.05	33	500	128	13	359	0.256	0.026	0.718
0.5	20	0.05	34	500	163	11	326	0.326	0.022	0.652
0.5	20	0.05	35	500	170	18	312	0.34	0.036	0.624
0.5	20	0.05	36	500	176	12	312	0.352	0.024	0.624
0.5	20	0.05	37	500	180	5	315	0.36	0.01	0.63
0.5	20	0.05	38	500	184	7	309	0.368	0.014	0.618
0.5	20	0.05	39	500	178	11	311	0.356	0.022	0.622
0.5	20	0.05	40	500	204	2	294	0.408	0.004	0.588
0.5	20	0.05	41	500	200	15	285	0.4	0.03	0.57
0.5	20	0.05	42	500	222	15	263	0.444	0.03	0.526
0.5	20	0.05	43	500	220	7	273	0.44	0.014	0.546
0.5	20	0.05	44	500	235	15	250	0.47	0.03	0.5
0.5	20	0.05	45	500	221	8	271	0.442	0.016	0.542
0.5	20	0.05	46	500	226	6	268	0.452	0.012	0.536
0.5	20	0.05	47	500	234	13	253	0.468	0.026	0.506
0.5	20	0.05	48	500	230	8	262	0.46	0.016	0.524
0.5	20	0.05	49	500	251	12	237	0.502	0.024	0.474
0.5	20	0.05	50	500	261	6	233	0.522	0.012	0.466
0.5	20	0.05	51	500	232	15	253	0.464	0.03	0.506
0.5	20	0.05	52	500	235	13	252	0.47	0.026	0.504
0.5	20	0.05	53	500	258	13	229	0.516	0.026	0.458
0.5	20	0.05	54	500	269	11	220	0.538	0.022	0.44
0.5	20	0.05	55	500	283	9	208	0.566	0.018	0.416
0.5	20	0.05	56	500	259	7	234	0.518	0.014	0.468
0.5	20	0.05	57	500	272	8	220	0.544	0.016	0.44
0.5	20	0.05	58	500	266	16	218	0.532	0.032	0.436
0.5	20	0.05	59	500	262	16	222	0.524	0.032	0.444
0.5	20	0.05	60	500	281	16	203	0.562	0.032	0.406
0.5	20	0.05	61	500	275	10	215	0.55	0.02	0.43
0.5	20	0.05	62	500	276	10	214	0.552	0.02	0.428
0.5	20	0.05	63	500	306	10	184	0.612	0.02	0.368
0.5	20	0.05	64	500	286	9	205	0.572	0.018	0.41
0.5	20	0.05	65	500	306	11	183	0.612	0.022	0.366
0.5	20	0.05	66	500	298	12	190	0.596	0.024	0.38
0.5	20	0.05	67	500	297	14	189	0.594	0.028	0.378
0.5	20	0.05	68	500	299	10	191	0.598	0.02	0.382
0.5	20	0.05	69	500	324	9	167	0.648	0.018	0.334
0.5	20	0.05	70	500	315	15	170	0.63	0.03	0.34
0.5	20	0.05	71	500	307	12	181	0.614	0.024	0.362
0.5	20	0.05	72	500	322	9	169	0.644	0.018	0.338
0.5	20	0.05	73	500	320	14	166	0.64	0.028	0.332
0.5	20	0.05	74	500	309	9	182	0.618	0.018	0.364
0.5	20	0.05	75	500	309	15	176	0.618	0.03	0.352
0.5	20	0.05	76	500	317	14	169	0.634	0.028	0.338
0.5	20	0.05	77	500	313	15	172	0.626	0.03	0.344
0.5	20	0.05	78	500	331	11	158	0.662	0.022	0.316
0.5	20	0.05	79	500	337	12	151	0.674	0.024	0.302
0.5	20	0.05	80	500	341	8	151	0.682	0.016	0.302
0.5	20	0.05	81	500	329	10	161	0.658	0.02	0.322
0.5	20	0.05	82	500	333	17	150	0.666	0.034	0.3
0.5	20	0.05	83	500	350	16	134	0.7	0.032	0.268
0.5	20	0.05	84	500	346	15	139	0.692	0.03	0.278
0.5	20	0.05	85	500	347	11	142	0.694	0.022	0.284
0.5	20	0.05	86	500	362	7	131	0.724	0.014	0.262
0.5	20	0.05	87	500	368	9	123	0.736	0.018	0.246
0.5	20	0.05	88	500	358	8	134	0.716	0.016	0.268
0.5	20	0.05	89	500	342	7	151	0.684	0.014	0.302
0.5	20	0.05	90	500	346	13	141	0.692	0.026	0.282
0.5	20	0.05	91	500	360	4	136	0.72	0.008	0.272
0.5	20	0.05	92	500	352	6	142	0.704	0.012	0.284
0.5	20	0.05	93	500	376	7	117	0.752	0.014	0.234
0.5	20	0.05	94	500	387	5	108	0.774	0.01	0.216
0.5	20	0.05	95	500	370	8	122	0.74	0.016	0.244
0.5	20	0.05	96	500	382	5	113	0.764	0.01	0.226
0.5	20	0.05	97	500	370	10	120	0.74	0.02	0.24
0.5	20	0.05	98	500	380	4	116	0.76	0.008	0.232
0.5	20	0.05	99	500	385	7	108	0.77	0.014	0.216
0.5	20	0.05	100	500	373	6	121	0.746	0.012	0.242
0.5	20	0.05	101	500	374	6	120	0.748	0.012	0.24
0.5	20	0.05	102	500	386	7	107	0.772	0.014	0.214
0.5	20	0.05	103	500	392	10	98	0.784	0.02	0.196
0.5	20	0.05	104	500	384	6	110	0.768	0.012	0.22
0.5	20	0.05	105	500	376	12	112	0.752	0.024	0.224
0.5	20	0.05	106	500	379	9	112	0.758	0.018	0.224
0.5	20	0.05	107	500	384	5	111	0.768	0.01	0.222
0.5	20	0.05	108	500	397	3	100	0.794	0.006	0.2
0.5	20	0.05	109	500	385	13	102	0.77	0.026	0.204
0.5	20	0.05	110	500	373	6	121	0.746	0.012	0.242
0.5	20	0.05	111	500	383	10	107	0.766	0.02	0.214
0.5	20	0.05	112	500	411	10	79	0.822	0.02	0.158
0.5	20	0.05	113	500	384	7	109	0.768	0.014	0.218
0.5	20	0.05	114	500	409	9	82	0.818	0.018	0.164
0.5	20	0.05	115	500	408	6	86	0.816	0.012	0.172
0.5	20	0.05	116	500	396	10	94	0.792	0.02	0.188
0.5	20	0.05	117	500	401	8	91	0.802	0.016	0.182
0.5	20	0.05	118	500	386	15	99	0.772	0.03	0.198
0.5	20	0.05	119	500	401	4	95	0.802	0.008	0.19
0.5	20	0.05	120	500	425	9	66	0.85	0.018	0.132
0.5	20	0.05	121	500	395	8	97	0.79	0.016	0.194
0.5	20	0.05	122	500	427	7	66	0.854	0.014	0.132
0.5	20	0.05	123	500	405	7	88	0.81	0.014	0.176
0.5	20	0.05	124	500	413	6	81	0.826	0.012	0.162
0.5	20	0.05	125	500	425	2	73	0.85	0.004	0.146
0.5	20	0.05	126	500	419	3	78	0.838	0.006	0.156
0.5	20	0.05	127	500	398	11	91	0.796	0.022	0.182
0.5	20	0.05	128	500	409	2	89	0.818	0.004	0.178
0.5	20	0.05	129	500	403	6	91	0.806	0.012	0.182
0.5	20	0.05	130	500	422	8	70	0.844	0.016	0.14
0.5	20	0.05	131	500	421	6	73	0.842	0.012	0.146
0.5	20	0.05	132	500	422	7	71	0.844	0.014	0.142
0.5	20	0.05	133	500	421	5	74	0.842	0.01	0.148
0.5	20	0.05	134	500	417	7	76	0.834	0.014	0.152
0.5	20	0.05	135	500	431	5	64	0.862	0.01	0.128
0.5	20	0.05	136	500	424	4	72	0.848	0.008	0.144
0.5	20	0.05	137	500	427	2	71	0.854	0.004	0.142
0.5	20	0.05	138	500	427	6	67	0.854	0.012	0.134
0.5	20	0.05	139	500	416	7	77	0.832	0.014	0.154
0.5	20	0.05	140	500	407	9	84	0.814	0.018	0.168
0.5	20	0.05	141	500	427	6	67	0.854	0.012	0.134
0.5	20	0.05	142	500	423	2	75	0.846	0.004	0.15
0.5	20	0.05	143	500	418	6	76	0.836	0.012	0.152
0.5	20	0.05	144	500	441	1	58	0.882	0.002	0.116
0.5	20	0.05	145	500	437	9	54	0.874	0.018	0.108
0.5	20	0.05	146	500	441	6	53	0.882	0.012	0.106
0.5	20	0.05	147	500	423	7	70	0.846	0.014	0.14
0.5	20	0.05	148	500	432	6	62	0.864	0.012	0.124
0.5	20	0.05	149	500	432	3	65	0.864	0.006	0.13
0.5	20	0.05	150	500	427	6	67	0.854	0.012	0.134
0.5	20	0.05	151	500	430	2	68	0.86	0.004	0.136
0.5	20	0.05	152	500	437	5	58	0.874	0.01	0.116
0.5	20	0.05	153	500	436	6	58	0.872	0.012	0.116
0.5	20	0.05	154	500	435	9	56	0.87	0.018	0.112
0.5	20	0.05	155	500	441	5	54	0.882	0.01	0.108
0.5	20	0.05	156	500	443	3	54	0.886	0.006	0.108
0.5	20	0.05	157	500	442	7	51	0.884	0.014	0.102
0.5	20	0.05	158	500	442	4	54	0.884	0.008	0.108
0.5	20	0.05	159	500	439	5	56	0.878	0.01	0.112
0.5	20	0.05	160	500	437	2	61	0.874	0.004	0.122
0.5	20	0.05	161	500	446	3	51	0.892	0.006	0.102
0.5	20	0.05	162	500	443	3	54	0.886	0.006	0.108
0.5	20	0.05	163	500	447	2	51	0.894	0.004	0.102
0.5	20	0.05	164	500	442	2	56	0.884	0.004	0.112
0.5	20	0.05	165	500	440	5	55	0.88	0.01	0.11
0.5	20	0.05	166	500	437	6	57	0.874	0.012	0.114
0.5	20	0.05	167	500	451	3	46	0.902	0.006	0.092
0.5	20	0.05	168	500	445	3	52	0.89	0.006	0.104
0.5	20	0.05	169	500	456	6	38	0.912	0.012	0.076
0.5	20	0.05	170	500	440	4	56	0.88	0.008	0.112
0.5	20	0.05	171	500	454	6	40	0.908	0.012	0.08
0.5	20	0.05	172	500	458	6	36	0.916	0.012	0.072
0.5	20	0.05	173	500	450	2	48	0.9	0.004	0.096
0.5	20	0.05	174	500	446	4	50	0.892	0.008	0.1
0.5	20	0.05	175	500	456	2	42	0.912	0.004	0.084
0.5	20	0.05	176	500	453	4	43	0.906	0.008	0.086
0.5	20	0.05	177	500	451	3	46	0.902	0.006	0.092
0.5	20	0.05	178	500	464	3	33	0.928	0.006	0.066
0.5	20	0.05	179	500	457	2	41	0.914	0.004	0.082
0.5	20	0.05	180	500	455	5	40	0.91	0.01	0.08
0.5	20	0.05	181	500	449	4	47	0.898	0.008	0.094
0.5	20	0.05	182	500	454	2	44	0.908	0.004	0.088
0.5	20	0.05	183	500	457	7	36	0.914	0.014	0.072
0.5	20	0.05	184	500	458	5	37	0.916	0.01	0.074
0.5	20	0.05	185	500	453	4	43	0.906	0.008	0.086
0.5	20	0.05	186	500	459	5	36	0.918	0.01	0.072
0.5	20	0.05	187	500	459	2	39	0.918	0.004	0.078
0.5	20	0.05	188	500	469	2	29	0.938	0.004	0.058
0.5	20	0.05	189	500	465	5	30	0.93	0.01	0.06
0.5	20	0.05	190	500	452	4	44	0.904	0.008	0.088
0.5	20	0.05	191	500	458	2	40	0.916	0.004	0.08
0.5	20	0.05	192	500	464	6	30	0.928	0.012	0.06
0.5	20	0.05	193	500	464	2	34	0.928	0.004	0.068
0.5	20	0.05	194	500	466	2	32	0.932	0.004	0.064
0.5	20	0.05	195	500	456	6	38	0.912	0.012	0.076
0.5	20	0.05	196	500	464	3	33	0.928	0.006	0.066
0.5	20	0.05	197	500	455	4	41	0.91	0.008	0.082
0.5	20	0.05	198	500	469	0	31	0.938	0	0.062
0.5	20	0.05	199	500	467	6	27	0.934	0.012	0.054
0.5	20	0.05	200	500	469	1	30	0.938	0.002	0.06
0.5	20	0.05	201	500	461	5	34	0.922	0.01	0.068
0.5	20	0.05	202	500	467	4	29	0.934	0.008	0.058
0.5	20	0.05	203	500	463	3	34	0.926	0.006	0.068
0.5	20	0.05	204	500	471	4	25	0.942	0.008	0.05
0.5	20	0.05	205	500	472	7	21	0.944	0.014	0.042
0.5	20	0.05	206	500	470	5	25	0.94	0.01	0.05
0.5	20	0.05	207	500	469	3	28	0.938	0.006	0.056
0.5	20	0.05	208	500	460	2	38	0.92	0.004	0.076
0.5	20	0.05	209	500	471	1	28	0.942	0.002	0.056
0.5	20	0.05	210	500	470	3	27	0.94	0.006	0.054
0.5	20	0.05	211	500	465	2	33	0.93	0.004	0.066
0.5	20	0.05	212	500	460	7	33	0.92	0.014	0.066
0.5	20	0.05	213	500	476	0	24	0.952	0	0.048
0.5	20	0.05	214	500	476	4	20	0.952	0.008	0.04
0.5	20	0.05	215	500	473	3	24	0.946	0.006	0.048
0.5	20	0.05	216	500	464	2	34	0.928	0.004	0.068
0.5	20	0.05	217	500	473	3	24	0.946	0.006	0.048
0.5	20	0.05	218	500	474	0	26	0.948	0	0.052
0.5	20	0.05	219	500	468	1	31	0.936	0.002	0.062
0.5	20	0.05	220	500	468	4	28	0.936	0.008	0.056
0.5	20	0.05	221	500	480	0	20	0.96	0	0.04
0.5	20	0.05	222	500	475	2	23	0.95	0.004	0.046
0.5	20	0.05	223	500	477	4	19	0.954	0.008	0.038
0.5	20	0.05	224	500	476	2	22	0.952	0.004	0.044
0.5	20	0.05	225	500	472	1	27	0.944	0.002	0.054
0.5	20	0.05	226	500	477	0	23	0.954	0	0.046
0.5	20	0.05	227	500	468	3	29	0.936	0.006	0.058
0.5	20	0.05	228	500	471	2	27	0.942	0.004	0.054
0.5	20	0.05	229	500	475	2	23	0.95	0.004	0.046
0.5	20	0.05	230	500	468	5	27	0.936	0.01	0.054
0.5	20	0.05	231	500	480	1	19	0.96	0.002	0.038
0.5	20	0.05	232	500	477	2	21	0.954	0.004	0.042
0.5	20	0.05	233	500	471	1	28	0.942	0.002	0.056
0.5	20	0.05	234	500	474	1	25	0.948	0.002	0.05
0.5	20	0.05	235	500	480	1	19	0.96	0.002	0.038
0.5	20	0.05	236	500	484	2	14	0.968	0.004	0.028
0.5	20	0.05	237	500	468	2	30	0.936	0.004	0.06
0.5	20	0.05	238	500	484	0	16	0.968	0	0.032
0.5	20	0.05	239	500	477	1	22	0.954	0.002	0.044
0.5	20	0.05	240	500	479	1	20	0.958	0.002	0.04
0.5	20	0.05	241	500	480	1	19	0.96	0.002	0.038
0.5	20	0.05	242	500	476	5	19	0.952	0.01	0.038
0.5	20	0.05	243	500	484	3	13	0.968	0.006	0.026
0.5	20	0.05	244	500	477	2	21	0.954	0.004	0.042
0.5	20	0.05	245	500	482	1	17	0.964	0.002	0.034
0.5	20	0.05	246	500	480	2	18	0.96	0.004	0.036
0.5	20	0.05	247	500	478	3	19	0.956	0.006	0.038
0.5	20	0.05	248	500	478	3	19	0.956	0.006	0.038
0.5	20	0.05	249	500	481	0	19	0.962	0	0.038
0.5	20	0.05	250	500	481	2	17	0.962	0.004	0.034
0.5	20	0.05	251	500	481	4	15	0.962	0.008	0.03
0.5	20	0.05	252	500	484	1	15	0.968	0.002	0.03
0.5	20	0.05	253	500	481	3	16	0.962	0.006	0.032
0.5	20	0.05	254	500	484	1	15	0.968	0.002	0.03
0.5	20	0.05	255	500	480	2	18	0.96	0.004	0.036
0.5	20	0.05	256	500	484	1	15	0.968	0.002	0.03
0.5	20	0.05	257	500	483	0	17	0.966	0	0.034
0.5	20	0.05	258	500	489	0	11	0.978	0	0.022
0.5	20	0.05	259	500	472	1	27	0.944	0.002	0.054
0.5	20	0.05	260	500	482	0	18	0.964	0	0.036
0.5	20	0.05	261	500	487	1	12	0.974	0.002	0.024
0.5	20	0.05	262	500	486	0	14	0.972	0	0.028
0.5	20	0.05	263	500	486	2	12	0.972	0.004	0.024
0.5	20	0.05	264	500	483	1	16	0.966	0.002	0.032
0.5	20	0.05	265	500	487	2	11	0.974	0.004	0.022
0.5	20	0.05	266	500	481	2	17	0.962	0.004	0.034
0.5	20	0.05	267	500	481	0	19	0.962	0	0.038
0.5	20	0.05	268	500	484	2	14	0.968	0.004	0.028
0.5	20	0.05	269	500	480	2	18	0.96	0.004	0.036
0.5	20	0.05	270	500	476	2	22	0.952	0.004	0.044
0.5	20	0.05	271	500	488	2	10	0.976	0.004	0.02
0.5	20	0.05	272	500	490	2	8	0.98	0.004	0.016
0.5	20	0.05	273	500	488	0	12	0.976	0	0.024
0.5	20	0.05	274	500	486	1	13	0.972	0.002	0.026
0.5	20	0.05	275	500	489	1	10	0.978	0.002	0.02
0.5	20	0.05	276	500	485	2	13	0.97	0.004	0.026
0.5	20	0.05	277	500	482	0	18	0.964	0	0.036
0.5	20	0.05	278	500	483	2	15	0.966	0.004	0.03
0.5	20	0.05	279	500	486	1	13	0.972	0.002	0.026
0.5	20	0.05	280	500	487	1	12	0.974	0.002	0.024
0.5	20	0.05	281	500	482	1	17	0.964	0.002	0.034
0.5	20	0.05	282	500	488	0	12	0.976	0	0.024
0.5	20	0.05	283	500	483	1	16	0.966	0.002	0.032
0.5	20	0.05	284	500	486	0	14	0.972	0	0.028
0.5	20	0.05	285	500	486	1	13	0.972	0.002	0.026
0.5	20	0.05	286	500	484	3	13	0.968	0.006	0.026
0.5	20	0.05	287	500	491	1	8	0.982	0.002	0.016
0.5	20	0.05	288	500	488	1	11	0.976	0.002	0.022
0.5	20	0.05	289	500	489	0	11	0.978	0	0.022
0.5	20	0.05	290	500	491	0	9	0.982	0	0.018
0.5	20	0.05	291	500	490	1	9	0.98	0.002	0.018
0.5	20	0.05	292	500	478	2	20	0.956	0.004	0.04
0.5	20	0.05	293	500	489	1	10	0.978	0.002	0.02
0.5	20	0.05	294	500	487	1	12	0.974	0.002	0.024
0.5	20	0.05	295	500	492	0	8	0.984	0	0.016
0.5	20	0.05	296	500	488	0	12	0.976	0	0.024
0.5	20	0.05	297	500	489	1	10	0.978	0.002	0.02
0.5	20	0.05	298	500	481	3	16	0.962	0.006	0.032
0.5	20	0.05	299	500	490	2	8	0.98	0.004	0.016
0.5	20	0.05	300	500	487	1	12	0.974	0.002	0.024
0.5	20	0.05	301	500	490	1	9	0.98	0.002	0.018
0.5	20	0.05	302	500	484	1	15	0.968	0.002	0.03
0.5	20	0.05	303	500	485	3	12	0.97	0.006	0.024
0.5	20	0.05	304	500	487	1	12	0.974	0.002	0.024
0.5	20	0.05	305	500	484	2	14	0.968	0.004	0.028
0.5	20	0.05	306	500	492	0	8	0.984	0	0.016
0.5	20	0.05	307	500	489	0	11	0.978	0	0.022
0.5	20	0.05	308	500	485	0	15	0.97	0	0.03
0.5	20	0.05	309	500	488	1	11	0.976	0.002	0.022
0.5	20	0.05	310	500	490	0	10	0.98	0	0.02
0.5	20	0.05	311	500	487	0	13	0.974	0	0.026
0.5	20	0.05	312	500	489	2	9	0.978	0.004	0.018
0.5	20	0.05	313	500	489	0	11	0.978	0	0.022
0.5	20	0.05	314	500	490	1	9	0.98	0.002	0.018
0.5	20	0.05	315	500	494	2	4	0.988	0.004	0.008
0.5	20	0.05	316	500	493	0	7	0.986	0	0.014
0.5	20	0.05	317	500	492	3	5	0.984	0.006	0.01
0.5	20	0.05	318	500	495	0	5	0.99	0	0.01
0.5	20	0.05	319	500	488	1	11	0.976	0.002	0.022
0.5	20	0.05	320	500	493	1	6	0.986	0.002	0.012
0.5	20	0.05	321	500	492	0	8	0.984	0	0.016
0.5	20	0.05	322	500	492	0	8	0.984	0	0.016
0.5	20	0.05	323	500	491	1	8	0.982	0.002	0.016
0.5	20	0.05	324	500	489	2	9	0.978	0.004	0.018
0.5	20	0.05	325	500	495	0	5	0.99	0	0.01
0.5	20	0.05	326	500	489	1	10	0.978	0.002	0.02
0.5	20	0.05	327	500	490	2	8	0.98	0.004	0.016
0.5	20	0.05	328	500	493	0	7	0.986	0	0.014
0.5	20	0.05	329	500	499	0	1	0.998	0	0.002
0.5	20	0.05	330	500	494	2	4	0.988	0.004	0.008
0.5	20	0.05	331	500	497	0	3	0.994	0	0.006
0.5	20	0.05	332	500	491	1	8	0.982	0.002	0.016
0.5	20	0.05	333	500	493	1	6	0.986	0.002	0.012
0.5	20	0.05	334	500	497	0	3	0.994	0	0.006
0.5	20	0.05	335	500	485	1	14	0.97	0.002	0.028
0.5	20	0.05	336	500	495	0	5	0.99	0	0.01
0.5	20	0.05	337	500	498	0	2	0.996	0	0.004
0.5	20	0.05	338	500	496	0	4	0.992	0	0.008
0.5	20	0.05	339	500	489	4	7	0.978	0.008	0.014
0.5	20	0.05	340	500	496	0	4	0.992	0	0.008
0.5	20	0.05	341	500	495	0	5	0.99	0	0.01
0.5	20	0.05	342	500	490	2	8	0.98	0.004	0.016
0.5	20	0.05	343	500	494	0	6	0.988	0	0.012
0.5	20	0.05	344	500	494	0	6	0.988	0	0.012
0.5	20	0.05	345	500	489	1	10	0.978	0.002	0.02
0.5	20	0.05	346	500	492	1	7	0.984	0.002	0.014
0.5	20	0.05	347	500	494	0	6	0.988	0	0.012
0.5	20	0.05	348	500	494	0	6	0.988	0	0.012
0.5	20	0.05	349	500	493	1	6	0.986	0.002	0.012
0.5	20	0.05	350	500	495	0	5	0.99	0	0.01
0.5	20	0.05	351	500	495	2	3	0.99	0.004	0.006
0.5	20	0.05	352	500	494	1	5	0.988	0.002	0.01
0.5	20	0.05	353	500	496	0	4	0.992	0	0.008
0.5	20	0.05	354	500	492	0	8	0.984	0	0.016
0.5	20	0.05	355	500	498	0	2	0.996	0	0.004
0.5	20	0.05	356	500	499	0	1	0.998	0	0.002
0.5	20	0.05	357	500	495	0	5	0.99	0	0.01
0.5	20	0.05	358	500	496	0	4	0.992	0	0.008
0.5	20	0.05	359	500	495	0	5	0.99	0	0.01
0.5	20	0.05	360	500	490	1	9	0.98	0.002	0.018
0.5	20	0.05	361	500	493	1	6	0.986	0.002	0.012
0.5	20	0.05	362	500	492	1	7	0.984	0.002	0.014
0.5	20	0.05	363	500	497	1	2	0.994	0.002	0.004
0.5	20	0.05	364	500	498	0	2	0.996	0	0.004
0.5	20	0.05	365	500	497	0	3	0.994	0	0.006
0.5	20	0.05	366	500	494	1	5	0.988	0.002	0.01
0.5	20	0.05	367	500	497	1	2	0.994	0.002	0.004
0.5	20	0.05	368	500	492	0	8	0.984	0	0.016
0.5	20	0.05	369	500	497	0	3	0.994	0	0.006
0.5	20	0.05	370	500	497	0	3	0.994	0	0.006
0.5	20	0.05	371	500	497	0	3	0.994	0	0.006
0.5	20	0.05	372	500	496	1	3	0.992	0.002	0.006
0.5	20	0.05	373	500	492	0	8	0.984	0	0.016
0.5	20	0.05	374	500	496	0	4	0.992	0	0.008
0.5	20	0.05	375	500	497	0	3	0.994	0	0.006
0.5	20	0.05	376	500	497	0	3	0.994	0	0.006
0.5	20	0.05	377	500	497	0	3	0.994	0	0.006
0.5	20	0.05	378	500	489	2	9	0.978	0.004	0.018
0.5	20	0.05	379	500	494	0	6	0.988	0	0.012
0.5	20	0.05	380	500	494	0	6	0.988	0	0.012
0.5	20	0.05	381	500	499	0	1	0.998	0	0.002
0.5	20	0.05	382	500	494	1	5	0.988	0.002	0.01
0.5	20	0.05	383	500	495	1	4	0.99	0.002	0.008
0.5	20	0.05	384	500	494	1	5	0.988	0.002	0.01
0.5	20	0.05	385	500	495	0	5	0.99	0	0.01
0.5	20	0.05	386	500	493	1	6	0.986	0.002	0.012
0.5	20	0.05	387	500	496	0	4	0.992	0	0.008
0.5	20	0.05	388	500	495	0	5	0.99	0	0.01
0.5	20	0.05	389	500	498	1	1	0.996	0.002	0.002
0.5	20	0.05	390	500	498	1	1	0.996	0.002	0.002
0.5	20	0.05	391	500	496	1	3	0.992	0.002	0.006
0.5	20	0.05	392	500	496	0	4	0.992	0	0.008
0.5	20	0.05	393	500	497	0	3	0.994	0	0.006
0.5	20	0.05	394	500	498	0	2	0.996	0	0.004
0.5	20	0.05	395	500	498	0	2	0.996	0	0.004
0.5	20	0.05	396	500	499	0	1	0.998	0	0.002
0.5	20	0.05	397	500	499	0	1	0.998	0	0.002
0.5	20	0.05	398	500	498	0	2	0.996	0	0.004
0.5	20	0.05	399	500	497	0	3	0.994	0	0.006
0.5	20	0.05	400	500	499	0	1	0.998	0	0.002
0.5	20	0.05	401	500	496	0	4	0.992	0	0.008
0.5	20	0.05	402	500	496	0	4	0.992	0	0.008
0.5	20	0.05	403	500	495	0	5	0.99	0	0.01
0.5	20	0.05	404	500	497	0	3	0.994	0	0.006
0.5	20	0.05	405	500	498	0	2	0.996	0	0.004
0.5	20	0.05	406	500	495	0	5	0.99	0	0.01
0.5	20	0.05	407	500	494	0	6	0.988	0	0.012
0.5	20	0.05	408	500	499	0	1	0.998	0	0.002
0.5	20	0.05	409	500	496	0	4	0.992	0	0.008
0.5	20	0.05	410	500	497	1	2	0.994	0.002	0.004
0.5	20	0.05	411	500	498	0	2	0.996	0	0.004
0.5	20	0.05	412	500	498	1	1	0.996	0.002	0.002
0.5	20	0.05	413	500	495	1	4	0.99	0.002	0.008
0.5	20	0.05	414	500	499	0	1	0.998	0	0.002
0.5	20	0.05	415	500	499	0	1	0.998	0	0.002
0.5	20	0.05	416	500	496	0	4	0.992	0	0.008
0.5	20	0.05	417	500	498	1	1	0.996	0.002	0.002
0.5	20	0.05	418	500	495	0	5	0.99	0	0.01
0.5	20	0.05	419	500	499	0	1	0.998	0	0.002
0.5	20	0.05	420	500	497	0	3	0.994	0	0.006
0.5	20	0.05	421	500	493	1	6	0.986	0.002	0.012
0.5	20	0.05	422	500	499	0	1	0.998	0	0.002
0.5	20	0.05	423	500	495	2	3	0.99	0.004	0.006
0.5	20	0.05	424	500	497	1	2	0.994	0.002	0.004
0.5	20	0.05	425	500	499	0	1	0.998	0	0.002
0.5	20	0.05	426	500	499	0	1	0.998	0	0.002
0.5	20	0.05	427	500	499	0	1	0.998	0	0.002
0.5	20	0.05	428	500	497	1	2	0.994	0.002	0.004
0.5	20	0.05	429	500	498	1	1	0.996	0.002	0.002
0.5	20	0.05	430	500	496	1	3	0.992	0.002	0.006
0.5	20	0.05	431	500	494	0	6	0.988	0	0.012
0.5	20	0.05	432	500	496	0	4	0.992	0	0.008
0.5	20	0.05	433	500	495	0	5	0.99	0	0.01
0.5	20	0.05	434	500	494	1	5	0.988	0.002	0.01
0.5	20	0.05	435	500	498	0	2	0.996	0	0.004
0.5	20	0.05	436	500	493	0	7	0.986	0	0.014
0.5	20	0.05	437	500	498	0	2	0.996	0	0.004
0.5	20	0.05	438	500	499	1	0	0.998	0.002	0
0.5	20	0.05	439	500	500	0	0	1	0	0
0.5	20	0.05	440	500	497	1	2	0.994	0.002	0.004
0.5	20	0.05	441	500	499	0	1	0.998	0	0.002
0.5	20	0.05	442	500	495	0	5	0.99	0	0.01
0.5	20	0.05	443	500	493	2	5	0.986	0.004	0.01
0.5	20	0.05	444	500	498	1	1	0.996	0.002	0.002
0.5	20	0.05	445	500	500	0	0	1	0	0
0.5	20	0.05	446	500	496	2	2	0.992	0.004	0.004
0.5	20	0.05	447	500	498	0	2	0.996	0	0.004
0.5	20	0.05	448	500	496	0	4	0.992	0	0.008
0.5	20	0.05	449	500	498	0	2	0.996	0	0.004
0.5	20	0.05	450	500	496	0	4	0.992	0	0.008
0.5	20	0.05	451	500	499	0	1	0.998	0	0.002
0.5	20	0.05	452	500	500	0	0	1	0	0
0.5	20	0.05	453	500	498	0	2	0.996	0	0.004
0.5	20	0.05	454	500	499	1	0	0.998	0.002	0
0.5	20	0.05	455	500	498	0	2	0.996	0	0.004
0.5	20	0.05	456	500	496	0	4	0.992	0	0.008
0.5	20	0.05	457	500	499	1	0	0.998	0.002	0
0.5	20	0.05	458	500	498	0	2	0.996	0	0.004
0.5	20	0.05	459	500	497	1	2	0.994	0.002	0.004
0.5	20	0.05	460	500	500	0	0	1	0	0
0.5	20	0.05	461	500	499	0	1	0.998	0	0.002
0.5	20	0.05	462	500	497	0	3	0.994	0	0.006
0.5	20	0.05	463	500	499	0	1	0.998	0	0.002
0.5	20	0.05	464	500	499	0	1	0.998	0	0.002
0.5	20	0.05	465	500	499	0	1	0.998	0	0.002
0.5	20	0.05	466	500	497	1	2	0.994	0.002	0.004
0.5	20	0.05	467	500	500	0	0	1	0	0
0.5	20	0.05	468	500	500	0	0	1	0	0
0.5	20	0.05	469	500	499	0	1	0.998	0	0.002
0.5	20	0.05	470	500	499	0	1	0.998	0	0.002
0.5	20	0.05	471	500	500	0	0	1	0	0
0.5	20	0.05	472	500	499	0	1	0.998	0	0.002
0.5	20	0.05	473	500	498	0	2	0.996	0	0.004
0.5	20	0.05	474	500	497	1	2	0.994	0.002	0.004
0.5	20	0.05	475	500	498	2	0	0.996	0.004	0
0.5	20	0.05	476	500	498	0	2	0.996	0	0.004
0.5	20	0.05	477	500	500	0	0	1	0	0
0.5	20	0.05	478	500	499	0	1	0.998	0	0.002
0.5	20	0.05	479	500	500	0	0	1	0	0
0.5	20	0.05	480	500	500	0	0	1	0	0
0.5	20	0.05	481	500	499	0	1	0.998	0	0.002
0.5	20	0.05	482	500	500	0	0	1	0	0
0.5	20	0.05	483	500	500	0	0	1	0	0
0.5	20	0.05	484	500	499	0	1	0.998	0	0.002
0.5	20	0.05	485	500	499	0	1	0.998	0	0.002
0.5	20	0.05	486	500	499	0	1	0.998	0	0.002
0.5	20	0.05	487	500	499	0	1	0.998	0	0.002
0.5	20	0.05	488	500	499	0	1	0.998	0	0.002
0.5	20	0.05	489	500	500	0	0	1	0	0
0.5	20	0.05	490	500	498	0	2	0.996	0	0.004
0.5	20	0.05	491	500	497	1	2	0.994	0.002	0.004
0.5	20	0.05	492	500	499	0	1	0.998	0	0.002
0.5	20	0.05	493	500	500	0	0	1	0	0
0.5	20	0.05	494	500	499	0	1	0.998	0	0.002
0.5	20	0.05	495	500	495	0	5	0.99	0	0.01
0.5	20	0.05	496	500	497	0	3	0.994	0	0.006
0.5	20	0.05	497	500	499	0	1	0.998	0	0.002
0.5	20	0.05	498	500	500	0	0	1	0	0
0.5	20	0.05	499	500	497	1	2	0.994	0.002	0.004
0.5	20	0.05	500	500	498	0	2	0.996	0	0.004
0.5	20	0.05	501	500	500	0	0	1	0	0
0.5	20	0.05	502	500	499	0	1	0.998	0	0.002
0.5	20	0.05	503	500	499	0	1	0.998	0	0.002
0.5	20	0.05	504	500	500	0	0	1	0	0
0.5	20	0.05	505	500	499	0	1	0.998	0	0.002
0.5	20	0.05	506	500	498	1	1	0.996	0.002	0.002
0.5	20	0.05	507	500	499	1	0	0.998	0.002	0
0.5	20	0.05	508	500	499	0	1	0.998	0	0.002
0.5	20	0.05	509	500	498	0	2	0.996	0	0.004
0.5	20	0.05	510	500	498	1	1	0.996	0.002	0.002
0.5	20	0.05	511	500	500	0	0	1	0	0
0.5	20	0.05	512	500	499	1	0	0.998	0.002	0
0.5	20	0.05	513	500	500	0	0	1	0	0
0.5	20	0.05	514	500	500	0	0	1	0	0
0.5	20	0.05	515	500	500	0	0	1	0	0
0.5	20	0.05	516	500	499	0	1	0.998	0	0.002
0.5	20	0.05	517	500	500	0	0	1	0	0
0.5	20	0.05	518	500	500	0	0	1	0	0
0.5	20	0.05	519	500	499	0	1	0.998	0	0.002
0.5	20	0.05	520	500	498	0	2	0.996	0	0.004
0.5	20	0.05	521	500	499	0	1	0.998	0	0.002
0.5	20	0.05	522	500	500	0	0	1	0	0
0.5	20	0.05	523	500	498	1	1	0.996	0.002	0.002
0.5	20	0.05	524	500	498	0	2	0.996	0	0.004
0.5	20	0.05	525	500	499	0	1	0.998	0	0.002
0.5	20	0.05	526	500	499	0	1	0.998	0	0.002
0.5	20	0.05	527	500	499	1	0	0.998	0.002	0
0.5	20	0.05	528	500	498	1	1	0.996	0.002	0.002
0.5	20	0.05	529	500	500	0	0	1	0	0
0.5	20	0.05	530	500	499	0	1	0.998	0	0.002
0.5	20	0.05	531	500	500	0	0	1	0	0
0.5	20	0.05	532	500	499	1	0	0.998	0.002	0
0.5	20	0.05	533	500	499	0	1	0.998	0	0.002
0.5	20	0.05	534	500	500	0	0	1	0	0
0.5	20	0.05	535	500	500	0	0	1	0	0
0.5	20	0.05	536	500	500	0	0	1	0	0
0.5	20	0.05	537	500	500	0	0	1	0	0
0.5	20	0.05	538	500	500	0	0	1	0	0
0.5	20	0.05	539	500	500	0	0	1	0	0
0.5	20	0.05	540	500	500	0	0	1	0	0
0.5	20	0.05	541	500	500	0	0	1	0	0
0.5	20	0.05	542	500	499	0	1	0.998	0	0.002
0.5	20	0.05	543	500	499	0	1	0.998	0	0.002
0.5	20	0.05	544	500	500	0	0	1	0	0
0.5	20	0.05	545	500	499	0	1	0.998	0	0.002
0.5	20	0.05	546	500	500	0	0	1	0	0
0.5	20	0.05	547	500	500	0	0	1	0	0
0.5	20	0.05	548	500	498	0	2	0.996	0	0.004
0.5	20	0.05	549	500	500	0	0	1	0	0
0.5	20	0.05	550	500	500	0	0	1	0	0
0.5	20	0.05	551	500	500	0	0	1	0	0
0.5	20	0.05	552	500	499	0	1	0.998	0	0.002
0.5	20	0.05	553	500	498	1	1	0.996	0.002	0.002
0.5	20	0.05	554	500	500	0	0	1	0	0
0.5	20	0.05	555	500	499	1	0	0.998	0.002	0
0.5	20	0.05	556	500	499	0	1	0.998	0	0.002
0.5	20	0.05	557	500	500	0	0	1	0	0
0.5	20	0.05	558	500	500	0	0	1	0	0
0.5	20	0.05	559	500	500	0	0	1	0	0
0.5	20	0.05	560	500	500	0	0	1	0	0
0.5	20	0.05	561	500	500	0	0	1	0	0
0.5	20	0.05	562	500	499	0	1	0.998	0	0.002
0.5	20	0.05	563	500	500	0	0	1	0	0
0.5	20	0.05	564	500	499	0	1	0.998	0	0.002
0.5	20	0.05	565	500	498	0	2	0.996	0	0.004
0.5	20	0.05	566	500	498	0	2	0.996	0	0.004
0.5	20	0.05	567	500	500	0	0	1	0	0
0.5	20	0.05	568	500	499	1	0	0.998	0.002	0
0.5	20	0.05	569	500	498	0	2	0.996	0	0.004
0.5	20	0.05	570	500	499	0	1	0.998	0	0.002
0.5	20	0.05	571	500	499	0	1	0.998	0	0.002
0.5	20	0.05	572	500	499	0	1	0.998	0	0.002
0.5	20	0.05	573	500	499	0	1	0.998	0	0.002
0.5	20	0.05	574	500	500	0	0	1	0	0
0.5	20	0.05	575	500	499	0	1	0.998	0	0.002
0.5	20	0.05	576	500	500	0	0	1	0	0
0.5	20	0.05	577	500	500	0	0	1	0	0
0.5	20	0.05	578	500	499	0	1	0.998	0	0.002
0.5	20	0.05	579	500	500	0	0	1	0	0
0.5	20	0.05	580	500	500	0	0	1	0	0
0.5	20	0.05	581	500	500	0	0	1	0	0
0.5	20	0.05	582	500	498	1	1	0.996	0.002	0.002
0.5	20	0.05	583	500	500	0	0	1	0	0
0.5	20	0.05	584	500	499	0	1	0.998	0	0.002
0.5	20	0.05	585	500	500	0	0	1	0	0
0.5	20	0.05	586	500	500	0	0	1	0	0
0.5	20	0.05	587	500	500	0	0	1	0	0
0.5	20	0.05	588	500	500	0	0	1	0	0
0.5	20	0.05	589	500	500	0	0	1	0	0
0.5	20	0.05	590	500	500	0	0	1	0	0
0.5	20	0.05	591	500	500	0	0	1	0	0
0.5	20	0.05	592	500	500	0	0	1	0	0
0.5	20	0.05	593	500	499	0	1	0.998	0	0.002
0.5	20	0.05	594	500	498	0	2	0.996	0	0.004
0.5	20	0.05	595	500	500	0	0	1	0	0
0.5	20	0.05	596	500	500	0	0	1	0	0
0.5	20	0.05	597	500	499	0	1	0.998	0	0.002
0.5	20	0.05	598	500	499	0	1	0.998	0	0.002
0.5	20	0.05	599	500	499	0	1	0.998	0	0.002
0.5	20	0.05	600	500	498	1	1	0.996	0.002	0.002
0.5	20	0.05	601	500	500	0	0	1	0	0
0.5	20	0.05	602	500	500	0	0	1	0	0
0.5	20	0.05	603	500	500	0	0	1	0	0
0.5	20	0.05	604	500	499	0	1	0.998	0	0.002
0.5	20	0.05	605	500	500	0	0	1	0	0
0.5	20	0.05	606	500	499	0	1	0.998	0	0.002
0.5	20	0.05	607	500	498	0	2	0.996	0	0.004
0.5	20	0.05	608	500	500	0	0	1	0	0
0.5	20	0.05	609	500	500	0	0	1	0	0
0.5	20	0.05	610	500	499	0	1	0.998	0	0.002
0.5	20	0.05	611	500	500	0	0	1	0	0
0.5	20	0.05	612	500	500	0	0	1	0	0
0.5	20	0.05	613	500	499	0	1	0.998	0	0.002
0.5	20	0.05	614	500	500	0	0	1	0	0
0.5	20	0.05	615	500	498	1	1	0.996	0.002	0.002
0.5	20	0.05	616	500	499	0	1	0.998	0	0.002
0.5	20	0.05	617	500	499	0	1	0.998	0	0.002
0.5	20	0.05	618	500	500	0	0	1	0	0
0.5	20	0.05	619	500	500	0	0	1	0	0
0.5	20	0.05	620	500	500	0	0	1	0	0
0.5	20	0.05	621	500	500	0	0	1	0	0
0.5	20	0.05	622	500	498	0	2	0.996	0	0.004
0.5	20	0.05	623	500	500	0	0	1	0	0
0.5	20	0.05	624	500	499	0	1	0.998	0	0.002
0.5	20	0.05	625	500	498	0	2	0.996	0	0.004
0.5	20	0.05	626	500	500	0	0	1	0	0
0.5	20	0.05	627	500	499	0	1	0.998	0	0.002
0.5	20	0.05	628	500	500	0	0	1	0	0
0.5	20	0.05	629	500	500	0	0	1	0	0
0.5	20	0.05	630	500	500	0	0	1	0	0
0.5	20	0.05	631	500	500	0	0	1	0	0
0.5	20	0.05	632	500	500	0	0	1	0	0
0.5	20	0.05	633	500	499	0	1	0.998	0	0.002
0.5	20	0.05	634	500	500	0	0	1	0	0
0.5	20	0.05	635	500	500	0	0	1	0	0
0.5	20	0.05	636	500	499	0	1	0.998	0	0.002
0.5	20	0.05	637	500	500	0	0	1	0	0
0.5	20	0.05	638	500	500	0	0	1	0	0
0.5	20	0.05	639	500	500	0	0	1	0	0
0.5	20	0.05	640	500	500	0	0	1	0	0
0.5	20	0.05	641	500	500	0	0	1	0	0
0.5	20	0.05	642	500	500	0	0	1	0	0
0.5	20	0.05	643	500	500	0	0	1	0	0
0.5	20	0.05	644	500	500	0	0	1	0	0
0.5	20	0.05	645	500	500	0	0	1	0	0
0.5	20	0.05	646	500	500	0	0	1	0	0
0.5	20	0.05	647	500	500	0	0	1	0	0
0.5	20	0.05	648	500	500	0	0	1	0	0
0.5	20	0.05	649	500	500	0	0	1	0	0
0.5	20	0.05	650	500	500	0	0	1	0	0
0.5	20	0.05	651	500	500	0	0	1	0	0
0.5	20	0.05	652	500	500	0	0	1	0	0
0.5	20	0.05	653	500	500	0	0	1	0	0
0.5	20	0.05	654	500	500	0	0	1	0	0
0.5	20	0.05	655	500	500	0	0	1	0	0
0.5	20	0.05	656	500	500	0	0	1	0	0
0.5	20	0.05	657	500	500	0	0	1	0	0
0.5	20	0.05	658	500	500	0	0	1	0	0
0.5	20	0.05	659	500	500	0	0	1	0	0
0.5	20	0.05	660	500	500	0	0	1	0	0
0.5	20	0.05	661	500	500	0	0	1	0	0
0.5	20	0.05	662	500	498	1	1	0.996	0.002	0.002
0.5	20	0.05	663	500	500	0	0	1	0	0
0.5	20	0.05	664	500	499	0	1	0.998	0	0.002
0.5	20	0.05	665	500	500	0	0	1	0	0
0.5	20	0.05	666	500	499	0	1	0.998	0	0.002
0.5	20	0.05	667	500	499	0	1	0.998	0	0.002
0.5	20	0.05	668	500	500	0	0	1	0	0
0.5	20	0.05	669	500	500	0	0	1	0	0
0.5	20	0.05	670	500	500	0	0	1	0	0
0.5	20	0.05	671	500	500	0	0	1	0	0
0.5	20	0.05	672	500	500	0	0	1	0	0
0.5	20	0.05	673	500	500	0	0	1	0	0
0.5	20	0.05	674	500	500	0	0	1	0	0
0.5	20	0.05	675	500	500	0	0	1	0	0
0.5	20	0.05	676	500	500	0	0	1	0	0
0.5	20	0.05	677	500	499	1	0	0.998	0.002	0
0.5	20	0.05	678	500	499	0	1	0.998	0	0.002
0.5	20	0.05	679	500	500	0	0	1	0	0
0.5	20	0.05	680	500	500	0	0	1	0	0
0.5	20	0.05	681	500	499	1	0	0.998	0.002	0
0.5	20	0.05	682	500	500	0	0	1	0	0
0.5	20	0.05	683	500	500	0	0	1	0	0
0.5	20	0.05	684	500	500	0	0	1	0	0
0.5	20	0.05	685	500	500	0	0	1	0	0
0.5	20	0.05	686	500	498	0	2	0.996	0	0.004
0.5	20	0.05	687	500	500	0	0	1	0	0
0.5	20	0.05	688	500	500	0	0	1	0	0
0.5	20	0.05	689	500	500	0	0	1	0	0
0.5	20	0.05	690	500	499	0	1	0.998	0	0.002
0.5	20	0.05	691	500	499	1	0	0.998	0.002	0
0.5	20	0.05	692	500	500	0	0	1	0	0
0.5	20	0.05	693	500	500	0	0	1	0	0
0.5	20	0.05	694	500	500	0	0	1	0	0
0.5	20	0.05	695	500	500	0	0	1	0	0
0.5	20	0.05	696	500	500	0	0	1	0	0
0.5	20	0.05	697	500	500	0	0	1	0	0
0.5	20	0.05	698	500	500	0	0	1	0	0
0.5	20	0.05	699	500	500	0	0	1	0	0
0.5	20	0.05	700	500	500	0	0	1	0	0
0.5	20	0.05	701	500	499	0	1	0.998	0	0.002
0.5	20	0.05	702	500	500	0	0	1	0	0
0.5	20	0.05	703	500	500	0	0	1	0	0
0.5	20	0.05	704	500	499	0	1	0.998	0	0.002
0.5	20	0.05	705	500	500	0	0	1	0	0
0.5	20	0.05	706	500	500	0	0	1	0	0
0.5	20	0.05	707	500	500	0	0	1	0	0
0.5	20	0.05	708	500	500	0	0	1	0	0
0.5	20	0.05	709	500	500	0	0	1	0	0
0.5	20	0.05	710	500	500	0	0	1	0	0
0.5	20	0.05	711	500	500	0	0	1	0	0
0.5	20	0.05	712	500	499	1	0	0.998	0.002	0
0.5	20	0.05	713	500	500	0	0	1	0	0
0.5	20	0.05	714	500	500	0	0	1	0	0
0.5	20	0.05	715	500	500	0	0	1	0	0
0.5	20	0.05	716	500	500	0	0	1	0	0
0.5	20	0.05	717	500	500	0	0	1	0	0
0.5	20	0.05	718	500	500	0	0	1	0	0
0.5	20	0.05	719	500	500	0	0	1	0	0
0.5	20	0.05	720	500	500	0	0	1	0	0
0.5	20	0.05	721	500	500	0	0	1	0	0
0.5	20	0.05	722	500	500	0	0	1	0	0
0.5	20	0.05	723	500	499	0	1	0.998	0	0.002
0.5	20	0.05	724	500	500	0	0	1	0	0
0.5	20	0.05	725	500	500	0	0	1	0	0
0.5	20	0.05	726	500	500	0	0	1	0	0
0.5	20	0.05	727	500	500	0	0	1	0	0
0.5	20	0.05	728	500	500	0	0	1	0	0
0.5	20	0.05	729	500	500	0	0	1	0	0
0.5	20	0.05	730	500	500	0	0	1	0	0
0.5	20	0.05	731	500	500	0	0	1	0	0
0.5	20	0.05	732	500	500	0	0	1	0	0
0.5	20	0.05	733	500	500	0	0	1	0	0
0.5	20	0.05	734	500	500	0	0	1	0	0
0.5	20	0.05	735	500	500	0	0	1	0	0
0.5	20	0.05	736	500	500	0	0	1	0	0
0.5	20	0.05	737	500	500	0	0	1	0	0
0.5	20	0.05	738	500	500	0	0	1	0	0
0.5	20	0.05	739	500	500	0	0	1	0	0
0.5	20	0.05	740	500	500	0	0	1	0	0
0.5	20	0.05	741	500	500	0	0	1	0	0
0.5	20	0.05	742	500	500	0	0	1	0	0
0.5	20	0.05	743	500	500	0	0	1	0	0
0.5	20	0.05	744	500	500	0	0	1	0	0
0.5	20	0.05	745	500	500	0	0	1	0	0
0.5	20	0.05	746	500	500	0	0	1	0	0
0.5	20	0.05	747	500	500	0	0	1	0	0
0.5	20	0.05	748	500	500	0	0	1	0	0
0.5	20	0.05	749	500	500	0	0	1	0	0
0.5	20	0.05	750	500	500	0	0	1	0	0
0.5	20	0.05	751	500	500	0	0	1	0	0
0.5	20	0.05	752	500	500	0	0	1	0	0
0.5	20	0.05	753	500	500	0	0	1	0	0
0.5	20	0.05	754	500	499	0	1	0.998	0	0.002
0.5	20	0.05	755	500	500	0	0	1	0	0
0.5	20	0.05	756	500	500	0	0	1	0	0
0.5	20	0.05	757	500	500	0	0	1	0	0
0.5	20	0.05	758	500	500	0	0	1	0	0
0.5	20	0.05	759	500	500	0	0	1	0	0
0.5	20	0.05	760	500	500	0	0	1	0	0
0.5	20	0.05	761	500	500	0	0	1	0	0
0.5	20	0.05	762	500	500	0	0	1	0	0
0.5	20	0.05	763	500	500	0	0	1	0	0
0.5	20	0.05	764	500	500	0	0	1	0	0
0.5	20	0.05	765	500	500	0	0	1	0	0
0.5	20	0.05	766	500	500	0	0	1	0	0
0.5	20	0.05	767	500	500	0	0	1	0	0
0.5	20	0.05	768	500	500	0	0	1	0	0
0.5	20	0.05	769	500	500	0	0	1	0	0
0.5	20	0.05	770	500	500	0	0	1	0	0
0.5	20	0.05	771	500	500	0	0	1	0	0
0.5	20	0.05	772	500	500	0	0	1	0	0
0.5	20	0.05	773	500	500	0	0	1	0	0
0.5	20	0.05	774	500	500	0	0	1	0	0
0.5	20	0.05	775	500	500	0	0	1	0	0
0.5	20	0.05	776	500	500	0	0	1	0	0
0.5	20	0.05	777	500	500	0	0	1	0	0
0.5	20	0.05	778	500	500	0	0	1	0	0
0.5	20	0.05	779	500	500	0	0	1	0	0
0.5	20	0.05	780	500	500	0	0	1	0	0
0.5	20	0.05	781	500	500	0	0	1	0	0
0.5	20	0.05	782	500	500	0	0	1	0	0
0.5	20	0.05	783	500	500	0	0	1	0	0
0.5	20	0.05	784	500	500	0	0	1	0	0
0.5	20	0.05	785	500	500	0	0	1	0	0
0.5	20	0.05	786	500	500	0	0	1	0	0
0.5	20	0.05	787	500	500	0	0	1	0	0
0.5	20	0.05	788	500	500	0	0	1	0	0
0.5	20	0.05	789	500	500	0	0	1	0	0
0.5	20	0.05	790	500	500	0	0	1	0	0
0.5	20	0.05	791	500	500	0	0	1	0	0
0.5	20	0.05	792	500	500	0	0	1	0	0
0.5	20	0.05	793	500	499	0	1	0.998	0	0.002
0.5	20	0.05	794	500	500	0	0	1	0	0
0.5	20	0.05	795	500	500	0	0	1	0	0
0.5	20	0.05	796	500	500	0	0	1	0	0
0.5	20	0.05	797	500	500	0	0	1	0	0
0.5	20	0.05	798	500	500	0	0	1	0	0
0.5	20	0.05	799	500	500	0	0	1	0	0
0.5	20	0.05	800	500	500	0	0	1	0	0
0.5	20	0.05	801	500	500	0	0	1	0	0
0.5	20	0.05	802	500	500	0	0	1	0	0
0.5	20	0.05	803	500	500	0	0	1	0	0
0.5	20	0.05	804	500	500	0	0	1	0	0
0.5	20	0.05	805	500	500	0	0	1	0	0
0.5	20	0.05	806	500	500	0	0	1	0	0
0.5	20	0.05	807	500	500	0	0	1	0	0
0.5	20	0.05	808	500	500	0	0	1	0	0
0.5	20	0.05	809	500	500	0	0	1	0	0
0.5	20	0.05	810	500	500	0	0	1	0	0
0.5	20	0.05	811	500	500	0	0	1	0	0
0.5	20	0.05	812	500	500	0	0	1	0	0
0.5	20	0.05	813	500	500	0	0	1	0	0
0.5	20	0.05	814	500	500	0	0	1	0	0
0.5	20	0.05	815	500	500	0	0	1	0	0
0.5	20	0.05	816	500	500	0	0	1	0	0
0.5	20	0.05	817	500	500	0	0	1	0	0
0.5	20	0.05	818	500	500	0	0	1	0	0
0.5	20	0.05	819	500	500	0	0	1	0	0
0.5	20	0.05	820	500	500	0	0	1	0	0
0.5	20	0.05	821	500	500	0	0	1	0	0
0.5	20	0.05	822	500	500	0	0	1	0	0
0.5	20	0.05	823	500	500	0	0	1	0	0
0.5	20	0.05	824	500	500	0	0	1	0	0
0.5	20	0.05	825	500	500	0	0	1	0	0
0.5	20	0.05	826	500	500	0	0	1	0	0
0.5	20	0.05	827	500	500	0	0	1	0	0
0.5	20	0.05	828	500	500	0	0	1	0	0
0.5	20	0.05	829	500	500	0	0	1	0	0
0.5	20	0.05	830	500	500	0	0	1	0	0
0.5	20	0.05	831	500	500	0	0	1	0	0
0.5	20	0.05	832	500	500	0	0	1	0	0
0.5	20	0.05	833	500	500	0	0	1	0	0
0.5	20	0.05	834	500	500	0	0	1	0	0
0.5	20	0.05	835	500	500	0	0	1	0	0
0.5	20	0.05	836	500	500	0	0	1	0	0
0.5	20	0.05	837	500	500	0	0	1	0	0
0.5	20	0.05	838	500	500	0	0	1	0	0
0.5	20	0.05	839	500	500	0	0	1	0	0
0.5	20	0.05	840	500	500	0	0	1	0	0
0.5	20	0.05	841	500	500	0	0	1	0	0
0.5	20	0.05	842	500	500	0	0	1	0	0
0.5	20	0.05	843	500	500	0	0	1	0	0
0.5	20	0.05	844	500	500	0	0	1	0	0
0.5	20	0.05	845	500	500	0	0	1	0	0
0.5	20	0.05	846	500	500	0	0	1	0	0
0.5	20	0.05	847	500	499	0	1	0.998	0	0.002
0.5	20	0.05	848	500	500	0	0	1	0	0
0.5	20	0.05	849	500	500	0	0	1	0	0
0.5	20	0.05	850	500	500	0	0	1	0	0
0.5	20	0.05	851	500	500	0	0	1	0	0
0.5	20	0.05	852	500	500	0	0	1	0	0
0.5	20	0.05	853	500	500	0	0	1	0	0
0.5	20	0.05	854	500	500	0	0	1	0	0
0.5	20	0.05	855	500	500	0	0	1	0	0
0.5	20	0.05	856	500	500	0	0	1	0	0
0.5	20	0.05	857	500	500	0	0	1	0	0
0.5	20	0.05	858	500	500	0	0	1	0	0
0.5	20	0.05	859	500	500	0	0	1	0	0
0.5	20	0.05	860	500	500	0	0	1	0	0
0.5	20	0.05	861	500	500	0	0	1	0	0
0.5	20	0.05	862	500	500	0	0	1	0	0
0.5	20	0.05	863	500	500	0	0	1	0	0
0.5	20	0.05	864	500	500	0	0	1	0	0
0.5	20	0.05	865	500	500	0	0	1	0	0
0.5	20	0.05	866	500	500	0	0	1	0	0
0.5	20	0.05	867	500	500	0	0	1	0	0
0.5	20	0.05	868	500	500	0	0	1	0	0
0.5	20	0.05	869	500	500	0	0	1	0	0
0.5	20	0.05	870	500	500	0	0	1	0	0
0.5	20	0.05	871	500	500	0	0	1	0	0
0.5	20	0.05	872	500	500	0	0	1	0	0
0.5	20	0.05	873	500	500	0	0	1	0	0
0.5	20	0.05	874	500	500	0	0	1	0	0
0.5	20	0.05	875	500	500	0	0	1	0	0
0.5	20	0.05	876	500	500	0	0	1	0	0
0.5	20	0.05	877	500	500	0	0	1	0	0
0.5	20	0.05	878	500	500	0	0	1	0	0
0.5	20	0.05	879	500	500	0	0	1	0	0
0.5	20	0.05	880	500	500	0	0	1	0	0
0.5	20	0.05	881	500	500	0	0	1	0	0
0.5	20	0.05	882	500	500	0	0	1	0	0
0.5	20	0.05	883	500	500	0	0	1	0	0
0.5	20	0.05	884	500	500	0	0	1	0	0
0.5	20	0.05	885	500	500	0	0	1	0	0
0.5	20	0.05	886	500	500	0	0	1	0	0
0.5	20	0.05	887	500	500	0	0	1	0	0
0.5	20	0.05	888	500	500	0	0	1	0	0
0.5	20	0.05	889	500	500	0	0	1	0	0
0.5	20	0.05	890	500	500	0	0	1	0	0
0.5	20	0.05	891	500	500	0	0	1	0	0
0.5	20	0.05	892	500	500	0	0	1	0	0
0.5	20	0.05	893	500	500	0	0	1	0	0
0.5	20	0.05	894	500	500	0	0	1	0	0
0.5	20	0.05	895	500	500	0	0	1	0	0
0.5	20	0.05	896	500	500	0	0	1	0	0
0.5	20	0.05	897	500	500	0	0	1	0	0
0.5	20	0.05	898	500	500	0	0	1	0	0
0.5	20	0.05	899	500	500	0	0	1	0	0
0.5	20	0.05	900	500	500	0	0	1	0	0
0.5	20	0.05	901	500	500	0	0	1	0	0
0.5	20	0.05	902	500	500	0	0	1	0	0
0.5	20	0.05	903	500	500	0	0	1	0	0
0.5	20	0.05	904	500	500	0	0	1	0	0
0.5	20	0.05	905	500	500	0	0	1	0	0
0.5	20	0.05	906	500	500	0	0	1	0	0
0.5	20	0.05	907	500	500	0	0	1	0	0
0.5	20	0.05	908	500	500	0	0	1	0	0
0.5	20	0.05	909	500	500	0	0	1	0	0
0.5	20	0.05	910	500	500	0	0	1	0	0
0.5	20	0.05	911	500	500	0	0	1	0	0
0.5	20	0.05	912	500	500	0	0	1	0	0
0.5	20	0.05	913	500	500	0	0	1	0	0
0.5	20	0.05	914	500	500	0	0	1	0	0
0.5	20	0.05	915	500	500	0	0	1	0	0
0.5	20	0.05	916	500	500	0	0	1	0	0
0.5	20	0.05	917	500	500	0	0	1	0	0
0.5	20	0.05	918	500	500	0	0	1	0	0
0.5	20	0.05	919	500	500	0	0	1	0	0
0.5	20	0.05	920	500	500	0	0	1	0	0
0.5	20	0.05	921	500	500	0	0	1	0	0
0.5	20	0.05	922	500	500	0	0	1	0	0
0.5	20	0.05	923	500	500	0	0	1	0	0
0.5	20	0.05	924	500	500	0	0	1	0	0
0.5	20	0.05	925	500	500	0	0	1	0	0
0.5	20	0.05	926	500	500	0	0	1	0	0
0.5	20	0.05	927	500	500	0	0	1	0	0
0.5	20	0.05	928	500	499	0	1	0.998	0	0.002
0.5	20	0.05	929	500	500	0	0	1	0	0
0.5	20	0.05	930	500	500	0	0	1	0	0
0.5	20	0.05	931	500	500	0	0	1	0	0
0.5	20	0.05	932	500	500	0	0	1	0	0
0.5	20	0.05	933	500	500	0	0	1	0	0
0.5	20	0.05	934	500	500	0	0	1	0	0
0.5	20	0.05	935	500	500	0	0	1	0	0
0.5	20	0.05	936	500	500	0	0	1	0	0
0.5	20	0.05	937	500	500	0	0	1	0	0
0.5	20	0.05	938	500	500	0	0	1	0	0
0.5	20	0.05	939	500	500	0	0	1	0	0
0.5	20	0.05	940	500	500	0	0	1	0	0
0.5	20	0.05	941	500	500	0	0	1	0	0
0.5	20	0.05	942	500	500	0	0	1	0	0
0.5	20	0.05	943	500	500	0	0	1	0	0
0.5	20	0.05	944	500	500	0	0	1	0	0
0.5	20	0.05	945	500	500	0	0	1	0	0
0.5	20	0.05	946	500	500	0	0	1	0	0
0.5	20	0.05	947	500	500	0	0	1	0	0
0.5	20	0.05	948	500	500	0	0	1	0	0
0.5	20	0.05	949	500	500	0	0	1	0	0
0.5	20	0.05	950	500	500	0	0	1	0	0
0.5	20	0.05	951	500	500	0	0	1	0	0
0.5	20	0.05	952	500	500	0	0	1	0	0
0.5	20	0.05	953	500	500	0	0	1	0	0
0.5	20	0.05	954	500	500	0	0	1	0	0
0.5	20	0.05	955	500	500	0	0	1	0	0
0.5	20	0.05	956	500	500	0	0	1	0	0
0.5	20	0.05	957	500	500	0	0	1	0	0
0.5	20	0.05	958	500	500	0	0	1	0	0
0.5	20	0.05	959	500	500	0	0	1	0	0
0.5	20	0.05	960	500	500	0	0	1	0	0
0.5	20	0.05	961	500	500	0	0	1	0	0
0.5	20	0.05	962	500	500	0	0	1	0	0
0.5	20	0.05	963	500	500	0	0	1	0	0
0.5	20	0.05	964	500	500	0	0	1	0	0
0.5	20	0.05	965	500	500	0	0	1	0	0
0.5	20	0.05	966	500	500	0	0	1	0	0
0.5	20	0.05	967	500	500	0	0	1	0	0
0.5	20	0.05	968	500	500	0	0	1	0	0
0.5	20	0.05	969	500	500	0	0	1	0	0
0.5	20	0.05	970	500	500	0	0	1	0	0
0.5	20	0.05	971	500	500	0	0	1	0	0
0.5	20	0.05	972	500	500	0	0	1	0	0
0.5	20	0.05	973	500	500	0	0	1	0	0
0.5	20	0.05	974	500	500	0	0	1	0	0
0.5	20	0.05	975	500	500	0	0	1	0	0
0.5	20	0.05	976	500	500	0	0	1	0	0
0.5	20	0.05	977	500	500	0	0	1	0	0
0.5	20	0.05	978	500	500	0	0	1	0	0
0.5	20	0.05	979	500	500	0	0	1	0	0
0.5	20	0.05	980	500	500	0	0	1	0	0
0.5	20	0.05	981	500	500	0	0	1	0	0
0.5	20	0.05	982	500	500	0	0	1	0	0
0.5	20	0.05	983	500	500	0	0	1	0	0
0.5	20	0.05	984	500	500	0	0	1	0	0
0.5	20	0.05	985	500	500	0	0	1	0	0
0.5	20	0.05	986	500	500	0	0	1	0	0
0.5	20	0.05	987	500	500	0	0	1	0	0
0.5	20	0.05	988	500	500	0	0	1	0	0
0.5	20	0.05	989	500	500	0	0	1	0	0
0.5	20	0.05	990	500	500	0	0	1	0	0
0.5	20	0.05	991	500	500	0	0	1	0	0
0.5	20	0.05	992	500	500	0	0	1	0	0
0.5	20	0.05	993	500	500	0	0	1	0	0
0.5	20	0.05	994	500	500	0	0	1	0	0
0.5	20	0.05	995	500	500	0	0	1	0	0
0.5	20	0.05	996	500	500	0	0	1	0	0
0.5	20	0.05	997	500	500	0	0	1	0	0
0.5	20	0.05	998	500	500	0	0	1	0	0
0.5	20	0.05	999	500	500	0	0	1	0	0
0.5	20	0.05	1000	500	500	0	0	1	0	0
